序号,题目类型,题目模态,题目,生成回复内容,人工审核结果
1,产教融合垂类问题,文本,'1+N+X'产教融合协同育人模式的具体构建要素有哪些？请结合天津大学的实践进行说明。,'1+N+X'模式以储能科学与工程专业为主体'1'，校内各优势学科为支撑'N'，联合储能行业龙头企业'X'，通过三个核心要素构建：1）深化校企合作，围绕国家'双碳'目标，依托国家储能技术产教融合创新平台强化与科研机构、科技领军企业的合作；2）共建实习实训基地，形成'数据共享、能力共建、人才共培、基地共用'的产教融合新局面；3）加强企业导师队伍建设，通过'企业导师进课堂'等活动提升人才培养与行业需求的契合度。天津大学通过本硕博贯通培养、企业实习和项目制实践教学实现该模式落地。,
2,产教融合垂类问题,文本,针对储能领域人才短缺问题，天津大学在本科生企业实习环节采取了哪些创新举措？,天津大学在储能专业本科生培养中设置'企业实习'必修环节，学生本科阶段有2次机会前往储能领域领军企业开展暑期带薪实习（每次约1.5个月）。创新举措包括：1）学校与企业联合量身定制实习岗位，如储能系统集成工程师、电池测试工程师等；2）采用沉浸式、体验式、互动式实习形式，让学生深度参与企业生产实践；3）通过早实践、多实践、高水平实践，打通从理论到实践的'最后一公里'，提升学生解决实际问题的能力。,
3,产教融合垂类问题,文本,为高职院校设计一份推进产教融合年度工作方案，需包含校企共建基地和双师型队伍建设两个重点。,高职院校产教融合年度工作方案：1）校企共建实习实训基地：与储能领域龙头企业合作，建设'储能技术产教融合创新示范基地'，聚焦本科生实习实训、企业职工技能提升，形成系统培训课程体系，开发5-8个专项实践岗位；2）双师型队伍建设：每年选派10名专业教师到企业挂职锻炼，聘请8名企业技术骨干担任兼职教师，开展'企业导师进课堂'活动，共同开发3-5门项目化课程；3）建立'双师型'教师考核激励机制，将企业实践经历作为职称评审重要参考。,
4,产教融合垂类问题,文本,提到储能专业人才培养面临哪些主要挑战？'1+N+X'模式如何应对这些挑战？,储能专业人才培养的主要挑战包括：1）学科交叉性强，需融合动力工程、化学工程、电气工程等多学科知识；2）产业人才缺口大，2030年预计需求65.74万人，现有培养体系难以支撑；3）实践教学不足，学生解决实际问题能力薄弱。'1+N+X'模式通过以下方式应对：1）以'1'（储能专业）为核心，整合'N'（校内多学科）资源，打破学科壁垒；2）联合'X'（龙头企业）共建实训基地，提供高水平实践机会；3）通过企业导师参与课程设计和实践教学，强化产学研用融合，培养复合型技术人才。,
5,产教融合垂类问题,文本,根据《关于深化产教融合的若干意见》文件，国家层面提出的产教融合战略目标是什么？,根据《关于深化产教融合的若干意见》（2017年），国家层面提出的产教融合战略目标是：深化产教融合，促进教育链与产业链有机衔接，推进人力资源供给侧结构性改革。这与习近平总书记强调的'教育要同生产劳动和社会实践相结合'的党的教育方针具有高度一致性。,
6,产教融合垂类问题,文本,上海工程技术大学在产教融合中提出的'三协同八融合'人才培养体系具体包含哪些内容？,上海工程技术大学提出的'三协同八融合'人才培养体系中：'三协同'指协同办学、协同育人、协同创新；'八融合'指从培养方案、课程体系、教材建设、实践基地、实习实训、师资队伍、运行管理、质量评价八个方面将产教融合有机融入人才培养全过程，全面深化产教融合机制建设。,
7,产教融合垂类问题,文本,作为一所地方应用型高校，如何构建'专微融合'人才培养机制来提升产教融合水平？,构建'专微融合'人才培养机制的具体路径包括：1) 专业教育由学校主导实施，'微专业''微课程'由行业龙头企业或专精特新企业主导建设；2) 通过'专+微'复合技术能力精准对接岗位需求，将真实产业案例、企业项目融入教学；3) 打破学科壁垒，微专业向全校开放选修，形成'主专业+多微专业'的个性化培养路径；4) 通过'宽基础+精技术'的复合能力培养，解决人才供给侧与需求侧矛盾，实现人才培养与产业发展的'耦合'与深度融合。,
8,产教融合垂类问题,文本,产教融合背景下，高校如何打造'双师型'师资队伍以提升工程教育质量？,打造'双师型'师资队伍的具体措施包括：1) 建立校企人才双向流动、人员互聘机制；2) 在校外推进与大中型企业合作建设'双师型'教师培训基地；3) 将参与企业研发、教学实践作为教师考评的重要指标；4) 有计划地派遣相关专任教师到行业企业挂职工作和实践锻炼；5) 开展校企联合授课，打造高水平教学团队，着力提升教师的工程实践能力。,
9,产教融合垂类问题,文本,现代产业学院在深化产教融合中发挥什么作用？其建设要点有哪些？,现代产业学院在深化产教融合中的作用是：成为高校人才培养、科学研究、社会服务的组织创新和机制改革的重要平台，推动教学、科研与培训的互动融合，形成信息、人才、技术与资源校企共享机制。其建设要点包括：1) 建立紧密对接产业链、创新链的学科专业体系；2) 建设特色鲜明、引领示范的现代产业学院；3) 形成切实可行的校企深度合作实施方案；4) 推动教学、科研与培训的互动融合；5) 建立校企资源共享机制。如上海工程技术大学的'城市轨道交通现代产业学院''5G+人工智能产业学院'获评上海市现代产业学院。,
10,产教融合垂类问题,文本,2017年国务院办公厅发布的《关于深化产教融合的若干意见》中，深化产教融合的核心目标是什么？,《国务院办公厅关于深化产教融合的若干意见》的核心目标是促进教育链、人才链与产业链、创新链有机衔接，健全高等教育学术人才和应用人才分类培养体系，提高应用型人才培养比重。,
11,产教融合垂类问题,文本,提到的“卓越工程师教育培养计划”的实施时间及主要特点是什么？,“卓越工程师教育培养计划”于2010年启动实施，由教育部启动，以深度产教融合为基本特征，旨在服务国家重大战略需求、培养创新型人才。,
12,产教融合垂类问题,文本,新时代对行业特色高校深化“产教融合”人才培养提出了哪些方面的具体要求？,新时代对行业特色高校深化“产教融合”人才培养提出了对教育主体“多元化”、教育客体“创新性”、教育内容“实践化”、教育评价“成效化”的四个方面的新要求。,
13,产教融合垂类问题,文本,北科大在建设“一生双师百企千人”卓越工程人才培养模式改革过程中，形成的“234”模式具体指什么？,北科大形成的“234”模式是指：推动导师梯队建设同企业人才培养基地建设的“2 个结合”，实现学生在企业生产一线增长才干，老师到企业一线提升教育教学能力、科技创新能力和社会服务能力以及学校和企业协同开展科技攻关的“3 个统一”，实现学校人才培养能力和质量提升、教师队伍实力和教学科研能力提升、学校科技创新能力和办学资源提升、行业贡献力和社会服务能力提升的“4 个提升”。,
14,产教融合垂类问题,文本,在推进产教融合的教育评价改革中，应如何引入多元主体参与，并实现评价的科学性和可量化？,在推进产教融合的教育评价改革中，应引入行业协会、领头企业、第三方公司等主体，将高校、企业等多元主体对创新型、应用型人才的要求融入人才培养过程，并设计社会需求侧数据、学习成果侧数据获取、建模量化分析等路径，对产教融合人才培养过程、培养成效开展评价，动态调整推动人才培养目标社会化、人才培养课程体系化、人才培养效果可量化。,
15,产教融合垂类问题,文本,根据《国家产教融合建设试点实施方案》，试点布局的产教融合型城市数量是多少？,根据《国家产教融合建设试点实施方案》，通过5年左右的努力，试点布局50个左右产教融合型城市。,
16,产教融合垂类问题,文本,产教融合型企业制度的核心目标是什么？,产教融合型企业制度的核心目标是建立组合式激励政策体系，在全国建设培育1万家以上的产教融合型企业，促进教育链、人才链与产业链、创新链有机衔接。,
17,产教融合垂类问题,文本,如何推进高等教育产教融合创新机制？,推进高等教育产教融合创新机制需健全以企业为重要主导、高校为重要支撑、产业关键核心技术攻关为中心任务的机制，支持高职院校、应用型本科高校、“双一流”建设高校等各类院校积极服务、深度融入区域和产业发展。,
18,产教融合垂类问题,文本,试点城市在产教融合中需承担哪些主体责任？,试点城市需坚持党委领导、政府主导，落实主体责任，编制改革问题清单、政策清单，将试点任务分解到位、落实到事、责任到人，并推进产教融合创新平台建设。,
19,产教融合垂类问题,文本,请为一家企业设计参与产教融合项目的操作步骤，依据《实施方案》内容。,1. 确认企业是否符合产教融合型企业标准；2. 申请纳入产教融合型企业培育名单；3. 与高校、职业院校开展校企合作，共同制定人才培养方案；4. 探索工学交替模式，支持在岗职工接受高等职业教育；5. 参与产教融合创新平台建设，推动产业关键核心技术攻关；6. 享受组合投融资和财政等政策激励。,
20,产教融合垂类问题,文本,国家《职业教育产教融合赋能提升行动实施方案（2023-2025年）》中提出的产教融合型企业建设目标是什么？,根据《方案》，国家计划建设培育1万家产教融合型企业，并健全完善产教融合型企业制度和组合式激励政策体系。这一目标延续了《国家产教融合建设试点实施方案》提出的1万家企业目标，但进一步提出了更高的制度建设和政策激励要求。,
21,产教融合垂类问题,文本,企业参与职业教育产教融合可以享受哪些'五位一体'政策激励措施？,企业参与职业教育产教融合可享受'金融+投资+财税+土地+信用'五位一体政策激励。具体包括：金融方面有保险机构开发的产教融合相关保险产品；投资方面高职院校和应用型本科院校每所支持额度不超过8000万元，中职院校不超过3000万元；财税方面企业兴办职业教育符合条件的投资可按30%比例抵免当年应缴教育费附加和地方教育附加；土地方面企业投资职业学校用地按教育用地管理，符合规定可通过划拨方式供地；信用方面对信用好的产教融合型企业给予奖励或便利。,
22,产教融合垂类问题,文本,如何解决中小微企业参与产教融合能力不足的问题？,针对中小微企业参与产教融合能力不足的问题，《方案》提出创新搭建产教融合平台载体。具体措施包括：支持有条件的产业园区和职业院校、普通高校合作举办混合所有制分校或产业学院；打造以产业园区为基础的市域产教融合联合体，将产教融合作为园区服务功能；支持产教融合新型载体与科研院所共建重点实验室、工程研究中心等创新平台，服务中小微企业技术升级和产品研发；打造行业产教融合共同体，发挥职教集团、市域产教融合联合体等第三方机构作用。,
23,产教融合垂类问题,文本,高职院校如何深化产教融合校企合作，提升人才培养质量？,高职院校可从以下方面深化产教融合校企合作：一是夯实发展基础，积极参与'十四五'教育强国推进工程职业教育产教融合项目，争取中央预算内资金支持建设实训基地；二是以市场为导向结合国家战略需求完善专业设置；三是引导企业深度参与专业规划、教材开发、教学设计、课程设置等培养内容；四是实行校企联合招生、委托培养、订单培养和学徒制培养等培养方式；五是探索职业学校股份制、混合所有制改革，允许企业以资本、技术、管理等要素依法参与办学并享有相应权利。,
24,产教融合垂类问题,文本,国家推进产教融合试点建设的具体目标有哪些？,国家推进产教融合试点建设的具体目标包括：打造50个产教融合试点城市，启动第二批30个左右国家产教融合试点城市遴选；建设100个高水平、专业化、开放型产教融合实训基地，重点在重点产业领域布局；实施200个'十四五'教育强国推进工程职业教育产教融合项目；培育10000个产教融合型企业。通过这些试点建设，充分发挥突破和引导带动作用，总结提炼成功经验并复制推广，推进产教融合走向深入。,
25,产教融合垂类问题,文本,根据国家发展改革委《国家产教融合建设试点实施方案》，请阐述深化产教融合的战略意义。,深化产教融合是推动教育优先发展、人才引领发展、产业创新发展、经济高质量发展相互贯通、相互协同、相互促进的战略性举措。其核心在于促进教育链、人才链与产业链、创新链的有机衔接，以实现各领域协同发展。,
26,产教融合垂类问题,文本,国家产教融合建设试点方案中，省级政府和试点城市在开展试点工作时，应重点聚焦哪些任务？,省级政府和试点城市在开展试点工作时，应重点聚焦完善发展规划和资源布局、推进人才培养改革、降低制度性交易成本、创新重大平台载体建设、探索体制机制创新等任务。,
27,产教融合垂类问题,文本,根据该方案，如何理解“产教融合型城市”的建设？请说明试点城市的推荐流程。,“产教融合型城市”建设强调城市在产教融合中的承载作用，旨在通过制度和模式创新，促进区域内产业、教育、人才的深度融合。试点城市的推荐流程为：省级政府推荐一个试点城市，直辖市推荐一个市辖区或国家级新区作为试点核心区，计划单列市整体纳入试点，并需提交试点城市建设方案、改革问题清单和政策清单，报国家发展改革委、教育部。,
28,产教融合垂类问题,文本,对于尚未入选国家产教融合型城市的地区，有何建议？,该方案建议各地可按《实施方案》要求，自行同步开展省域内试点城市建设培育工作，并认真做好省域内开展产教融合型行业、企业试点工作的组织实施和协调推进，为后续向全国推广奠定基础。,
29,产教融合垂类问题,文本,简述国家产教融合建设试点方案对产教融合的指导思想。,国家产教融合建设试点方案的指导思想是坚持问题导向、改革先行，充分发挥城市承载、行业聚合、企业主体作用。强调通过试点探索产教融合的制度和模式创新，以解决当前教育链、人才链与产业链、创新链脱节的问题。,
30,产教融合垂类问题,文本,根据《教育强国建设规划纲要(2024—2035年)》，如何理解产教融合在职业教育体系中的战略定位？,产教融合是职业教育体系的核心战略，旨在通过校企深度合作，构建多元办学新形态。规划纲要明确提出要‘塑造多元办学、产教融合新形态’，通过建强市域产教联合体、行业产教融合共同体，优化职业教育布局与产业衔接。同时，产教融合强调‘德技并修、工学结合’的育人机制，在产业一线培养大国工匠，推动职业教育与区域经济发展需求精准对接。,
31,产教融合垂类问题,文本,规划纲要中提出的‘双师型’教师队伍建设具体包含哪些措施？,规划纲要要求‘完善高水平职业教育教师培养培训和企业实践制度，提升双师型教师队伍建设水平’。具体措施包括：1) 健全教师教育体系，扩大国家优秀中小学教师培养计划；2) 推动高水平大学开展教师教育，提高师范教育质量；3) 强化职业学校教师的企业实践经历，鼓励企业高技能人才与教师互聘兼职；4) 建立国家、省、市、县、校分级研训体系，提升教师专业素质能力。,
32,产教融合垂类问题,文本,如何设计一份基于产教融合的职业教育年度工作方案？,方案设计需围绕以下核心要素：1) 主体协同：联合地方政府、行业协会、头部企业组建市域产教联合体；2) 专业对接：根据区域产业需求动态调整专业设置，建设集实践教学、真实生产、技术服务于一体的实习实训基地；3) 机制创新：推行‘工学交替’培养模式，落实‘新八级工’制度，提升技能人才待遇；4) 资源保障：争取财政专项经费支持，优化‘双师型’教师配置；5) 质量监测：建立就业质量跟踪反馈机制，强化产教融合成效评价。,
33,产教融合垂类问题,文本,规划纲要中关于‘职普融通’的政策内涵及实施路径是什么？,职普融通的政策内涵是打破职业教育与普通教育壁垒，构建终身学习体系。实施路径包括：1) 基础教育阶段：在中小学开展职业启蒙教育和劳动教育；2) 中职与高中阶段：推动中等职业教育与普通高中教育融合发展；3) 中高职衔接：加强优质中职与高职的贯通培养；4) 本科延伸：鼓励应用型本科举办职业技术学院或职业技术专业；5) 考试改革：优化职教高考内容，畅通技能人才成长通道。,
34,产教融合垂类问题,文本,如何理解‘产教融合型企业’在职业教育中的作用？,产教融合型企业是深化产教融合的关键载体，其作用体现在：1) 办学主体：鼓励企业举办或参与职业教育，推动校企在办学、育人、就业等方面深度合作；2) 资源供给：提供真实生产场景、技术设备和师资支持，共建实习实训基地；3) 人才共育：参与人才培养方案制定，实施‘订单式’培养；4) 成果转化：促进校企联合研发和技术转移，推动科技成果转化落地；5) 政策激励：享受财税优惠、融资支持等政策红利，形成良性发展循环。,
35,产教融合垂类问题,文本,《关于深化现代职业教育体系建设改革的意见》中提出的产教融合三大战略任务是什么？,《关于深化现代职业教育体系建设改革的意见》提出的三大战略任务是：1）打造市域产教联合体；2）打造行业产教融合共同体；3）建设开放型区域产教融合实践中心。这些任务旨在推动形成同市场需求相适应、同产业结构相匹配的现代职业教育结构和区域布局。,
36,产教融合垂类问题,文本,如何解决产教融合中存在的'校热企冷'问题？请从产业协同驱动的角度提出具体措施。,解决'校热企冷'问题需构建'1+4'全方位协作机制：1）重构组织体系，支持跨协会、跨联盟、跨区域的产教融合组织创新；2）重塑内容体系，以实践为导向创新产教融合内容，推动企业深度参与专业规划、教材开发等；3）重建方法体系，全面推行现代学徒制和企业新型学徒制；4）创新产教融合模式，建立集人才培养、团队建设、大师培育于一体的发展模式，纵深推进产业链和人才链深度融合。,
37,产教融合垂类问题,文本,数字技术如何赋能产教融合发展？请列举具体应用场景及实施路径。,数字技术赋能产教融合主要通过构筑'1+3'平台型组织生态：1）核心是构建'虚拟仿真实训平台'，结合行业需求设计虚拟场景，提升学生动手能力；2）辅助构建三个平台：'创新发展平台'（协同开展人才培养、科技创新）、'资源共享平台'（集成优质课程资源）、'合作服务平台'（提供金融支持）。实施路径包括：应用虚拟现实、人工智能、数字孪生等技术，开发3D课程资源，打破专业限制，重构知识图谱，形成灵活开放的产教融合组织模式。,
38,产教融合垂类问题,文本,产教融合型企业可以享受哪些政策激励？地方政府应如何完善配套措施？,产教融合型企业可享受'土地+财政+税收'组合式激励政策，具体包括：1）金融支持（加大信贷力度）；2）财政优惠（专项资金支持）；3）土地保障（优先供应建设用地）；4）信用激励（纳入企业信用评价）。地方政府应完善配套措施：1）动态调整'金融+财政+土地+信用'组合式激励；2）建立省级多部门协调机制（发改委、教育厅、科技厅等）；3）出台符合区域特色的产教融合指导性文件；4）优化政府统筹管理、行业企业积极举办、社会力量深度参与的产教融合发展体制。,
39,产教融合垂类问题,文本,市域产教联合体的建设需要哪些主体参与？各主体应承担哪些职责？,市域产教联合体需构建'1+5'融合式市际合作机制，参与主体及职责包括：1）政府：完善政策制度，建立多元协同保障体系，明确权责义务，构建跨市协商机制；2）院校：对接产业需求改革人才培养模式，整合行业资源打造育人共同体；3）行业：主导建立协同推进机制，促进人才与产业对接，发挥头部企业带动作用；4）企业：主动融入联合体建设，加大资源投入，创新合作模式，构建融实践教学、技术研发、创新创业于一体的实训基地；5）机构（税务、金融、科研等）：提供金融及技术支持，打造高效政务环境。,
40,产教融合垂类问题,文本,根据国家政策导向，请阐述深化产教融合对于提升职业教育人才培养质量的核心意义。,产教融合是职业教育的本质特征，深化产教融合旨在通过促进专业与产业、企业、岗位对接，创新人才培养模式，培养高技能人才、能工巧匠、大国工匠，以服务现代产业体系建设。其核心意义在于打破职业教育与产业脱节的现状，实现人才培养与产业发展需求的精准匹配，从而显著提升职业教育的人才培养质量和就业竞争力。,
41,产教融合垂类问题,文本,请详细描述现代产业学院在产教融合中的作用机制，并列举其主要建设内容。,现代产业学院是产教融合的重要载体，其作用机制是通过整合学校、企业、研究机构等多方资源，构建校企合作共同治理的教育共同体。主要建设内容包括：共建专业、共设课程、共办实训基地、共育师资队伍、共推产学研合作，最终实现人才培养、技术创新、成果转化和产业升级的协同发展。,
42,产教融合垂类问题,文本,如何理解“双师型”教师队伍建设在产教融合中的关键作用？请从教师的资质和能力两方面进行阐述。,“双师型”教师队伍建设是产教融合的核心要素。“双师”指的是既有扎实的教学理论功底，又具备丰富的实践经验和职业技能。从资质方面看，教师应具备相应的职业资格证书和行业认证；从能力方面看，教师应能够将最新的产业技术和实践经验融入教学内容，指导学生进行实际操作，并具备解决实际问题的能力。,
43,产教融合垂类问题,文本,针对高职院校产教融合发展中存在的“校热企冷”问题，请提出三条可行的改进策略。,针对“校热企冷”问题，可行的改进策略包括：1. 建立利益联结机制，通过项目合作、技术服务、成果转化等方式，让企业从产教融合中获得实际利益；2. 完善企业参与评价机制，充分听取企业对人才培养方案和教学质量的意见，并将其纳入学校的考核体系；3. 创新合作模式，鼓励企业深度参与课程开发、实训基地建设和师资培训，实现校企深度融合。,
44,产教融合垂类问题,文本,简述如何构建高职教育产教融合质量评价指标体系，并说明其评价目的。,构建高职教育产教融合质量评价指标体系应从投入和产出两个维度进行考量。投入指标包括体制机制、专业建设、课程建设、实训基地建设、“双师”队伍建设等；产出指标包括人才培养成效、服务企业成效等。评价目的在于全要素监测并剖析产教融合质量，促进教育供给与人才需求相平衡，实现不同利益相关者的共赢。,
45,产教融合垂类问题,文本,根据国家政策导向，请阐述现代产业学院在产教融合体系中扮演的角色，并分析其混合所有制运营模式的优势与挑战。,现代产业学院是国家大力倡导的产教融合重要载体，旨在以区域产业经济为纽带、以龙头企业人才需求为导向，建立校企双主导、共建共管共享的创新平台。其核心角色在于打破传统教育与产业发展的壁垒，实现人才培养与产业需求的高度匹配。混合所有制运营模式的优势在于能够引入市场机制，提高资源配置效率，增强学院的自主性和活力，并促进校企双方利益共享。然而，也面临着产权界定、利益分配、管理体制等方面的挑战，需要政府、学校和企业共同探索和完善相关制度，确保学院健康可持续发展。,
46,产教融合垂类问题,文本,请解释中国特色学徒制的核心特征，并结合案例分析，说明其在解决产业人才供需结构性矛盾中的作用。,中国特色学徒制是一种多元化的育人模式，其核心特征在于校企深度合作，以企业为主要教学场所，注重实践技能培养，强调理论与实践的融合。它不同于传统的学徒制，而是结合了现代职业教育的理念和方法。案例显示，广西交通职业技术学院通过“多元•服务•共享”的教学工场新品牌，实施“集团化、集群化、多样化”现代学徒制，有效解决了产业转型升级带来的人才供需结构性矛盾，提升了人才培养质量和服务产业发展能力。,
47,产教融合垂类问题,文本,针对当前产教融合中“校企融合利益平衡机制亟待健全”的问题，请提出至少三项具体的政策建议，以鼓励企业更积极地参与产教融合。,为健全校企融合利益平衡机制，建议：1. 建立产教融合专项财政补贴机制，对积极参与产教融合的企业提供资金支持，降低其参与成本。2. 完善税收优惠政策，对企业为职业院校提供实习基地、师资培训等支持的行为给予税收减免。3. 建立校企合作成果共享机制，明确校企双方在知识产权、技术成果转化等方面的权益，确保企业能够从产教融合中获得合理回报。4. 建立企业参与产教融合的信用评价体系，将参与程度纳入企业社会责任评价，提升企业品牌形象。,
48,产教融合垂类问题,文本,请分析提到的“产教融合生态型发展”的内涵，并阐述其与传统产教融合模式的区别与优势。,产教融合生态型发展是指将政府、行业、企业等诸多要素纳入一个开放复合的外生态系统，同时在职业院校内部构建“育培研”融合发展的内生态系统。它区别于传统的“项目服务型”和“平台合作型”模式，不再局限于具体的项目或平台，而是构建一个更加系统、全面、可持续的融合体系。其优势在于能够实现资源共享、协同创新、优势互补，形成交融互嵌、协同共生、开放迭代的生态系统，从而更好地促进教育链、人才链与产业链、创新链的有机衔接。,
49,产教融合垂类问题,文本,为一所希望提升产教融合水平的高职院校设计一份包含三个核心目标的年度工作计划，并针对每个目标提出至少两项具体措施。,"**年度工作计划：提升产教融合水平**
**目标一：深化校企合作，构建多元合作模式**
   * 措施1：成立校企合作理事会，定期召开会议，沟通合作需求，解决合作问题。
   * 措施2：积极引进行业企业参与课程开发、教学实践和人才培养方案制定。
**目标二：优化专业结构，对接产业发展需求**
   * 措施1：开展产业调研，分析区域产业发展趋势和人才需求，动态调整专业设置。
   * 措施2：建设现代产业学院，聚焦重点产业领域，培养高素质技术技能人才。
**目标三：提升教师队伍素质，打造双师型教师队伍**
   * 措施1：组织教师到企业实践锻炼，了解产业发展动态，提升实践能力。
   * 措施2：引进企业技术专家担任兼职教师，开展技术培训和指导。",
50,产教融合垂类问题,文本,根据国家产教融合试点城市的经验，请概述广州市在推动产教融合方面采取的关键举措，并分析这些举措对提升职业教育质量和支撑产业发展的具体作用。,广州市作为首批国家产教融合试点城市，主要采取了以下关键举措：一是顶层设计，制定《广州市建设产教融合城市试点方案》，构建“一轴三区多支点”的空间布局；二是政策引导，积极培育国家产教融合型企业，并建立产教融合行业协会；三是校企合作，大力推进校企共建特色专业学院、实训基地和职业教育集团；四是专业优化，根据产业需求调整专业结构，增设新兴专业，并对接重点产业链。这些举措通过构建政府、学校、企业协同创新机制，促进了人才培养与产业需求的精准对接，提升了职业教育的适应性和针对性，为广州“产业第一、制造业立市”提供了坚实的人才支撑。,
51,产教融合垂类问题,文本,请解释“双高计划”在提升广州职业教育水平中的作用，分析广州市在“双高计划”建设方面取得的进展。,“双高计划”（即高水平专业建设群和高水平校企合作）是国家提升职业教育质量的重要战略，旨在通过聚焦优势专业和深化校企合作，打造一批具有较强竞争力的高水平职业院校。在广州，2所高职院校纳入国家“双高计划”建设单位，5所院校纳入省高水平高职院校，10所市属中职学校入围广东省高水平中职学校建设单位，表明广州市高度重视“双高计划”建设，并取得了显著进展，这些院校的建设有助于提升广州职业教育的整体水平，培养更多适应产业发展的高素质技术技能人才。,
52,产教融合垂类问题,文本,广州市在促进产教融合中，如何解决“校热企冷”的困境？分析其采取的具体措施和取得的效果。,广州市通过多种措施积极扭转“校热企冷”的局面。具体措施包括：一是建立“政府搭台、院校参与、企业推进”的产教融合协调工作机制；二是引导校企共建师资队伍，共同制定人才培养方案、教材和课程；三是探索“订单班”模式，与企业建立稳定的校企合作命运共同体；四是建设智能制造技术实训示范基地，吸引企业积极投入。这些措施有效激发了企业参与产教融合的积极性，推动了校企合作的深度和广度，实现了产教融合的共赢。,
53,产教融合垂类问题,文本,分析广州市职业教育在服务产业发展方面的优势，并提出进一步提升职业教育服务能力的建议。,广州市职业教育在服务产业发展方面具有以下优势：一是拥有雄厚的产业基础，为职业教育发展提供了沃土；二是职业院校数量众多，在校生规模庞大，为产业提供了充足的人才储备；三是校企合作日益深化，实现了人才培养与产业需求的精准对接；四是就业率和对口率高，表明职业教育的质量和适应性较好。为进一步提升职业教育服务能力，建议：一是加强与重点产业链的深度融合，构建更加紧密的校企合作关系；二是加大对新兴产业的专业布局力度，培养更多适应未来发展需求的人才；三是完善职业教育评价体系，更加注重职业教育的社会服务功能。,
54,产教融合垂类问题,文本,广州市在推动职业教育国际化方面有哪些举措？请结合文档内容进行总结。,广州市在推动职业教育国际化方面采取了多项举措：一是输出专业教学标准和课程标准，共计177个；二是开展境外办学项目，共8个；三是开展中外合作办学项目，共10个；四是向非洲国家开展铁路项目培训，共9期，培训4684人；五是在巴基斯坦和老挝建立海外分院和培训中心；六是在葡萄牙建立粤菜师傅工作站。这些举措不仅提升了广州职业教育的国际影响力，也为“一带一路”倡议的实施提供了人才支撑。,
55,产教融合垂类问题,文本,请解释现代产业学院在产教融合中的作用，并阐述其与传统高等教育的区别。,现代产业学院是产教融合的核心载体，旨在紧密对接产业发展需求，通过校企深度合作，共同培养高素质技术技能人才、共同开展技术创新研究、共同推动成果转化应用。与传统高等教育相比，现代产业学院更加注重实践性、应用性和创新性，强调知识的交叉融合和产学研的深度合作，打破了传统教育的学科壁垒和校企界限，能够更快速地响应产业发展变化，提供定制化的人才培养方案。,
56,产教融合垂类问题,文本,如何构建有效的产教融合型企业，使其在人才培养中发挥更大作用？给出至少三点建议。,构建有效的产教融合型企业应包含以下几点：一是建立校企双导师制度，充分发挥企业导师的实践经验和高校教师的学术优势，实现协同育人；二是推动工程案例与课程教学深度融合，将企业真实业务挑战和科研项目的前沿问题转化为教学资源，提升学生的工程思维和实践能力；三是积极参与课程体系建设，提供人才需求分析和能力指标构建的专业意见，确保人才培养目标与产业需求高度契合。此外，企业还应提供实习实训基地，为学生提供真实的实践机会。,
57,产教融合垂类问题,文本,在计算机类人才培养中，如何利用数智技术赋能产教融合，提升人才培养质量？请从课程资源和教学模式两个方面进行阐述。,利用数智技术赋能产教融合，可从以下两个方面提升人才培养质量：在课程资源方面，构建课程线上资源知识图谱及课程大模型，整合课件、试题库、企业案例库等多元化产教资源，实现知识的关联分析和智能化检索；在教学模式方面，利用大模型提供智能化在线服务，如智能答疑、学习路径规划等个性化学习支持，以及教学资源优化、教案智能推荐、试题自动生成等精准教学支持。,
58,产教融合垂类问题,文本,请阐述基于OBE（Outcome-Based Education）理念的产教融合人才培养模式的质量评价体系，并说明其重要性。,基于OBE理念的产教融合人才培养模式的质量评价体系，以课程能力映射矩阵为基础，通过定量与定性分析、微观与宏观结合、校内与社会互补，从多维度评估人才培养质量。评价主体包括学生、同行教师、企业导师、校级/院级评估专家以及用人单位。评价数据来源涵盖学生成绩、作业、实践报告、课堂观察、学生座谈、同行与专家评价等。该体系的重要性在于能够持续优化人才培养方案，确保其有效适应行业需求，并提升人才培养质量。,
59,产教融合垂类问题,文本,在产教融合背景下，如何解决高校课程内容更新滞后、学科交叉融合薄弱的问题？提出具体的解决方案。,解决课程内容更新滞后问题，需引入行业专家深度参与，构建产业人才能力指标集，并基于此构建模块化课程体系，持续调整课程内容与培养路径。解决学科交叉融合薄弱问题，应开设跨专业融合课程模块，例如“AI+交通”、“AI+机械”等，培养学生跨学科的知识储备和实践能力。同时，搭建多学科交叉科创中心，整合校企资源，为学生提供跨学科的创新实践平台。,
60,产教融合垂类问题,文本,从国家层面来看，推动产教融合的核心目标是什么？,产教融合的核心目标在于促进各参与主体的发展，特别是对企业成长的推动。更深层次的目标是通过产教融合机制有效激发并支持企业的创新行动，实现企业高质量发展。,
61,产教融合垂类问题,文本,在构建现代产业学院的过程中，企业和高职院校分别需要具备哪些关键能力，才能实现有效合作？,企业需要具备应用型创新需求和资金支持，高职院校需要具备应用型创新科研能力和科研团队。双方需要在创新导向上实现需求对应，企业关注应用，高职院校擅长应用型创新。,
62,产教融合垂类问题,文本,产教融合赋能企业创新的关键路径是什么？,产教融合赋能企业创新的关键路径包括：基于场域理论视域下的需求对应（创新导向、载体、形式），基于场域理论视域下的互动机制（协同、持续、保障），以及基于场域理论视域下的价值共创。,
63,产教融合垂类问题,文本,如何理解“校热企冷”现象在产教融合中体现的问题？并提出改进建议。,“校热企冷”现象表明互动机制中企业的主体位置相对弱势，企业在创新行动中的权利受到负面影响。改进建议是确保企业在互动机制中的主体位置，使其在创新过程中与高职院校处于平等地位。,
64,产教融合垂类问题,文本,在产教融合的实践中，如何体现“价值共创”理念，以促进企业创新可持续发展？,秉持创新的价值共创理念，需要关注“利他”性（企业先赢）、“合作”性（深度合作）和“优势”性（发挥各自优势）。通过价值共创，促进高职院校和企业在创新行动中实现深层合作，实现企业创新可持续发展。,
65,产教融合垂类问题,文本,请阐述产教融合共同体建设的三个阶段及其主要特征。,产教融合共同体建设分为三个阶段：1. 初级阶段（项目合作式共同体）：合作主体较少，关系松散，围绕特定项目开展合作，目标明确但领域狭窄，缺乏规范化运行机制。2. 当前阶段（校企联盟式共同体）：具有稳定合作关系，促成资源共享与互补，推动产学研深度融合，形成共同目标与共享价值，提升社会影响力。3. 未来阶段（生态圈型共同体）：多主体参与，覆盖大区域、宽领域，依托信息平台支撑，形成合作生态，注重长期可持续发展。,
66,产教融合垂类问题,文本,分析当前产教融合共同体建设面临的现实困境，并提出相应的优化路径。,现实困境包括：内部职责不清晰、治理结构不健全、合作模式单一；跨区域政策整合难；产教'条块分割'壁垒未破除；企业参与活力不足；政策操作性不强。优化路径：1. 加强政策供给与财政支持，细化操作层面政策，构建跨区域协同机制，加大财政倾斜与资金渠道拓展。2. 鼓励组织变革，推动职业院校主动融入产业，形成恰适的组织形态。3. 建立高效信息平台与沟通机制，促进区域及产业间信息共享。4. 推进实体化运行与市场化运作，创新合作实体，建立市场化机制，培育市场导向项目。,
67,产教融合垂类问题,文本,现代产业学院在产教融合共同体中扮演什么角色？其建设应遵循哪些原则？,现代产业学院是产教融合共同体的重要组织形态之一，承担着推动教育与产业深度融合、实现资源共享与协同创新的核心功能。其建设应遵循以下原则：1. 政府主导、行业指导、企业参与，明确多元主体权责；2. 坚持公益性兼顾经济性，平衡育人目标与企业利益；3. 强化实体化运作，突破产权制度障碍，探索混合所有制办学模式；4. 注重市场化机制，通过项目合作、技术转化等方式激发主体活力；5. 构建长效沟通协调机制，确保教育链与产业链、人才链与创新链有机衔接。,
68,产教融合垂类问题,文本,如何通过产教融合共同体建设破解'校热企冷'问题？请结合政策与实践提出具体措施。,破解'校热企冷'需从政策激励与机制创新双管齐下：1. 政策层面：完善产教融合型企业认定标准，落实'金融+财政+土地+信用'组合激励措施；建立企业参与职业教育的成本补偿机制，如税收减免、专项补贴等。2. 实践层面：推动混合所有制办学，通过产权纽带绑定校企利益；构建市场化运行机制，让企业通过技术转化、项目合作获得实际收益；建立'双师型'教师企业实践流动站，降低企业参与人才培养的隐性成本；打造产教融合信息平台，精准匹配企业需求与教育资源，提升合作效率。,
69,产教融合垂类问题,文本,生态圈型共同体作为产教融合的未来形态，其构建需要哪些关键支撑要素？,生态圈型共同体的构建需要以下关键支撑要素：1. 多元主体协同网络：吸纳政府、院校、企业、科研机构及行业组织等多元主体，形成互补优势的合作生态。2. 信息化基础设施：搭建跨区域产教融合信息平台，实现产业、教育、人才等数据实时共享与交互。3. 制度保障体系：建立权责对等的治理结构，创新产权与股权安排，确保利益分配机制公平透明。4. 市场化运作机制：通过项目化合作、技术转移等方式，激发市场主体内生动力。5. 长效发展机制：设立专家智库提供决策支持，构建绩效评价体系，保障共同体可持续发展。,
70,产教融合垂类问题,文本,请阐述产教融合政策有效性的四个关键维度及其对高职学生职业认知的影响机制。,产教融合政策有效性由理论认知效果、价值提升效果、情感归属效果和行为动能效果四个维度构成。这些维度通过影响高职学生的职业探索行为，进而作用于职业认知的形成。具体而言，理论认知效果帮助学生理解行业需求，价值提升效果强化职业认同，情感归属效果增强校企连接感，行为动能效果激发实践动力。这些因素共同促使学生形成规划型、拼搏型认知，减少利己型和抵抗型认知偏差。,
71,产教融合垂类问题,文本,如何通过优化课程设置和实习安排来提升高职院校学生的职业认知水平？,优化课程设置需以行业需求为导向，调整理论实践比例，增加项目化教学内容；实习安排应强化校企协同，提供真实工作场景下的岗位轮训。具体措施包括：1）开发模块化课程体系，融入企业技术标准；2）建立‘双师型’教师团队，定期开展行业实践；3）实施‘工学交替’培养模式，确保实习时长不低于总学时的30%；4）引入企业导师参与职业规划指导。,
72,产教融合垂类问题,文本,分析产教融合型企业认定标准对职业教育的战略意义。,产教融合型企业认定标准通过税收优惠、融资支持等政策激励，推动企业深度参与职业教育。其战略意义在于：1）建立校企利益共享机制，解决‘校热企冷’问题；2）促进企业技术资源转化为教学资源，实现‘产学研’闭环；3）引导职业教育供给侧改革，培养符合产业升级需求的‘复合型技术技能人才’；4）形成‘企业办学’示范效应，推动职业教育与区域经济协同发展。,
73,产教融合垂类问题,文本,设计一份现代产业学院年度建设方案，重点突出产教融合特色。,现代产业学院年度建设方案应包含：1）组织架构：成立校企共建理事会，实行双院长负责制；2）专业共建：围绕区域主导产业设置专业方向，企业参与人才培养方案制定；3）师资建设：每年选派30%专业教师赴企业实践，引进企业技术骨干担任兼职教师；4）实训平台：共建生产性实训基地，引入真实生产项目；5）评价机制：实施‘学分银行’制度，将企业考核纳入学业评价；6）社会服务：面向中小企业开展技术培训，实现‘教学研用’一体化。,
74,产教融合垂类问题,文本,解释社会认知职业理论在高职学生职业认知培养中的应用路径。,社会认知职业理论通过三元交互模型（个人-行为-环境）指导职业认知培养：1）个人层面：开展职业价值观测评，建立个性化成长档案；2）行为层面：设计‘模拟-实践-反思’阶梯式训练，强化自我效能感；3）环境层面：构建校企协同育人生态，提供职业榜样示范。具体应用包括：通过‘企业导师制’传递职业经验，利用‘数字化实训平台’降低实践风险，结合‘职业生涯规划课’提升元认知能力，最终实现职业认知从‘被动接受’向‘主动建构’转变。,
75,产教融合垂类问题,文本,请阐述产教融合的本质内涵，并说明其与人才培养、产业发展之间的逻辑关系。,产教融合的本质是不同类型知识的融合、技术技能的跨界积累与创新。其逻辑关系是“育人—兴产—强国”，即通过产教融合培养适应产业发展需求的人才，从而促进产业升级和国家发展。产教融合的核心在于实现教育链、人才链与产业链、创新链的有机衔接，最终目标是实现人才培养与产业需求的深度融合。,
76,产教融合垂类问题,文本,分析当前我国职业教育产教融合面临的主要挑战，并提出相应的解决思路。,文档指出，当前我国职业教育产教融合面临的主要挑战是“两张皮”问题，即人才培养供给侧和产业需求侧在结构、质量、水平上存在不适应。解决思路包括：深化产教融合，促进教育链、人才链与产业链、创新链的有机衔接；完善国家制度，进行政策配套；加强多元主体协商共治，实现产教协同规划；校企共同承担育人责任，实现人才育用衔接。,
77,产教融合垂类问题,文本,请解释“双师型”教师队伍建设在产教融合中的重要性，并说明如何构建高质量的“双师型”教师队伍。,“双师型”教师队伍是产教融合的关键。他们既要有扎实的教育教学功底，又要有丰富的实践经验，能够将行业最新的技术和知识融入教学中。构建高质量的“双师型”教师队伍需要：持续建设高素质专业化创新型教师队伍；推行产教融合的教师培养模式；创新设置企业培训师队伍，由行业组织认定和考核企业培训师的资格。,
78,产教融合垂类问题,文本,多种产教融合的实践模式，请列举至少三种，并简述其特点。,提到了以下三种产教融合实践模式：一是美国和日本的培训模式（企业为本位）；二是德国的双元制职业培训模式（企业为主、校企双主体育人）；三是新加坡职业教育院校模式和中国职业院校校企合作育人模式（以职业学校为本位）。这些模式各有特点，体现了校企合作的不同侧重和参与程度。,
79,产教融合垂类问题,文本,如何理解提到的“产教融合中的教育性”？请结合具体案例说明。,产教融合中的教育性强调职业教育在校企合作中要坚持教育的相对独立性，不能直接用企业来代替学校、用工作来代替学习。企业资源需要经过教育化的改造，工作任务需要经过教学化转化，以适应学习者的学习规律。例如，企业提供的实践岗位需要经过职业院校开发或认定，确保其适合学习者的学习需求，并能够有效促进知识技能的掌握。,
80,产教融合垂类问题,文本,产业教师在产教融合中具有哪些特征？这些特征如何区别于传统兼职教师？,产业教师在产教融合中具有三个显著特征：灵活性、长期性和多样性。灵活性体现在岗位设置上采用流动性特设岗位，可在学校编制内跨专业、跨学科灵活安排教学时间和场所；长期性表现为岗位纳入常态化管理体系，基于校企长期合作建立稳定关系，区别于传统兼职教师的临时聘任；多样性体现在人员来源广泛（包括企业技术人员、大国工匠、非遗传承人等），参与形式多样（兼职任教、合作研究、参与项目等），评价方式多元（教学成果、产业转化、技能创新等）。这些特征使产业教师成为职业教育体系深化发展的新型教师队伍，而非传统意义上的临时教学辅助人员。,
81,产教融合垂类问题,文本,当前产业教师队伍建设面临哪些制度困境？请从法律身份、岗位职责、职业发展和权利救济四个方面分析。,产业教师队伍建设面临四大制度困境：一是法律身份困境，产业教师因灵活性特征可能不符合《教师法》规定的教师资格条件（如学历要求），导致法律地位不明；二是岗位设置困境，产业教师特设岗位与传统专业技术岗位要求差异大，缺乏详细实施方案，具体职责不清；三是职业发展困境，短期聘任模式导致产业教师缺乏职业晋升机制，身份认同感不足；四是权利救济困境，兼职聘任形式使产业教师难以通过校内申诉或劳动法获得权利保障，仅能通过民事合同主张有限救济。这些困境制约了产业教师队伍的规范化发展。,
82,产教融合垂类问题,文本,如何运用'旋转门'机制完善产业教师制度保障？请提出具体实施路径。,运用'旋转门'机制完善产业教师制度保障需从四方面实施：一是身份保障，修订《教师法》建立'试用+确认+定期审查'的动态教师资格认定机制，衔接《职业教育法》放宽实务型高技能人才的教师资格条件；二是岗位保障，细化产业教师特设岗位方案，参照义务教育特岗教师制定名额分配、招聘条件、待遇保障等具体规定，建立编制'周转池'；三是发展保障，建立产业教师长聘机制，实施'预聘-长聘'制度，制定产业教师职称评审办法（以技能竞赛、专利成果、教案等替代论文要求）；四是救济保障，建立产业教师权利救济体系，赋予申诉救济权，完善校内申诉、教育行政申诉、司法调解等多元纠纷化解机制。,
83,产教融合垂类问题,文本,现代产业学院建设中，如何通过产业教师特设岗位计划深化产教融合？,现代产业学院通过产业教师特设岗位计划深化产教融合需采取以下措施：一是岗位设置创新，采用'固定岗+流动岗'模式，设立产业教师特聘岗，打破编制限制；二是聘任机制优化，采取'政聘校用'、直接考核或自主聘任等方式，为企业技术人员、高技能人才、管理人员等开辟绿色通道；三是待遇保障完善，通过专项经费或专业等级认定保障产业教师薪酬待遇，如上海市在产业学院内设立产业教师专岗；四是评价体系改革，建立产业教师职称评定'绿色通道'，以技术成果转化、知识产权、技能证书等作为评审依据，如甘肃省特殊人才职称评价办法。这些措施能促进校企人才双向流动，提升产业学院人才培养质量。,
84,产教融合垂类问题,文本,产教融合背景下，如何构建产业教师队伍的长效发展机制？,构建产业教师队伍长效发展机制需从制度设计入手：首先，建立产业教师资格认证体系，实施'先上岗、再考证'的预认定机制，完善定期审查制度；其次，创新岗位管理制度，推行'预聘-长聘'制度，将产业教师纳入人事合同规范化管理，明确续聘条件和优先续聘权；再次，健全职业发展通道，参照'双师型'教师标准建立产业教师职称体系，以产业贡献、实践能力、育人成效为核心评价指标；最后，完善权益保障机制，建立产业教师权利救济体系，明确其在教育系统和企业系统的双重权益保障。通过政府、学校、企业三方协同，形成产业教师'引得进、留得住、用得好'的长效机制，推动产教融合深度发展。,
85,产教融合垂类问题,文本,根据国务院《关于深化产教融合的若干意见》，产教融合型企业参与校企合作可享受哪些税收优惠政策？,根据国务院《关于深化产教融合的若干意见》（国办发〔2017〕95号），产教融合型企业参与校企合作可享受以下税收优惠政策：1. 企业举办或参与举办职业教育的，可按规定享受相应的税收减免；2. 企业用于校企合作的教育经费支出，符合规定的可享受企业所得税税前扣除；3. 对产教融合型企业给予'金融+财政+土地'的组合式激励，具体包括信用贷款、财政补贴和土地供应支持等。,
86,产教融合垂类问题,文本,地方高校在推进产教融合过程中，如何构建多元化的实践育人评价体系？,地方高校构建多元化实践育人评价体系需从三个维度展开：1. 内部监控：包括实验课程的形成性评价、课外科技活动的过程化管理（开题/中期/答辩）、教学团队（含企业导师）的多维度评价，以及学生自评互评；2. 外部评价：引入企业参与人才培养评价、用人单位反馈、毕业生质量跟踪调查及第三方独立评价；3. 反馈机制：将评价结果用于持续改进课程质量、优化师资与实验条件，并反馈修订培养目标，形成闭环管理。,
87,产教融合垂类问题,文本,以苏州大学电子信息工程专业为例，说明现代产业学院在资源共建中的具体实践模式。,苏州大学电子信息工程专业的现代产业学院资源共建模式体现为六大板块：1. 实验课程资源：联合企业导师共建工程实践案例库，编写实验教程；2. 实验教学平台：共建DSP、EDA等专业实验室及虚拟仿真平台；3. 实习实践基地：校内共建联合实验室，校外开发三级递进式实习项目；4. 科技创新平台：依托省级工程研究中心开展科研训练；5. 动态专家库：分类培育'专家型-技术型-导师型'企业导师；6. 人文实践资源：通过EE讲坛和社会实践基地强化工程文化育人。,
88,产教融合垂类问题,文本,针对'双师型'教师队伍建设，地方高校应如何建立校企协同培养机制？,地方高校建立'双师型'教师校企协同培养机制需采取以下措施：1. 制定专项政策：出台产教融合人才引育及激励政策，保障教师企业实践权益；2. 实践能力提升：通过项目合作选派教师进企业挂职，参与真实工程场景；3. 企业反哺机制：邀请企业专家对教师开展工程现场教学和案例培训；4. 导师团队建设：依托校企合作联盟动态遴选企业导师，形成'校内导师+企业导师'双轨指导模式；5. 考核评价改革：将企业实践经历纳入教师职称评审和绩效考核指标。,
89,产教融合垂类问题,文本,如何通过'产教共管'模式解决产教融合过程中企业参与深度不足的问题？,实施'产教共管'模式解决企业参与深度不足的路径包括：1. 组织机制：成立校企协同工作委员会，明确企业参与人才培养方案修订的决策权；2. 过程管理：企业工程师全程参与实习指导、项目设计及考核评价，建立'实习期工作内容'记录表等制度；3. 利益绑定：通过共建实验室、联合科研平台等实现资源共享，形成'人才共育、利益共享'的共同体；4. 质量闭环：构建企业参与的实践育人评价体系，将企业反馈作为培养目标修订的核心依据；5. 激励措施：对深度参与的企业给予'产教融合型企业'认证，享受政策红利。,
90,产教融合垂类问题,文本,根据国家职业教育发展战略，请阐述产教融合对于高等教育高质量发展的意义。,产教融合不仅是职业教育高质量发展的必由之路，也是高等教育高质量发展的必由之路。通过产教融合，高等院校可以更好地了解市场需求，调整专业设置和教学内容，提高人才培养的针对性和实用性，从而更好地服务于经济社会发展。产教融合共同体不仅服务于高职院校，还要服务于普通高等学校，实现资源共享和优势互补。,
91,产教融合垂类问题,文本,在职业院校“五金”建设中，“金师”的建设重点是什么？如何培养“双师型”教师？,“金师”建设的核心在于打造优秀的教师队伍，他们需要具备丰富的教育经验和良好的教学能力，能激发学生的学习兴趣和动力。培养“双师型”教师的关键在于产教融合，通过定期选派教师到合作企业进行实践锻炼，累计五年不少于6个月的企业一线专业实践锻炼，使其同时具备扎实的专业知识和丰富的实践经验。,
92,产教融合垂类问题,文本,请描述现代产业学院建设的关键要素，说明如何通过产业学院提升职业院校的专业建设水平。,现代产业学院建设的关键要素包括：企业主导、院校参与、政府支持、资源共享、产学研合作。通过产业学院，职业院校可以将现有专业对接到相关产业中去，建立人才能力培养模型，对标产业升级，以岗位能力标准为原型制定人才培养方案和课程标准，从而将专业建成“金专业”，提升专业建设水平。,
93,产教融合垂类问题,文本,如何理解“金课程”建设中提到的“互动式教学模式”和“多元化的评价体系”？它们在提升人才培养质量方面分别发挥了什么作用？,“互动式教学模式”强调师生互动、生生互动，通过在线教学平台等现代信息技术手段，提高学生的参与度和学习效果。“多元化的评价体系”则综合评价学生的学习成果、过程表现和创新能力，促进学生全面发展。两者共同作用，能够更好地激发学生的学习兴趣和动力，培养学生的综合素质和创新能力，从而提升人才培养质量。,
94,产教融合垂类问题,文本,在产教融合背景下，如何建设“金基地”？阐述校内实习实训基地与校外实习基地的建设要点。,建设“金基地”的关键在于实践，要将实习基地、实践基地、实训基地的实践功能落到实处，做到与企业生产环节零对接。校内实习实训基地应充分利用校内资源，校外实习基地则应借助周边区域的产业链，将校内实习实训的生产环节融入企业真实实践任务，并引入工学交替的模式，定期完成学生的校外实习实训任务。,
95,产教融合垂类问题,文本,请解释产教融合对于职业本科院校发展的重要意义，阐述其如何实现院校、企业和学生的共赢。,产教融合是职业本科院校立身之本和发展之路。通过与产业融合、与企业合作、协同育人，能够实现职业本科院校、企业和学生的多方共赢。对于院校而言，产教融合有助于提高人才培养质量，提升社会影响力，解决专业设置与企业岗位需求不匹配的问题。对于企业而言，产教融合可以解决技术人才短缺问题，促进技术创新和产业升级。对于学生而言，产教融合能够提供更贴近实际的实践机会，提高就业竞争力。文档强调，通过校企合作，可以实现人才培养与产业发展同步，培养出社会需要的高素质技术技能人才。,
96,产教融合垂类问题,文本,分析当前校企合作在产教融合中面临的主要挑战，并提出相应的改进建议。,文档指出，当前校企合作面临的主要挑战包括：校企对接不紧密、合作内容单一、激励机制不健全。这些问题导致学校人才培养供给和产业发展需求不匹配。改进建议包括：建立健全校企共建育人组织机构，构建实践育人体系；建立资源共享平台，促进产教互动；校企共研，打造协同育人信息化管理平台；精准定制人才，创新产教深度融合机制；依托企业课堂，提升学生岗位实习质量。,
97,产教融合垂类问题,文本,请详细描述一种可行的校企协同育人模式，并说明该模式的关键成功因素。,提到的广州科技职业技术大学的实践经验，可以总结为一种以产业学院为载体的校企协同育人模式。该模式通过校企共同制定人才培养方案、共建课程、共建实训基地、共同实施人才培养和评价，实现深度融合。关键成功因素包括：平等参与、资源共享、责任共担、利益对等；紧密对接产业需求；构建全方位产教融合生态链；以及政府的政策支持。此外，推行订单式培养，实现“以销定产”，也是该模式的重要特征。,
98,产教融合垂类问题,文本,阐述如何通过校企合作提升职业本科院校人才培养的质量，并举例说明。,提升职业本科院校人才培养质量的关键在于加强校企协同育人。具体措施包括：企业一线员工参与学校教学团队，反馈实训和生产中遇到的问题，学校及时调整课程设计；聘请企业一线管理者和技术人员作为兼职教师；校企共同建设校内外实习实践基地；开展企业课堂教学，将课堂设在企业；推行订单式培养，根据企业需求定制人才培养方案。例如，广州科技职业技术大学依托印刷工程技术等重点专业办企业，打造“实训、生产”共同体，实现了校企深度融合，有效提升了人才培养质量。,
99,产教融合垂类问题,文本,请分析政府在推动产教融合中的作用，说明政府应如何进一步完善校企协同育人机制。,政府在推动产教融合中起着主导作用。文档指出，政府出台了一系列扶持校企联合办学政策，大力推动校企协同育人制度机制的构建。为了进一步完善校企协同育人机制，政府应：加大政策扶持力度，提供资金和税收优惠；建立健全校企合作的法律法规；搭建校企合作交流平台；鼓励企业参与职业教育的课程开发和教学实践；支持职业院校与企业共建产业学院和实习基地；加强对校企合作的监管和评估。,
100,产教融合垂类问题,文本,请解释产教融合对于职业本科院校人才培养的意义，并结合文档内容分析其核心价值。,产教融合对于职业本科院校而言，是立身之本和发展之路。其核心价值在于实现院校、企业、学生三方共赢，为社会培养高层次技术技能人才。具体而言，产教融合有助于提高人才培养质量，提升院校社会影响力，解决专业设置与企业岗位需求不匹配的问题，以及促进课堂理论与实践教学的有机结合。通过校企合作，院校能够更精准地对接产业需求，提升学生的实践能力和就业竞争力。,
101,产教融合垂类问题,文本,校企协同育人目前面临的主要挑战有哪些？请分析这些挑战产生的原因。,文档指出，校企协同育人目前面临的主要挑战包括：校企对接不紧密、合作内容单一、激励机制不健全。这些挑战产生的原因在于，校企双方缺乏在育人和用人方面的深度交流和融合，部分企业对协同育人参与度不高，存在认知偏差，以及缺乏长远规划和动力。此外，企业担心校企协同育人会增加运营成本，也影响了合作的积极性。,
102,产教融合垂类问题,文本,请概述广州科技职业技术大学在校企协同育人方面的实践经验，并总结其成功要素。,广州科技职业技术大学通过推进“校中厂”建设、与行业龙头企业共建产业学院、推行订单人才培养以及校企共建创新创业实践基地等方式，积累了丰富的校企协同育人经验。其成功要素包括：长期致力于共建长效稳定的校企协同育人共同体，紧扣教育部相关项目，注重实践教学与生产经营的融合，以及通过多种形式的合作，实现人才培养与企业需求的精准对接。,
103,产教融合垂类问题,文本,设计一份职业本科院校提升产教融合水平的三年行动计划，包含具体措施和预期目标。,"三年行动计划：
**第一年：夯实基础，构建机制。** 建立健全校企合作组织机构，完善合作协议，制定合作目标和评估标准。开展校企双方需求调研，明确合作方向和重点。启动“双师型”教师培养计划，鼓励教师深入企业实践。
**第二年：深化合作，拓展领域。** 积极与行业龙头企业共建产业学院，开展订单式培养和现代学徒制试点。推动校企共建实习基地和创新创业实践基地，增加实践教学环节。探索校企合作的新模式，如企业参与课程开发和教材编写。
**第三年：提升质量，实现共赢。** 完善校企合作评估体系，定期对合作效果进行评估和改进。加强校企合作成果的推广和应用，提升院校社会影响力。实现人才培养与产业发展深度融合，为社会输送更多高素质技术技能人才。
预期目标：三年内，校企合作项目数量翻倍，学生实践能力显著提升，毕业生就业率和质量明显提高，院校社会影响力得到提升。",
104,产教融合垂类问题,文本,请解释“双师型”教师在产教融合背景下的重要性，并结合文档内容分析如何培养“双师型”教师。,“双师型”教师，即既具有扎实的理论知识，又具备丰富的实践经验的教师，在产教融合背景下至关重要。他们能够将最新的产业技术和实践经验带入课堂，提升教学质量，培养学生的实践能力和创新精神。提到，广州科技职业技术大学通过聘请企业一线管理者和能工巧匠作为校外兼职指导教师，引企入校等方式，培养“双师型”教师。此外，鼓励教师深入企业实践，参与企业项目，也是培养“双师型”教师的重要途径。,
105,产教融合垂类问题,文本,请解释国务院《关于深化现代职业教育体系建设改革的意见》中，关于产教融合共同体建设的核心要点。,国务院《意见》明确，深化现代职业教育体系建设改革的战略任务之一是打造行业产教融合共同体。其核心要点包括：汇集政、行、企、校等多元主体，建设跨区域产教融合共同体；集合优势资源，制定教学标准；开发核心课程和实践项目。旨在通过多元参与和资源整合，提升职业教育与产业发展的深度融合度。,
106,产教融合垂类问题,文本,在现代职业教育中，如何理解“双师型”教师队伍建设的重要性？,“双师型”教师队伍建设是深化产教融合的关键。它要求教师既要有扎实的教育教学理论功底（师范型），又要有丰富的行业实践经验（工程师型）。这种双重能力能够确保教学内容紧跟产业发展，提升学生的实践操作技能和解决实际问题的能力，从而培养出更符合产业需求的高素质技术技能人才。,
107,产教融合垂类问题,文本,针对高职院校专业群课程体系建设中常见的课程内容与产业发展脱节问题，请提出至少三条改进建议。,针对课程内容与产业发展脱节问题，建议如下：1) 建立动态更新机制，定期邀请企业专家参与课程内容审核和修订，确保教学内容与产业最新技术、标准和规范保持同步；2) 强化校企合作，鼓励企业参与课程开发，提供真实的项目案例和实践机会；3) 引入行业认证标准，将行业资格证书的知识点和技能要求融入课程体系，提高课程的针对性和实用性。,
108,产教融合垂类问题,文本,请阐述现代产业学院在推动产教融合中的作用和运作模式。,现代产业学院是深化产教融合的重要载体。其作用在于：整合学校、企业、科研机构等资源，构建校企深度合作的平台，实现人才培养、技术创新、成果转化等方面的协同发展。运作模式通常包括：共建课程体系、共设实习基地、共聘师资队伍、共研创新项目等，通过产学研合作，提升职业教育的质量和竞争力。,
109,产教融合垂类问题,文本,在职业教育课程体系建设中，如何有效推进“三教”改革（教学内容、教学方法、教学手段）？,推进“三教”改革需系统性设计：1) 教学内容改革：对接产业需求，更新课程内容，融入新技术、新工艺、新标准，开发符合职业资格标准的模块化课程；2) 教学方法改革：采用项目式教学、情景教学、案例教学等，注重培养学生的实践能力和解决问题的能力；3) 教学手段改革：利用虚拟仿真技术、在线学习平台等，拓展教学资源，提升教学效果，实现理实一体化教学。,
110,产教融合垂类问题,文本,请解释“产教融合”在提升职业教育适应性的核心作用，阐述其与“人才培养”目标之间的关系。,产教融合是职业教育的办学特色和重要基础，其核心作用在于增强职业教育的适应性，优化职业教育类型定位。文档指出，产教融合侧重于教育链、人才链与产业链的融合发展，通过产教融合，高职院校能够更好地对接科技发展趋势和市场需求，根据自身特点和人才培养需要，与企业开展技术创新等方面的合作。这种融合直接影响人才培养目标，使得人才培养更加贴近产业实际，培养出具有创新素质和创新能力的技术技能型人才，从而实现教育、科技、产业的协同发展。,
111,产教融合垂类问题,文本,分析当前高职院校在推进“科教融汇”过程中面临的主要挑战，并提出至少三项应对策略。,文档指出，高职院校在推进科教融汇过程中面临的挑战主要包括：社会认可度不高、科教资源分散、企业参与度低、政府投入不足、融汇理念欠缺、科研类型特色不显著、科研转化不足以及反哺教学能力较弱。应对策略包括：1) 更新发展理念，明确科教融汇的时代定位；2) 强化师资队伍，优化“双师型”教师结构，加强教师科创能力培养；3) 建设协同平台，搭建融产、科、教一体的产科教协同平台，实现资源共享和协同创新；4) 完善评价机制，健全科研评价体系，鼓励科研反哺教学。,
112,产教融合垂类问题,文本,“现代产业学院”，请阐述其在产教融合体系中的作用，并结合苏州市职业大学的实践案例进行说明。,现代产业学院是产教融合的重要载体，其作用在于整合学校、企业、科研机构等多方资源，构建校企深度合作的平台，实现人才培养、技术创新、成果转化和产业升级的协同发展。苏州市职业大学通过主动对接产业，集聚各方资源，优化布局搭建多方平台，如与苏州吴中经济技术开发区、苏州汇川技术有限公司共同建设全国首批市域产教联合体，以及联合相关院校、企业组建“全国先进半导体行业产教融合共同体”，体现了现代产业学院在推动产教融合、服务地方产业发展中的重要作用。,
113,产教融合垂类问题,文本,总结高职院校实现“科教融汇”的关键路径，并说明如何通过完善评价机制来促进这一路径的有效实施。,文档总结的高职院校实现“科教融汇”的关键路径包括：更新发展理念、强化师资队伍、建设协同平台和完善评价机制。其中，完善评价机制至关重要，它能够引导学校和教师将科研与教学有机结合，鼓励教师积极参与科研活动，并将科研成果应用于教学实践。具体而言，应明晰评价主体，优化评价导向，强化评价反馈，并注重评价周期，从而形成一套科学、公正、有效的评价体系，促进科教融汇的持续发展。,
114,产教融合垂类问题,文本,分析“产教融合”对高职院校实现高质量发展的重要意义，并阐述其在支撑国家战略和产业转型升级方面的作用。,产教融合是高职院校实现高质量发展的重要引擎。文档指出，产教融合能够支撑国家战略、产业转型和人的发展。通过产教融合，高职院校能够更好地服务国家创新驱动发展战略，促进产业升级和技术创新，培养适应产业发展需求的高素质技术技能型人才。同时，产教融合也能够推动高职院校自身的发展，提升办学水平和竞争力，实现教育、科技、产业的协同发展，为国家和社会做出更大的贡献。,
115,产教融合垂类问题,文本,根据国家政策导向，请阐述深化产教融合对于应用型高校人才培养的战略意义。,深化产教融合是解决高等教育与产业融合困境的重要途径，对提升人才培育效果、稳定就业、促进经济发展具有重要作用。通过产教融合，应用型高校能够更好地贴近产业需求，培养出更具实践能力和创新精神的高素质技术技能人才，从而为经济社会发展提供有力的人才支撑。,
116,产教融合垂类问题,文本,分析当前我国产教融合在政策层面存在的主要问题。,当前我国产教融合在政策层面存在的主要问题是，除少数地区外，多数地区的政策性文件是对国家政策的重复，停留在宏观指导建议层面，缺乏与本地经济发展、产业特点相配合的可操作性和针对性。此外，一些地区的政策在构建利益决策机制、师资保障机制和监督机制时缺乏系统性设计，与当地实际情况关联性不足。,
117,产教融合垂类问题,文本,请简述德国双元制人才培育模式的核心特点，并分析其对我国产教融合的启示。,德国双元制人才培育模式的核心特点是学生必须经过学校理论学习和企业实训才能获得毕业资格，在学校和企业两个场所之间往返交替学习知识和技能。对我国的启示在于，要重视实践环节，加强学校与企业的紧密合作，建立完善的职业教育法治体系，形成观念、制度和法治相结合的产教融合模式。,
118,产教融合垂类问题,文本,针对应用型高校人才培养目标脱离市场需求的问题，请提出具体的改进建议。,为解决人才培养目标脱离市场需求的问题，高校应引入企业、行业等其他主体参与人才培养方案的制定，加强与企业的沟通与合作，及时了解和掌握人才需求变化，确保人才培养目标与市场需求相匹配。同时，应建立动态调整机制，定期评估和修订人才培养目标。,
119,产教融合垂类问题,文本,请解释美国CBE（Competency-Based Education）人才培育模式的核心理念，并分析其在提升人才培养质量方面的优势。,美国CBE人才培育模式的核心理念是聚焦能力素质，将岗位需求作为人才培养的标准，由学校牵头企业、行业和其他组织共同探讨岗位对学生能力的需求，并以此制定人才培养目标和方案。其优势在于能够培养出更具实践能力和职业素养的人才，使学生毕业后能快速转换角色，投入工作岗位。,
120,产教融合垂类问题,文本,根据国家政策，建设产教融合型企业有哪些关键要素？,建设产教融合型企业需要满足以下要素：深化产教融合取得显著成效，并按规定纳入产教融合型企业认证目录，同时享受“金融+财政+土地+信用”的组合式激励。这表明企业需要积极参与产教融合实践，并获得相关认证，才能获得政策支持。,
121,产教融合垂类问题,文本,如何理解产教融合从“一头热”到多方共赢的转变？,产教融合从“一头热”到多方共赢的转变，意味着校企合作不再是单方面推动，而是形成政府、行业、企业、学校和社会协同推进的工作格局。这种转变的关键在于，企业和学校的利益能够得到保障和契合，共同承担育人责任，实现企业技术升级和人才创新培养的双赢。,
122,产教融合垂类问题,文本,新修订的职业教育法对产教融合产生了哪些影响？,新修订的职业教育法将产教融合从政策导向提升到法律规定，在深化校企合作、搭建产教融合路径、构建多元办学格局等方面提出了明确要求，并鼓励企业参与举办职业教育。这为产教融合提供了更坚实的法律保障，推动其进入新的发展阶段。,
123,产教融合垂类问题,文本,国家产教融合共同体建设的目标是什么？,国家产教融合共同体的目标有两个：一是校企合作培养企业产业需要的人才，二是校企合作解决企业产业在发展过程中遇到的技术、工艺、产品等问题。共同体旨在实现校企双方的资源共享和协同创新，最终形成多方共赢的局面。,
124,产教融合垂类问题,文本,在深化产教融合过程中，职业院校应如何提升自身能力以适应产业升级的需求？,职业院校应加大科研力度，推进科技创新和技术开发，以满足企业对技术技能人才的更高要求。同时，应加强教师的科研基础，提升其服务产业的能力。此外，还应积极调整专业设置，适应经济结构调整和产业变革，开设更多符合产业需求的专业点。,
125,产教融合垂类问题,文本,请阐述国家层面推动产教融合的战略意义，并结合文档内容分析其核心目标。,国家层面推动产教融合是推动教育优先发展、人才引领发展、产业创新发展的战略性举措。核心目标在于促进教育链、人才链与产业链、创新链之间的有机融合，解决科技革命、产业变革与高等教育系统之间的结构性失衡问题，最终实现教育体系、人才培养链条和产业体系围绕技术变革而实现创新、融通和共享，转变教育和产业的发展模式，推进产业系统与高等教育系统的系统性变革。,
126,产教融合垂类问题,文本,当前产教融合发展经历了哪些阶段？请分别概括每个阶段的特点和侧重点。,指出，产教融合经历了三个阶段：初期阶段是职业教育的校企合作协同育人，解决职业教育人才培养滞后于新产业技术变革的问题；中级阶段是区域产业集群与学科集群融合，打造区域科技创新体系，与区域经济社会同步发展；高级阶段是整个教育体系与产业系统发展方式的变革，是国家产业结构转型升级、教育改革和人才开发整体制度设计。,
127,产教融合垂类问题,文本,推动产教融合行动实施面临的现实问题，请列举至少三点，并简述其可能造成的负面影响。,提到了以下现实问题：一是产教系统性融合的整体机制设计不完善，可能导致产教融合缺乏顶层设计和系统性支持；二是认知误区，各方主体对产教融合的认知仍停留在初级阶段，导致融合形式局限于点对点，实效性有限；三是项目实施中人财物落实不到位，产业需求不明确，学科导向思维占据主导地位，产学研协同契合度不足，导致项目落地困难，难以达成预期目标。,
128,产教融合垂类问题,文本,简述“学术型二元制教育体系”和“学徒制二元教育体系”在产教融合中的作用和优势。,文档指出，“学术型二元制教育体系”与“学徒制二元教育体系”能够整合高等教育界的学术训练优势与产业界的实战技能培训优势，使产教融合的理念进入实践运行阶段。前者侧重理论知识的学习和研究，后者侧重实践技能的掌握和应用，二者结合能够培养出既具备扎实理论基础，又具备丰富实践经验的复合型人才，从而更好地服务于产业发展。,
129,产教融合垂类问题,文本,根据国家政策，请阐述深化产教融合对于人力资源供给侧结构性改革的重要意义。,国务院办公厅《关于深化产教融合的若干意见》（国办发〔2017〕95号）明确指出，深化产教融合，促进教育链、人才链与产业链、创新链有机衔接，是当前推进人力资源供给侧结构性改革的迫切要求。其重要意义在于全面提高教育质量、扩大就业创业、推进经济转型升级、培育经济发展新动能。,
130,产教融合垂类问题,文本,请解释现代学徒制在产教融合中的作用，并说明校企双方在现代学徒制中应如何共同建立标准。,现代学徒制是产教融合的重要形式，旨在通过校企双方的深度合作，培养紧密结合产业需求的技能型人才。校企双方应结合企业标准，对教学标准、课程标准和评价标准等方面展开深入思考与细致阐述，共同建立现代学徒制标准，确保培养过程与实际工作需求高度匹配。,
131,产教融合垂类问题,文本,国家产教融合试点城市建设方案中，对试点城市的人才基础提出了哪些要求？,国家产教融合建设试点实施方案（发改社会〔2019〕1558号）明确，试点城市需要具备良好的人才基础，即产教资源相对集聚，主导产业特色鲜明、优势突出，且拥有较强的人才基础。,
132,产教融合垂类问题,文本,如何理解职业教育“双师型”教师队伍建设在产教融合中的作用？,“双师型”教师是指既有扎实的专业理论知识，又具备丰富的实践经验的教师。在产教融合背景下，双师型教师能够将最新的产业技术和实践经验融入教学内容，提升人才培养的针对性和实效性，是实现职业教育与产业发展紧密衔接的关键。,
133,产教融合垂类问题,文本,针对职业院校专业设置调整，应如何建立以需求为导向的人才培养结构调整机制？,建立以需求为导向的人才培养结构调整机制，需要加快推进教育“放管服”改革，注重发挥市场机制配置非基本公共教育资源作用，强化就业市场对人才供给的有效调节。完善职业教育毕业生就业质量年度报告发布制度，将市场供求比例、就业质量作为学校设置调整学科专业、确定培养规模的重要依据，并严格实行专业预警和退出机制。,
134,产教融合垂类问题,文本,请分析人工智能技术在产教融合课程体系动态适配中的核心作用机制。,人工智能技术通过数据分析和智能算法实现课程体系从静态设计向动态优化的转变。其核心机制包括：1）实时监测行业需求变化，通过大数据分析全球技能需求曲线，快速调整课程内容；2）构建校企协同课程开发平台，利用智能匹配算法将企业技能需求转化为课程开发建议；3）支持个性化学习路径设计，根据学生知识基础、职业目标自动生成定制化学习方案；4）整合国际技能需求数据，设计兼具本土特色和国际适应性的课程模块。这种动态适配机制有效缩短了技能更新与课程供给的时间差，确保教育内容与产业前沿保持一致。,
135,产教融合垂类问题,文本,如何构建基于人工智能的产教融合多维度评价体系？,构建基于人工智能的产教融合多维度评价体系需从以下方面实施：1）建立全程动态追踪系统，收集分析学生课堂表现、作业完成、实验实践及实训反馈等多维数据，生成能力发展全景画像；2）设计综合考核指标，除理论成绩外，通过自然语言处理和行为分析算法纳入团队协作能力、问题解决能力和创新思维等软技能评价；3）开发智能反馈机制，提供针对性改进建议和个性化学习资源；4）构建联合评价平台，整合学校、企业、学生多方数据，实现多主体协同评价。这种评价体系突破了传统单一维度考核局限，为校企协同育人提供科学依据。,
136,产教融合垂类问题,文本,请阐述虚拟现实与数字孪生技术在产教融合实践教学中的应用价值。,虚拟现实与数字孪生技术在产教融合实践教学中的应用价值主要体现在：1）提供高度沉浸式实训环境，通过虚拟工厂、虚拟实验室等模拟真实工作场景，解决传统实践教学中资源匮乏和安全风险问题；2）实现虚实结合操作训练，如AR设备辅助的机械维修教学，使学生在实际设备上获得实时指导；3）构建企业数字化镜像，基于真实生产线数据创建数字孪生实训平台，让学生参与虚拟生产流程优化；4）支持反复演练和错误分析，通过智能系统提供操作指导和错误反馈，显著提升技能训练效率与效果。这些技术应用有效弥合了理论学习与实践操作之间的鸿沟。,
137,产教融合垂类问题,文本,产教融合型企业应如何利用人工智能技术参与人才培养全过程？,产教融合型企业可通过以下方式利用人工智能技术参与人才培养全过程：1）需求分析阶段，通过AI平台动态收集分析岗位技能需求数据，为院校提供精准的人才培养规格建议；2）课程开发阶段，联合开发基于企业真实案例的模块化课程，利用智能算法将生产流程、市场分析等转化为教学资源；3）实践教学阶段，开放数字孪生生产线供学生虚拟操作，提供AR/VR实训场景；4）评价反馈阶段，通过联合评价平台实时监控学生实训表现，参与多维度能力评估；5）就业对接阶段，基于AI人才画像系统精准匹配岗位需求。这种深度参与模式确保人才培养与企业需求无缝衔接。,
138,产教融合垂类问题,文本,请设计人工智能时代现代产业学院建设的核心要素与实施路径。,人工智能时代现代产业学院建设的核心要素与实施路径包括：1）组织架构创新，建立校企双主体治理结构，设立由学校、企业、行业专家组成的联合管理委员会；2）课程体系重构，基于AI产业需求分析平台开发动态适配课程，采用模块化、场景化设计，融入企业真实项目；3）师资队伍建设，培养'双师型'教师团队，通过AI培训平台提升教师产业实践能力，引入企业工程师担任兼职教师；4）实训环境升级，构建融合VR/AR、数字孪生技术的智能实训中心，模拟真实产业环境；5）评价机制改革，建立校企联合评价体系，利用AI技术实现多维度、全过程能力评估；6）生态系统构建，打造产教融合数据共享平台，促进教育链、产业链、创新链深度融合。实施路径应采取'试点先行、逐步推广'策略，优先在人工智能、智能制造等新兴产业领域开展建设。,
139,产教融合垂类问题,文本,请分析产教融合型企业的主要认定标准及其在职业教育中的核心作用。,产教融合型企业的认定标准主要包括：深度参与校企合作、共建实训基地、共同开发课程、提供双师型教师培训、接收学生实习等核心指标。在职业教育中，这类企业通过真实项目导入、技术标准转化和岗位能力对接，显著提升人才培养的针对性和产业适配性，是现代产业学院建设的关键主体。,
140,产教融合垂类问题,文本,如何构建'一核多元'的产教融合教学方法？请结合案例说明其操作流程。,构建'一核多元'教学法需以项目教学为核心，融合课堂讲授、案例教学、慕课课程和翻转课堂四元要素。操作流程为：1）设计企业真实项目（如模式识别系统开发）；2）教师系统讲授理论；3）企业案例解析与编程实践；4）学生通过慕课自主学习昇腾技术；5）小组完成技术改进并展示成果。该方法能有效解决学时紧张与能力培养的矛盾，如广东工业大学与华为合作的课程实践显示，学生编程能力提升显著。,
141,产教融合垂类问题,文本,请解读《新一代人工智能发展规划》对产教融合的政策导向及实施路径。,该规划确立人工智能战略地位，政策导向体现为：1）实施'卓越工程师计划2.0'，推动新工科建设；2）鼓励'人工智能+X'跨学科培养模式；3）支持企业深度参与课程改革。实施路径包括：校企共建产教融合基地（如华为智能基座项目）、植入自主技术（如昇腾框架）、建立'两层两维'评价体系。政策核心是通过技术赋能教育供给侧改革，实现产业链与人才链的精准对接。,
142,产教融合垂类问题,文本,针对高职院校，请设计一份提升产教融合水平的年度工作方案。,方案应包含：1）机制建设：成立校企协同理事会，制定产教融合型企业认定办法；2）平台升级：对接地方产业需求，建设3个以上产业学院实训基地；3）课程改革：引入企业真实项目开发模块化课程，实现'一课双师'；4）师资培养：每年选派10名教师赴企业实践，引进5名产业教授；5）评价优化：建立校企联合评价机制，将企业满意度纳入绩效考核。重点聚焦智能制造、人工智能等区域支柱产业。,
143,产教融合垂类问题,文本,分析'现代产业学院'在产教融合中的功能定位及可持续发展策略。,现代产业学院的功能定位是：1）教育改革试验区：探索'专业群对接产业链'的人才培养新模式；2）技术创新孵化器：促进校企联合攻关与成果转化；3）资源整合平台：汇聚企业设备、师资与高校科研力量。可持续发展策略包括：建立'多元投入、风险共担'的治理结构，推行'学分银行'制度实现学分互认，通过'技术服务收入+政府购买+企业赞助'的多元经费模式保障长效运行。,
144,产教融合垂类问题,文本,请解释人工智能赋能下职业教育产教融合的内涵变化及其核心要素。,人工智能赋能下职业教育产教融合的内涵变化主要体现在三个方面：一是以服务产业与区域发展为核心，强调产教供需平衡；二是以主体互联为机制，通过组织结构变迁实现纵向贯通与横向协作；三是以资源共享与利益互融为内容，依托全产业链融合与职业教育'五金'建设。核心要素包括服务区域发展、主体互联机制、资源共享与利益互融，体现了从传统办学模式向系统性、数智化转型的趋势。,
145,产教融合垂类问题,文本,如何通过人工智能技术重构职业教育产教融合的生态？请简述其技术架构和应用场景。,职业教育产教融合的生态重构通过'数据+智能'技术实现，技术架构分为四层：数据层（数据采集与数字化改造）、网络层（资源融合与智能互联）、平台层（云平台搭建与生态共生）和安全层（数字信任保障）。应用场景包括：技术研发融合（校企共建创新共同体）、数智化生产融合（人才培养模式改革）、消费融合（用户导向服务模式）和网络化协同融合（四链联动）。这种重构实现了产教供需动态平衡、多元主体互联和资源共享。,
146,产教融合垂类问题,文本,在人工智能时代，职业教育产教融合面临哪些主要矛盾？如何通过智能技术解决这些问题？,人工智能时代职业教育产教融合的主要矛盾包括：技术研发功能不足（传统技术服务难以满足产业快速迭代）、数据对话不适配（教育话语与产业数据错位）、产教机械性匹配（浅层次合作难以适应交互式消费业态）、体制机制不完善（多主体协同机制缺失）。解决路径包括：通过数据交互实现供需精准匹配，构筑产教融合智能体重构校企关系，对接产业链智能改造应用场景，构建产教融合大模型提升动态适配能力。,
147,产教融合垂类问题,文本,请设计一份基于人工智能赋能的职业教育产教融合实施方案框架。,实施方案框架包括：1）目标导向：以服务产业与区域发展为核心，实现供需平衡、主体互联、资源共享；2）技术架构：搭建数据层（产教融合数据库）、网络层（智能互联系统）、平台层（云平台协同链）、安全层（区块链保障）；3）应用场景：推进技术研发融合、数智化生产改革、用户导向服务、四链协同；4）保障机制：建立智能治理体系，完善数据可视化与智能算法，构建数智化诊断平台；5）实施路径：分阶段推进数据交互、智能体构筑、场景改造，最终实现全要素数智化转型。,
148,产教融合垂类问题,文本,人工智能赋能下的职业教育新生态具有哪些特征？这些特征对'双师型'教师队伍建设提出哪些新要求？,人工智能赋能下的职业教育新生态呈现三大特征：要素赋值（数字化资源融入育人全过程）、治理赋能（决策从经验驱动向数据驱动转变）、价值共生（打破时空壁垒实现资源共通）。这些特征对'双师型'教师提出新要求：1）具备智能技术应用能力，能开展数智化教学；2）掌握数据驱动决策能力，参与智能治理；3）具备产业技术研发能力，推动校企共创；4）适应价值共生理念，促进跨主体协同；5）实现从传统教学向'教学+研发+服务'复合型角色转型。,
149,产教融合垂类问题,文本,根据国家政策导向，请阐述人工智能在职业教育产教融合人才培养中的战略意义。,人工智能赋能职业教育产教融合人才培养，是国家政策指引下的必然趋势。其战略意义在于：一是促进人才供需精准对接，解决产业发展与人才培养的结构性矛盾；二是推动教育教学深度融合，提升人才培养质量和适应性；三是构建产教融合生态，实现教育链、产业链、人才链和创新链的协同发展。通过全面、全程、全员赋能，人工智能能够有效解决当前产教融合存在的“融而不紧”、“融而不深”、“融而不广”等问题，最终提升职业教育服务经济社会发展能力。,
150,产教融合垂类问题,文本,请概述当前职业院校产教融合人才培养中存在的主要问题。,当前职业院校产教融合人才培养主要存在以下问题：一是“融而不紧”，表现为教育链与产业链、供应链、人才链、价值链衔接脱节，人才培养与产业需求不匹配；二是“融而不深”，表现为职业院校与企业合作层次深度不够，缺乏更深层次的教育教学合作；三是“融而不广”，表现为产教融合人才培养的参与对象、培养对象、合作范畴等方面受限，未能形成广泛的合作网络。,
151,产教融合垂类问题,文本,针对“融而不紧”的问题，人工智能技术可以如何赋能产教融合，实现教育链与产业链的紧密衔接？,人工智能技术可以通过精准人才需求分析，实现教育链与产业链的紧密衔接。具体而言，利用人工智能对区域、行业、企业的人才需求进行大数据分析，预测未来人才发展趋势，为职业院校专业设置、课程开发提供依据。同时，通过构建人工智能大模型平台，实现人才培养方案与产业需求的动态匹配，确保人才培养的宽度和深度能够满足产业发展的需求。,
152,产教融合垂类问题,文本,请详细描述“六共”应用模式在产教融合人才培养中的具体内容。,“六共”应用模式包括：共研、共建、共享、共育、共治、共赢。共研指共同研究人才培养标准、专业建设方案、教学实施计划；共建指共同建设产教融合人才培养大模型平台、师资队伍、数字化教学资源、实验实训环境和专项实践项目；共享指共同享用信息、资源和服务；共育指联合培育职业院校学生和企业员工；共治指进行集体决策和协同治理；共赢指实现多方共赢的局面。,
153,产教融合垂类问题,文本,在推进产教融合人才培养过程中，如何利用人工智能技术提升教师队伍的专业能力？,利用人工智能技术提升教师队伍专业能力，可以从以下几个方面入手：一是建设虚拟教师分身，提供全天候的教学支持；二是利用智能备课助手，辅助教师进行课程设计和资源开发；三是构建智能化的教师发展平台，提供个性化的培训和学习资源；四是利用人工智能技术进行教学效果评估，为教师提供改进建议；五是鼓励教师参与人工智能技术的应用研究，提升其技术素养和创新能力。,
154,产教融合垂类问题,文本,请解释“一体两翼”在职业教育产教融合中的核心含义，并阐述其对构建现代职业教育体系的战略意义。,“一体两翼”指的是以职业教育为一体，以产教融合和职普融通为两翼，共同构建现代职业教育体系。其中，“一体”强调职业教育的完整性和系统性，是主体；“两翼”强调产教融合和职普融通是推动职业教育发展的关键支撑。战略意义在于，通过“一体两翼”的协同发展，能够有效支撑中国式现代化建设，构建教育链、人才链与产业链、创新链协同发展的格局，提升职业教育服务经济社会发展能力，培养高素质技术技能人才，为新质生产力发展提供有力支撑。,
155,产教融合垂类问题,文本,市域产教联合体和行业产教融合共同体在组织形式上有什么区别？它们分别侧重解决什么问题？,市域产教联合体侧重于提升职业教育与地方经济结合的紧密度，整合区域内多方资源，服务于区域发展战略。行业产教融合共同体则侧重于加强职业教育与行业发展需求的适配度，汇集产业链上下游企业、高校、科研机构等力量，推动行业技术创新和人才培养。前者更关注“块”的协同，后者更关注“条”的联结。,
156,产教融合垂类问题,文本,请概述当前职业教育产教融合治理体系面临的主要挑战，并提出至少两种提升治理水平的建议。,当前职业教育产教融合治理体系面临的主要挑战包括治理主体缺位、制度创新滞后和文化融合不足。建议：1. 完善法律框架，明确产教融合共同体的核心功能、长远目标以及各参与主体的具体权利与责任范围；2. 构建跨部门联动机制，借助政策引导，发挥政府在促进产教融合落地生根过程中的关键协调作用，保障资源配置的最优化。,
157,产教融合垂类问题,文本,提到了多种产教融合的组织形式，如产业学院、开放型产教融合实践中心等。请分析这些组织形式在促进产教融合中的作用机制，并说明它们如何提升人才培养质量。,产业学院通过整合学校、企业、政府和行业资源，构建完善的教学实践体系，解决职业教育人才培养与产业需求脱节问题。开放型产教融合实践中心为学生提供真实且前沿的实践场景，提升学生的实践技能与职业素养。这些组织形式的作用机制在于，它们打破了传统教育与产业之间的壁垒，实现了资源共享、协同创新，从而提升人才培养的针对性、实践性和创新性。,
158,产教融合垂类问题,文本,阐述如何通过构建数字化平台来提升产教融合的效率和精准度，并举例说明。,构建数字化平台能够有效消除信息孤岛，实现数据共享、互联互通，从而提升产教融合的效率和精准度。例如，天津经开区生物医药产教联合体通过打造“一图谱、四清单、三平台”，增强产业与教育的紧密度，借助职链未来生成式大模型（VLF），实现工作世界、职业世界和教育世界的有序对接，提升人才供需信息匹配的效率。,
159,产教融合垂类问题,文本,请解释价值共创理论在解决产教融合中'校热企冷'问题中的作用机制。,价值共创理论通过整合不同主体的资源优势，实现整体利益最大化，从而解决产教融合中的价值冲突。具体机制包括：1）明确企业在产教融合中的多层次价值目标（经济、社会、教育、品牌价值）；2）通过需求对应（人才培养、专业建设、科研创新）实现双向价值期待；3）通过利益提升（人才供给匹配、行业人才水平提升、科研服务效益）增强企业参与积极性；4）通过共同体建设（价值原则'企业先赢'、品牌效应、功能融合）固化合作路径。,
160,产教融合垂类问题,文本,现代产业学院建设中，企业深度参与专业建设的具体路径有哪些？,根据价值共创理论，企业深度参与专业建设的路径包括：1）校企共同开发项目课程，学科专家与技术专家协作，融合课程开发理论与实践经验；2）企业参与职业能力分析和工作任务分析，确保课程内容与岗位需求对接；3）企业主导实践教学环节，提供真实工作场景和最新技术设备；4）校企共建专业建设标准，使企业掌握人才培养话语权，提升行业影响力。,
161,产教融合垂类问题,文本,如何通过'校校企合作模式'解决企业技能人才供给不足问题？,'校校企合作模式'的解决方案包括：1）由牵头高职院校利用其教育网络资源，协助企业与更多高职院校建立合作；2）建立跨院校人才联合培养机制，扩大技能人才供给总量；3）企业参与制定跨院校的人才培养标准，确保输出质量；4）通过订单班、现代学徒制等形式，实现人才定向输送。该模式能有效解决单一高职院校供给与企业用工需求不匹配的问题。,
162,产教融合垂类问题,文本,产教融合型企业参与科研创新的利益实现机制是什么？,产教融合型企业参与科研创新的利益实现机制包括：1）企业提供研发平台和经费支持，获得技术服务和成果转化；2）企业通过横向科研项目获得经济效益，实现投入回报；3）利用高职院校科研团队解决企业人力不足问题，专注生产经营；4）通过技术创新提升企业核心竞争力，获得行业话语权。关键是要建立'先投入后盈利'的共赢机制，确保企业看到实际效益才能持续投入。,
163,产教融合垂类问题,文本,设计一份提升高职院校产教融合水平的年度工作方案框架。,高职院校产教融合年度工作方案框架：1）需求对接阶段（1-3月）：调研企业用工需求，建立企业价值诉求数据库；2）平台建设阶段（4-6月）：共建产业学院，引入企业真实项目，建设双师型教师队伍；3）人才培养阶段（7-9月）：实施'课岗赛证'融通，开展现代学徒制试点；4）科研创新阶段（10-11月）：联合企业开展技术攻关，申报横向课题；5）共同体建设阶段（12月）：建立校企合作理事会，制定'企业先赢'激励机制，打造产教融合品牌项目。,
164,产教融合垂类问题,文本,根据国家《职业教育产教融合赋能提升行动实施方案(2023—2025年)》，当前职业教育产教融合面临的主要挑战是什么？,当前职业教育产教融合面临的主要挑战是“校热企冷”的严峻问题，即企业参与合作的动力不高，成为了限制职业教育产教融合发展的关键要素。这源于高职院校和企业之间对于产教融合有着各自的价值需求，导致企业在产教融合中无法实现价值目标，从而影响其参与积极性。,
165,产教融合垂类问题,文本,从价值共创视角来看，企业参与产教融合的基础动力机制是什么？,企业参与产教融合的基础动力机制在于其在人才培养中可以和高职院校实现价值共创。具体体现在学生实习与企业收益的价值共创，以及学生就业与企业效益的价值共创。企业通过实习环节筛选和培养潜在员工，并通过与高职院校合作解决人才招聘问题。,
166,产教融合垂类问题,文本,为了提升企业参与产教融合的积极性，高职院校应该如何做？,高职院校应以价值共创理念为出发点，将企业利益放在重要位置，细化和明确企业可以实现的价值目标，包括人才培养的规模和质量标准、科研服务的利润等。同时，建立相关的制度规范来保障价值共创目标的实现，并以高职院校改革为突破点，促进企业实现价值目标。,
167,产教融合垂类问题,文本,企业参与产教融合的深层动力机制是什么？这种动力机制如何体现？,企业参与产教融合的深层动力机制在于其在科研创新中可以和高职院校实现价值共创。这体现在研发平台与技术服务的价值共创，以及科研项目的经费与利润能够实现价值共创。企业通过与高职院校合作，获得技术服务和创新支持，同时高职院校通过横向课题获得经费支持。,
168,产教融合垂类问题,文本,为了实现产教融合的持续发展，校企双方应该如何构建合作关系？,校企双方应该建立职教共同体，实现价值共创的持续发展。这包括在专业建设对接行业发展、招生规模对接就业质量、科研服务助力转型升级等方面形成共识和合作。通过构建价值共同体，将动力机制从外部促进转化为内部需求，实现校企双方的长期稳定合作。,
169,产教融合垂类问题,文本,根据国家政策，现代职业教育体系建设中，行业产教融合共同体在提升人才培养质量、促进产业转型升级方面扮演什么角色？,行业产教融合共同体是提高人才培养质量、促进产业转型升级、推动经济发展的重要路径，是提升职业教育与行业发展适配度的直接体现。它通过汇聚校企产学研资源，构建促进技术成果转化和一线人才培养的高效平台，实现教育链、人才链、产业链、创新链的有效衔接。,
170,产教融合垂类问题,文本,在构建行业产教融合共同体时，共生理论框架下，构成共生系统的三大基本要素是什么？它们分别在产教融合共同体中如何体现？,共生理论框架下的三大基本要素是共生单元、共生模式和共生环境。在行业产教融合共同体中，共生单元包括政府、职业院校、企业、行业组织及科研机构等；共生模式涵盖行为共生模式（如互惠共生）和组织共生模式（如一体化共生）；共生环境则指政策、法律、文化环境等外部因素。,
171,产教融合垂类问题,文本,针对当前行业产教融合共同体建设中“产教融合和校企合作中的问题尚未得到有效解决，也未真正发挥行业产教融合共同体赋能职业教育高质量发展的动力潜能”的现状，请提出至少两条可行的改进措施。,1. 优化多维协同共生机制，激活内外单元要素的参与动力，构建政府、职业院校、企业、行业组织、科研机构等多方联动共生体。2. 构建一体化和对称性的互惠共生模式，探索利益的均衡基点，建立充分的沟通机制和利益互补的可持续机制，确保各方都能从合作中获益。,
172,产教融合垂类问题,文本,根据共生理论，行业产教融合共同体的共生单元包括哪些？在这些共生单元中，企业在产教融合中扮演着怎样的关键角色？,行业产教融合共同体的共生单元包括政府、职业院校、企业、行业组织及科研机构。企业作为经济进步的关键引擎，直面市场动态和产业变迁，对人才的需求最为敏锐，是产教融合得以落地并产生实效的核心因素，也是技术创新的策源地和知识流动转化的动力来源。,
173,产教融合垂类问题,文本,国家层面对于职业教育产教融合发展有哪些重要政策指引？这些政策对行业产教融合共同体建设起到了什么作用？,2022年，中共中央办公厅、国务院办公厅印发《关于深化现代职业教育体系建设改革的意见》，提出支持龙头企业和高水平高等学校、职业学校牵头，组建学校、科研机构、上下游企业等共同参与的跨区域产教融合共同体。这些政策为职业教育产教融合发展指明了新的方向，推动行业产教融合共同体成为职业教育产教融合的新模式、新探索、新路径。,
174,产教融合垂类问题,文本,请解释现代产业学院在产教融合中的作用，并结合文档案例说明其关键特征。,现代产业学院是产教融合的重要载体，旨在通过校企深度合作，共同培养适应产业发展需求的高素质技术技能人才。多个案例，如常州工业职业技术学院（常州新能源产教联合体）、安徽机电职业技术学院与埃夫特智能装备股份有限公司的合作，都体现了现代产业学院的特征：一是产业导向，紧密围绕区域或国家战略性新兴产业发展；二是校企共建，企业深度参与人才培养方案制定、实训基地建设和师资队伍建设；三是产学研用深度融合，推动技术创新和成果转化。,
175,产教融合垂类问题,文本,如何理解“双元制”人才培养模式在职业教育中的应用？请结合文档案例进行说明。,“双元制”人才培养模式是指学生在学校接受理论教育的同时，在企业进行实践学习，两者相互补充、相互促进。北京劳动保障职业学院探索“入学即入职”创新养老服务人才培养模式，以及沈阳职业技术学院构建“双元制”本土化特色服务沈阳装备制造产业发展，都体现了这一模式。其核心在于将企业作为学生学习的重要场所，通过实践操作提升学生的职业技能和综合素质，实现学校教育与企业需求的无缝对接。,
176,产教融合垂类问题,文本,针对希望参与教育部产教融合典型案例遴选的企业，简述申报流程和注意事项。,参与教育部产教融合典型案例遴选的流程如下：首先，由省级教育行政部门或计划单列市教育局进行推荐；其次，教育部职业教育与成人教育司进行资格审查和专家评议；最后，确定典型案例并进行公示。注意事项包括：需在公示期内（2024年12月10日至12月16日）对拟确定案例提出异议，异议需以书面形式反映，并加盖单位公章或署真实姓名、身份证号及联系电话，逾期或匿名反映不予受理。,
177,产教融合垂类问题,文本,多种产教融合主体，如“产教联合体”、“产业学院”、“市域产教联合体”，请分析这些主体的异同，并说明其在推动产教融合中的作用。,这些主体虽然名称不同，但都旨在促进产教深度融合。产教联合体通常指由高校、企业、科研机构等共同组建的合作组织，侧重于资源整合和协同创新；产业学院则更强调以产业需求为导向，校企共同建设和运营，培养特定产业领域的人才；市域产教联合体则是在城市层面构建的产教融合生态系统，整合区域内高校、企业、政府等资源，服务区域经济社会发展。它们的作用在于打破学校教育与企业需求的壁垒，实现人才培养、技术创新和产业升级的协同发展。,
178,产教融合垂类问题,文本,分析当前产教融合面临的主要挑战，并提出相应的改进建议。,文档虽然展示了大量产教融合的成功案例，但并未直接提及挑战。然而，从案例的分布和特点来看，产教融合可能面临的挑战包括：一是区域发展不平衡，东部沿海地区案例较多，中西部地区案例相对较少；二是产业结构差异，部分案例集中在传统制造业，新兴产业领域的融合仍有待加强；三是校企合作深度不足，部分合作仍停留在简单的实习实践层面。改进建议包括：加大对中西部地区产教融合的支持力度，鼓励新兴产业领域开展校企合作，深化校企合作机制，推动企业深度参与人才培养全过程，实现产学研用深度融合。,
179,产教融合垂类问题,文本,根据国家产教融合试点城市的建设经验，请阐述建设国家产教融合型城市对区域经济发展和教育体系提升的关键作用。,国家产教融合试点城市建设是推进人力资源供给侧结构性改革的战略性任务。通过深化产教融合，能够有效提高教育质量，扩大就业创业机会，推动经济转型升级，并培育新的经济增长点。具体而言，它能够促进产业结构优化，提升企业创新能力，加速科技成果转化，同时为区域经济发展提供更具适应性和专业性的高素质人才，最终形成产学研深度融合的创新生态系统。,
180,产教融合垂类问题,文本,在建设国家产教融合城市试点过程中，如何构建有效的产教融合空间布局，并明确其发展目标？,根据试点方案，应构建“一轴三区多支点”的产教融合发展空间布局。其中，“一轴”指依托广深港、广珠澳科技创新走廊建设广州产教融合发展轴；“三区”指打造北部、中部、南部三个产教融合集聚区；“多支点”指依托价值创新园区等打造产教融合发展的多支点格局。到2025年的主要发展目标是建设培养10个以上具有一定示范带动作用的产教融合型行业、400家以上省级产教融合型企业，建成立足国家中心城市、面向粤港澳大湾区的产教融合示范城市。,
181,产教融合垂类问题,文本,为了提升产教融合水平，高校应如何深化与企业的协同育人，并举例说明具体的实践模式？,深化校企双主体协同育人可以从多个方面入手：一是推进政企共建高校，例如与相关企业联合共建职业技术学院；二是推进校企共建二级学院，形成特色专业学院，实现校企联合共建；三是推进现代学徒制改革试点，校企紧密合作实施人才培养；四是推进集团化办学，成立职教集团（联盟），实现标准共建、人才共培、资源共享。例如，广州铁路职业技术学院联合相关企业成立了两个混合所有制二级学院，体现了校企深度融合的实践模式。,
182,产教融合垂类问题,文本,国家产教融合型企业在试点建设中扮演什么角色？其建设标准和目标是什么？,国家产教融合型企业是产教融合试点建设的重要主体。它们承担着人才培养、技术创新、成果转化等关键任务，是推动产业升级和教育改革的重要力量。试点目标是到2025年，建设培养400家以上省级产教融合型企业，形成国内产教融合改革、政策“双高地”，打造试点城市“广州标杆”。广州不单独设立企业标准，对照省级标准实施。,
183,产教融合垂类问题,文本,在推进产教融合试点过程中，如何有效整合资源，并建立健全试点工作的协调机制？,推进产教融合试点需要强化统筹协调，科学谋划布局，积极探索，坚持先行先试，推动改革创新。具体而言，应建立由市发展改革委牵头，市教育局、工业和信息化局、财政局、人力资源社会保障局、国资委等部门参与的产教融合试点工作协调机制，负责统筹推进试点工作。同时，各区要坚持党委领导、政府主导，深入落实产教融合整体工作方案，落实主体责任，形成工作合力。,
184,产教融合垂类问题,文本,请解释国家产教融合型企业和国家产教融合试点城市在政策层面享有哪些具体的激励措施。,根据该通知，国家产教融合型企业和国家产教融合试点城市将按规定享受产教融合领域相关投融资和财税等组合式激励政策。具体激励措施细节需参考相关配套政策文件，但总体方向是为深化产教融合提供政策支持。,
185,产教融合垂类问题,文本,分析国家层面推动产教融合的战略意义，并阐述其核心目标。,国家层面推动产教融合的战略意义在于贯彻落实党中央、国务院关于深化产教融合的决策部署。核心目标是促进教育链、人才链与产业链、创新链的深度融合、有机衔接，从而提升职业教育的质量和效能，更好地服务于经济社会发展。,
186,产教融合垂类问题,文本,概述地方发展改革和教育部门在推进产教融合试点工作中应承担的主要职责。,地方发展改革和教育部门应发挥国家产教融合型企业和试点城市的示范引领作用，建立以城市为节点、行业为支点、企业为重点的改革路径。具体职责包括完善发展规划和资源布局、推进人才培养改革、降低制度性交易成本、创新重大平台载体建设、探索体制机制创新，统筹开展试点，落实支持政策，加强组织实施，并确保试点目标如期实现。,
187,产教融合垂类问题,文本,针对一家希望申报成为国家产教融合型企业的企业，列出其需要重点关注并落实的工作要点。,企业需要重点落实《国家产教融合建设试点实施方案》要求，切实深化产教融合，促进教育链、人才链与产业链、创新链的深度融合和有机衔接。同时，企业应优化完善产教融合整体工作方案，细化工作任务，推动落实到位，并定期发布产教融合年度报告，公布工作经验和成效。,
188,产教融合垂类问题,文本,文件提及了国务院职业教育工作部际联席会议的作用，请说明其在产教融合相关工作中的具体职责。,国务院职业教育工作部际联席会议负责对《国家产教融合型企业名单》和《国家产教融合试点城市名单》进行审议通过。同时，国家发展改革委、教育部将会同相关部门加强政策统筹、协调推进和督促检查，并适时组织开展实施情况评估，确保产教融合工作的顺利推进。,
189,产教融合垂类问题,文本,广东省产教融合建设试点实施方案中，对产教融合型企业有哪些具体的税收优惠政策？,根据《广东省产教融合建设试点实施方案》，产教融合型企业的税收优惠政策包括：1. 试点企业兴办职业教育符合条件的投资，可按规定投资额30%的比例抵免当年应缴纳教育费附加和地方教育附加；2. 企业发生的职工教育经费支出，不超过工资薪金总额8%的部分准予在计算企业所得税应纳税额时扣除，超过部分准予在以后纳税年度结转扣除；3. 企业接收实习生所实际发生的工资，按规定在企业所得税前扣除；4. 参与校企合作企业用于职业教育事业的公益性捐赠支出，按国家规定在计算企业应纳税所得额时扣除。,
190,产教融合垂类问题,文本,如何构建产教融合协同创新机制？请结合广东省的政策要求说明操作要点。,构建产教融合协同创新机制需遵循以下要点：1. 引导高校、职业院校、科研院所将企业实际需求作为应用型、工程技术研究选题的重要来源；2. 申请的应用型、工程技术研究项目原则上应由行业企业参与并制定成果转化方案；3. 支持校企协同攻关，聚焦产业链关键缺失环节，瞄准“卡脖子”应用技术；4. 整合学校、企业、科研机构优势资源，实行项目共担、人才互聘、资源共用、考核互认、成果共享；5. 健全完善“基础研究+技术攻关+成果产业化+科技金融+人才支撑”全过程创新生态链；6. 推进科技成果使用、处置、收益管理改革试点，鼓励科研人员自主实施、运用、转让科技成果。,
191,产教融合垂类问题,文本,广东省在推进产教融合人才培养改革方面有哪些具体举措？,广东省推进产教融合人才培养改革的主要举措包括：1. 将工匠精神培育融入基础教育，加强中小学劳动教育；2. 推动龙头企业参与职业教育、应用型本科教育和专业学位研究生教育办学；3. 支持校企共建二级学院、产业学院，在专业设置、课程开发、实训实习、招生就业等方面开展深度合作；4. 在产业园区内设立专业人才培训基地；5. 鼓励行业和企业参与制定学校专业建设规划、人才培养方案和构建能力评价标准体系；6. 全面推行现代学徒制和企业新型学徒制，对符合条件的企业给予职业培训补贴；7. 要求规模以上企业按不低于职工总数2%安排专业对口岗位接纳学生实习；8. 建立劳动者终身学习培训体系，加大职工教育培训投入。,
192,产教融合垂类问题,文本,如何设计一个产教融合创新平台的共建方案？请基于广东省政策框架给出建议。,设计产教融合创新平台共建方案需遵循以下原则：1. 主体选择：由重点企业或高水平院校牵头，整合学校、企业、科研机构优势资源；2. 功能定位：满足实践教学、社会培训、企业真实生产和社会技术服务等需求；3. 运行机制：实行项目共担、人才互聘、资源共用、考核互认、成果共享；4. 政策支持：争取省财政对入库项目的资金支持，利用重大项目前期工作经费（最高5000万元）；5. 用地保障：将产教融合项目纳入省重点项目优先供地，预留一定比例用地用于创新平台建设；6. 产权管理：依法明晰产权归属，建立成本分担和收益共享机制；7. 开放共享：鼓励重大创新平台对行业、企业和高校开放；8. 安全保障：加强实习实训安全管理，建立学生实习强制保险制度。,
193,产教融合垂类问题,文本,广东省如何通过产教融合促进粤港澳职业教育协同发展？,广东省促进粤港澳职业教育协同发展的主要措施包括：1. 推动粤港澳资历框架对接，开展学校特定课程学分互认，逐步实现专科学历、职业资格、专业技术、职业技能等级互通；2. 探索与港澳地区开展职业技能等级认定试点；3. 鼓励港澳职业院校与广东职业院校合作办学，颁发两地学历证书；4. 支持共建粤港澳大湾区特色职业教育园区；5. 鼓励港澳职业院校、高等学校来粤共建实习实训基地，吸引港澳学生来粤开展实习实训；6. 建设一批粤港澳青年创新创业基地，举办“创青春”粤港澳大湾区青年创新创业大赛；7. 支持在粤港澳投资企业申报建设产教融合型企业；8. 支持粤港澳大湾区职业教育产教联盟发展。,
194,产教融合垂类问题,文本,请解释现代产业学院在产教融合中的作用，并阐述其与传统高等院校的区别。,现代产业学院是产教融合的重要载体，旨在通过深化学校与企业在人才培养、技术创新、成果转化等方面的合作，构建校企深度融合的创新共同体。与传统高等院校相比，现代产业学院更加注重产业导向、项目驱动和产学研深度融合，强调人才培养与产业需求的紧密对接，以及知识创造与经济发展的有效结合。其核心在于打破学校与企业之间的壁垒，实现资源共享、优势互补，共同培养适应产业发展需求的高素质技术技能人才。,
195,产教融合垂类问题,文本,如何理解农业高职院校赋能新质生产力的“四种逻辑”？请分别阐述。,农业高职院校赋能新质生产力的“四种逻辑”包括：现实逻辑、理论逻辑、实践逻辑和价值逻辑。现实逻辑强调职业教育服务新质生产力的责任和使命；理论逻辑认为职业教育是新质生产力形成的必要因子；实践逻辑关注农业高职院校高质量发展的进路选择；价值逻辑则体现了服务经济社会发展的必然要求。这四种逻辑相互支撑，共同构成了农业高职院校赋能新质生产力的内在驱动力。,
196,产教融合垂类问题,文本,针对农业高职院校，如何通过深化产教融合来提升人才培养的适应性？请给出至少三条具体建议。,为提升农业高职院校人才培养的适应性，建议：1. 创新校企合作模式，探索混合所有制、产业学院、冠名订单制等多元办学模式，将企业需求融入人才培养全过程；2. 聚焦实体化集群建设，积极参与或牵头建设行业产教融合共同体和市域产教联合体，实现资源共享和优势互补；3. 加强数字化转型，将新技术、新工艺、新规范等产业先进元素纳入教学标准，培养具备数字化素养和创新能力的高素质技术技能人才。,
197,产教融合垂类问题,文本,在推进农业高职院校的科教融汇过程中，如何激励教师参与科研活动，并将其与教学工作有效结合？,为激励教师参与科研活动并与教学工作有效结合，建议：1. 重新定位教师职业发展类型，设立“教学型”、“科研型”、“技术型”岗位，鼓励科研型、技术型教师从事科学研究和技术成果转化；2. 建立科教融汇激励制度，设立科研基金和成果奖励，改革职称评聘体系，打破“唯学历、唯职称”等束缚；3. 将科研育人工作量纳入考核标准，将科研育人成效作为科研项目验收的必备指标，推动科研成果进课堂、进教材，提升学生科技素养。,
198,产教融合垂类问题,文本,请分析在农业高职院校的产教融合中，市域产教联合体与行业产教融合共同体的区别与联系。,市域产教联合体和行业产教融合共同体都是深化产教融合的重要载体，但侧重点有所不同。市域产教联合体根植于区域经济，依托区域产业园区，更注重解决区域产业发展的人才需求和技术难题；而行业产教融合共同体则聚焦于特定行业，以龙头企业为核心，更注重提升行业整体的技术水平和创新能力。两者之间的联系在于，市域产教联合体可以涵盖多个行业产教融合共同体，共同构建区域产教融合体系，实现资源共享和协同发展。,
199,产教融合垂类问题,文本,请解读国家产教融合型企业的认定标准及其在产教融合政策体系中的战略意义。,国家产教融合型企业的认定标准主要包括企业在产教融合领域的投入程度、合作深度及示范引领作用。其战略意义在于：1）发挥龙头企业带动作用，推动产业链与教育链深度融合；2）促进校企协同育人，培养符合产业需求的高素质技术技能人才；3）构建'产学研'协同创新生态，加速科技成果转化；4）为现代产业学院建设提供实践平台，强化'双师型'教师培养。,
200,产教融合垂类问题,文本,如何基于国家产教融合型企业名单，设计区域性产教融合共同体实施方案？,实施方案应包括以下步骤：1）梳理区域内入选企业名单，按产业类别组建分领域联盟（如高端制造、信息技术等）；2）以龙头企业为核心，联合职业院校组建'1+N'现代产业学院集群；3）建立校企人才双向流动机制，企业技术骨干担任产业教授，教师定期赴企实践；4）共建共享实训基地，开发模块化课程体系；5）制定产教融合型企业评价激励办法，对表现突出的企业给予税收优惠、项目倾斜等政策支持。,
201,产教融合垂类问题,文本,分析产教融合型企业在职业教育'双师型'教师队伍建设中的作用机制。,产教融合型企业通过以下机制助力'双师型'教师队伍建设：1）提供实践岗位，支持教师参与企业真实项目开发，提升工程实践能力；2）选派技术骨干担任兼职教师，将产业前沿技术融入教学；3）共建教师企业实践流动站，形成'企业实践-教学转化'闭环；4）联合开展师资培训，更新教师知识结构和教学理念；5）设立产业导师专项津贴，激发企业参与教师培养的积极性。,
202,产教融合垂类问题,文本,请为某高职院校设计一份对接国家产教融合型企业的年度产教融合工作计划。,年度工作计划要点：1）成立产教融合办公室，专人对接区域内国家产教融合型企业；2）重点选择3-5家行业龙头企业签订深度合作协议，共建产业学院；3）开发'订单班'培养模式，按企业岗位需求定制课程模块；4）建立教师企业实践轮训制度，确保专业教师每五年累计实践不少于6个月；5）联合企业申报省级以上产教融合工程项目，争取政策资金支持；6）定期举办产教融合论坛，邀请企业技术专家参与人才培养方案修订。,
203,产教融合垂类问题,文本,解释现代产业学院与传统校企合作模式的主要区别及其对产业转型升级的支撑作用。,现代产业学院与传统校企合作的区别在于：1）组织形式上，采用'政府-学校-企业'多元主体共建的实体化运营模式；2）运行机制上，实行理事会领导下的院长负责制，赋予企业更多办学话语权；3）人才培养上，突出'岗课赛证'综合育人，实现学历教育与职业培训并重；4）技术创新上，聚焦产业关键技术攻关，推动'产学研'深度融合。其对产业转型升级的支撑作用体现在：加速科技成果转化、优化人力资源结构、提升产业链韧性，为产业高质量发展提供智力支持和人才保障。,
204,产教融合垂类问题,文本,请解释国家产教融合型企业建设试点的核心目标，并阐述其在人才培养体系构建中的作用。,国家产教融合型企业建设试点的核心目标是通过培育深度参与产教融合、校企合作的企业，使其在职业院校和高等学校办学及深化改革中发挥重要主体作用，提升技术技能人才和创新创业人才培养质量，并发挥示范引领作用。这些企业通过与院校合作，构建规范化的技术课程、实习实训和技能评价标准体系，提升企业承担专业技能教学和实习实训能力，推动技术技能人才企业实训制度化，从而构建服务支撑产业重大需求的技术技能人才和创新创业人才培养体系。,
205,产教融合垂类问题,文本,如何理解产教融合型城市建设的试点原则？请概括说明。,产教融合型城市建设的试点原则包括：统筹部署、协调推进（政府主导，发挥市场作用）；优化布局、区域协作（根据国家区域发展战略和产业布局）；问题导向、改革先行（破除体制障碍，打通改革“最后一公里”）；有序推进、力求实效（实事求是，因地因业制宜）。这些原则旨在形成政府、企业、高校协同共进的工作格局，促进教育和产业的深度融合。,
206,产教融合垂类问题,文本,请详细描述提到的现代学徒制在产教融合人才培养中的具体实施方式。,提到，在产教融合人才培养中，要重点推动企业通过校企合作等方式构建规范化的技术课程、实习实训和技能评价标准体系，并全面推行现代学徒制和企业新型学徒制。现代学徒制强调以生产性实训为关键环节，深度开展校企协同育人改革，推进职业院校人才培养与企业联盟、与行业联合、同园区联结，旨在提升人才培养与产业需求的契合度。,
207,产教融合垂类问题,文本,针对一家希望参与产教融合试点的高校，提出三项具体的行动建议，以提升其在产教融合中的地位。,1. **深化校企合作，共建实体化机构：** 探索与企业依法合资、合作设立实体化机构，实现市场化、专业化运作，例如校企共建产教融合科技园区、众创空间、中试基地。2. **完善人才培养结构动态调整机制：** 建立紧密对接产业链、服务创新链的学科专业体系，推动高等学校和企业面向产业技术重大需求开展人才培养和协同创新，提高应用型人才培养比重。3. **积极参与产教融合平台建设：** 创新实训基地建设和运行模式，依托企业建设高水平、专业化产教融合实训基地，满足现代农业、先进制造业等产业人才需求。,
208,产教融合垂类问题,文本,提到了对产教融合型企业的激励措施，请总结这些激励措施的主要内容。,提到的对产教融合型企业的激励措施主要包括：1. **财政激励：** 试点企业兴办职业教育符合条件的投资，按规定投资额30%比例抵免教育费附加和地方教育附加。2. **认证激励：** 将取得显著成效的试点企业纳入产教融合型企业认证目录。3. **组合式激励：** 给予“金融+财政+土地+信用”的组合式激励。4. **政策支持：** 全面落实社会力量举办教育可适用的各项财税、投资、金融、用地、价格优惠政策。,
209,产教融合垂类问题,文本,请解读国家产教融合试点城市的政策意义及其对区域产业升级的作用。,国家产教融合试点城市的设立旨在通过政策引导，推动教育与产业深度融合，促进区域产业结构优化升级。试点城市通过整合教育资源与产业需求，培养适应产业发展的高素质技术技能人才，助力地方经济高质量发展。,
210,产教融合垂类问题,文本,作为一家位于试点城市的企业，如何申请成为产教融合型企业并享受相关政策支持？,企业需向所在试点城市的产教融合主管部门提交申请，证明自身在人才培养、技术研发等方面与教育机构有实质性合作。经审核认定后，可享受包括'金融+财政+土地+信用'的组合式激励政策，以及优先参与政府支持的产教融合项目。,
211,产教融合垂类问题,文本,请分析现代产业学院在产教融合中的核心功能及建设标准。,现代产业学院是深化产教融合的重要载体，其核心功能包括：校企协同育人、技术研发创新、社会服务培训等。建设标准要求具备'双师型'教学团队、真实生产环境的教学场景、市场化运作的管理机制，以及可持续的校企利益共享模式。,
212,产教融合垂类问题,文本,为提升职业教育服务产业能力，试点城市应重点推进哪些工作？,试点城市应重点推进：1）建立产教融合信息服务平台，促进校企精准对接；2）支持职业院校建设产业特色专业群；3）推行'校企共同招生、共同培养、共同管理'的订单班培养模式；4）完善'双师型'教师培养评价机制；5）建设一批高水平专业化产教融合实训基地。,
213,产教融合垂类问题,文本,请设计一份产教融合型企业评价体系的实施方案。,产教融合型企业评价体系实施方案应包括：1）评价指标：涵盖校企合作深度、人才培养质量、技术研发贡献等维度；2）评价方式：采用企业自评、专家评审、第三方评估相结合的方式；3）结果应用：实施动态管理，对优秀企业给予政策倾斜，对不合格企业限期整改。,
214,产教融合垂类问题,文本,国家产教融合型企业和试点城市可以享受哪些政策支持？,根据《国家产教融合建设试点实施方案》，国家产教融合型企业和国家产教融合试点城市可以按规定享受产教融合领域相关投融资和财税等组合式激励政策。这些政策旨在支持企业和城市深化产教融合，促进教育链、人才链与产业链、创新链的深度融合与有机衔接。,
215,产教融合垂类问题,文本,地方政府在推进产教融合试点工作中应重点关注哪些任务？,地方政府应重点聚焦五项任务：一是完善发展规划和资源布局；二是推进人才培养改革；三是降低制度性交易成本；四是创新重大平台载体建设；五是探索体制机制创新。同时要建立城市为节点、行业为支点、企业为重点的改革新路径新机制，统筹开展试点，落实支持政策，加强组织实施。,
216,产教融合垂类问题,文本,产教融合试点城市和企业如何发挥示范引领作用？,产教融合试点城市和企业应通过以下方式发挥示范引领作用：一是优化完善、深入落实产教融合整体工作方案，细化工作任务并推动落实到位；二是组织企业和城市发布产教融合年度报告，及时公布工作经验、典型案例和取得成效；三是地方政府要加强经验总结推广，将成熟经验及时上升为政策和制度，在更大范围内复制推广。,
217,产教融合垂类问题,文本,国家层面如何监督和评估产教融合试点工作的实施情况？,国家发展改革委、教育部将会同相关部门加强三方面工作：一是加强政策统筹和协调推进；二是加强督促检查；三是适时组织开展实施情况评估。同时要求地方政府及时向国家发展改革委、教育部等部门报告产教融合年度工作进展、推进过程中遇到的重大问题以及具有示范效应的重大举措。,
218,产教融合垂类问题,文本,产教融合试点工作的战略目标是什么？,产教融合试点工作的战略目标是促进教育链、人才链与产业链、创新链深度融合、有机衔接。通过建立城市为节点、行业为支点、企业为重点的改革新路径新机制，深化产教融合，推动人才培养改革，创新体制机制，最终实现教育、人才与产业的协同发展，为经济社会高质量发展提供有力支撑。,
219,产教融合垂类问题,文本,请阐述产教融合对高等职业教育发展的战略意义，并结合当前高等职业教育面临的挑战，分析产教融合在解决这些挑战中的作用。,产教融合是高等职业教育发展的必然选择和重要抓手。战略意义在于，它能够有效提升职业教育的适应性和针对性，促进人才培养与产业发展深度融合，为经济社会发展提供高质量的技术技能人才和智力支持。当前高等职业教育面临“校企脱节”、“培养与市场需求不匹配”等挑战，产教融合通过构建校企合作平台、共同开发课程、共建实习基地等方式，能够有效打通人才培养与产业需求的通道，提升人才培养的质量和就业竞争力。,
220,产教融合垂类问题,文本,如何理解“双师型”教师在产教融合中的作用？请从教师的专业发展和人才培养质量提升两个方面进行阐述。,“双师型”教师是指既精通专业知识，又具备丰富的实践经验的教师队伍。在产教融合中，“双师型”教师是关键要素。一方面，他们能够将最新的产业技术和实践经验带入课堂，提升教学的针对性和实效性，使学生更好地掌握实际操作技能。另一方面，他们能够促进教师的专业发展，通过企业实践不断更新知识结构，提升专业素养，从而更好地适应产业发展的需求，提高人才培养质量。,
221,产教融合垂类问题,文本,请详细描述现代产业学院的建设模式，并分析其在推动产教融合中的优势。,现代产业学院是产教融合的重要载体，其建设模式通常包括：校企合作共建、课程体系共同设计、教学资源共享、实习实训基地共建、科研项目合作等。优势在于：能够充分发挥企业在技术、人才、市场等方面的优势，与学校的教育教学资源相结合，形成优势互补、协同发展的良好局面。通过这种模式，可以有效提升人才培养的质量和效率，促进科技成果转化，推动产业升级和发展。,
222,产教融合垂类问题,文本,在推进产教融合的过程中，企业面临哪些常见的挑战？提出相应的应对策略。,企业参与产教融合面临的挑战包括：人才培养后流失问题、合作培养中的沟通协调问题、专业建设与企业需求不匹配问题、技术应用创新中的风险问题等。应对策略包括：建立长期合作机制，加强与学校的沟通与交流；共同制定人才培养方案，确保培养目标与企业需求一致；加强专业建设，提升人才培养的适应性；建立风险评估和保障机制，促进技术创新。,
223,产教融合垂类问题,文本,请解释“产学研”合作与“产教融合”之间的关系，并分析两者如何协同促进区域经济发展。,“产学研”合作是指企业、高校和科研院所之间在技术研发、成果转化等方面进行的合作，而“产教融合”则更侧重于企业与职业院校在人才培养、技术创新等方面的深度融合。“产学研”合作是“产教融合”的重要支撑，为“产教融合”提供技术和创新源泉。两者协同促进区域经济发展，通过“产学研”合作提升企业的创新能力，通过“产教融合”培养适应产业发展需求的人才，从而形成创新驱动、人才支撑的区域经济发展新模式。,
224,产教融合垂类问题,文本,请解释现代产业学院在产教融合中的作用，并阐述其与传统校企合作模式的主要区别。,现代产业学院是深化产教融合的重要载体，它是由高校（尤其是高职院校）与产业龙头企业深度合作共建的，旨在服务特定产业发展的人才培养、技术创新和成果转化平台。与传统校企合作模式相比，现代产业学院具有以下主要区别：一是合作深度更深，现代产业学院强调深度融合，企业参与人才培养全过程，共同制定培养方案、共建实训基地、共聘师资等；二是目标导向更明确，现代产业学院聚焦特定产业，服务产业发展需求，培养符合产业发展要求的人才；三是资源投入更充足，现代产业学院通常由政府、高校和企业共同投入资金和资源，保障其可持续发展；四是运行机制更灵活，现代产业学院采用市场化、企业化的运行机制，提高效率和效益。,
225,产教融合垂类问题,文本,如何理解“双师型”教师在提升职业教育服务新质生产力方面的关键作用？,“双师型”教师是指既具有扎实的专业知识和技能，又具备丰富的实践经验和行业背景的教师队伍。在新质生产力锻造中，“双师型”教师发挥着关键作用，主要体现在：一是能够将最新的产业技术和发展趋势融入教学内容，确保人才培养与产业需求紧密对接；二是能够指导学生进行实践操作和项目研究，提升学生的实践能力和创新能力；三是能够作为校企合作的桥梁，促进学校与企业之间的技术交流和成果转化；四是能够为企业提供技术咨询和培训服务，助力企业转型升级。因此，加强“双师型”教师队伍建设是提升职业教育服务新质生产力的重要保障。,
226,产教融合垂类问题,文本,针对当前职业教育在服务新质生产力锻造中存在的“人才培养方式滞后”问题，请提出至少三项具体的改进措施。,针对职业教育人才培养方式滞后问题，提出以下改进措施：一是深化课程体系改革，构建基于职业标准、行业标准和企业标准的“三标融合”课程体系，确保课程内容与产业发展需求高度匹配。二是推行“项目式教学”、“任务驱动式教学”等新型教学模式，强化学生的实践能力和创新能力培养。三是加强校企合作，建立常态化的企业参与课程开发、教学实践和人才评价机制，实现产教协同育人。四是构建灵活多样的学习路径，支持学生跨专业、跨领域学习，培养复合型技术技能人才。,
227,产教融合垂类问题,文本,请阐述产教融合共同体在推动产业转型升级中的作用机制，并分析其面临的主要挑战。,产教融合共同体通过整合学校、企业、研究机构等资源，形成协同创新合力，在推动产业转型升级中发挥重要作用。其作用机制主要体现在：一是促进技术创新，共同开展技术研发和成果转化，为产业升级提供技术支撑；二是培养高素质人才，为产业发展提供人才保障；三是优化产业结构，推动产业向高附加值、高技术含量方向发展；四是提升区域竞争力，促进区域经济发展。产教融合共同体面临的主要挑战包括：一是利益分配机制不健全，导致各方参与积极性不足；二是知识产权保护问题，影响技术成果转化；三是体制机制障碍，制约产教融合的深度和广度；四是缺乏有效的评估和激励机制，影响共同体的可持续发展。,
228,产教融合垂类问题,文本,新质生产力锻造对职业教育提出了哪些新的要求？请从人才培养目标、教学内容和师资队伍建设三个方面进行分析。,新质生产力锻造对职业教育提出了以下新的要求：一是人才培养目标方面，要从培养“技能型人才”向培养“技术技能型创新人才”转变，强调学生的创新能力、实践能力和解决实际问题的能力。二是教学内容方面，要从注重基础知识和技能的传授向注重前沿技术和产业发展趋势的融入转变，加强新兴技术、交叉学科和多领域知识的融合。三是师资队伍建设方面，要从注重教师的学历和职称向注重教师的实践经验和行业背景转变，大力培养“双师型”教师队伍，鼓励教师深入企业实践，了解产业需求，提升教学质量。,
229,产教融合垂类问题,文本,在产教融合课程体系建设中，如何解决产业人才技能需求难以全面准确捕捉的问题？,可通过基于知识图谱的技术方案解决：1)利用数据抓取技术和自然语言处理技术实时采集产业岗位招聘信息；2)通过命名实体识别模型(如BERT-BILSTM-CRF)进行技能需求关键词抽取；3)建立产业需求与课程知识点的映射关系，将产业能力需求纳入可量化评估体系。这种方法突破了传统企业问卷调查的局限性，能动态、全面地捕捉产业人才能力需求信息。,
230,产教融合垂类问题,文本,产教融合知识图谱平台在人才培养中有哪些核心功能模块？,产教融合知识图谱平台包含三大核心功能模块：1)课程体系监控模块，展示课程开课情况、目标达成度及知识点关联资源；2)学生能力画像模块，生成个人能力达成评估，提供学业预警、竞赛推荐和实习岗位推荐等个性化服务；3)产业资源对接模块，整合企业导师、实训设备/仪器资源及软件资源，支持在线预约和使用。这些模块共同构成产教双向能力达成评价和持续改进的支撑体系。,
231,产教融合垂类问题,文本,如何构建产教融合课程体系的持续改进机制？,构建产教融合课程体系持续改进机制需遵循四个关键步骤：1)动态采集产业岗位招聘信息作为需求输入；2)通过自然语言处理技术抽取产业技能需求，并与专业认证毕业要求及课程知识点进行匹配映射；3)建立包含产业评价维度的学生能力达成综合评估体系；4)应用知识图谱技术实现可视化交互和智能推理，支持动态评估和持续优化。该机制确保课程体系与产业需求保持同步，提升工程人才培养质量。,
232,产教融合垂类问题,文本,产教融合型企业参与课程体系建设的主要价值体现在哪些方面？,产教融合型企业参与课程体系建设的主要价值体现在：1)提供真实产业能力需求信息，解决传统课程体系与产业脱节问题；2)通过企业导师、实训设备和实习岗位等资源输入，强化工程实践能力培养；3)参与课程评价体系设计，引入产业评估维度，使能力考核更符合岗位要求；4)促进知识图谱中的产业技能需求与课程知识点映射，实现产教双向能力达成评价。这种深度参与有助于培养具备工程逻辑、能解决复杂工程问题的高素质人才。,
233,产教融合垂类问题,文本,现代产业学院在产教融合中应发挥什么作用？,现代产业学院作为产教融合的重要载体，应发挥三方面核心作用：1)构建产教深度融合的组织平台，整合高校、企业、行业等多方资源，形成协同育人共同体；2)开发基于产业需求的能力导向型课程体系，通过知识图谱等技术实现产业技能需求与课程知识点的精准匹配；3)建立双元评价机制，既评估学生课程知识掌握情况，也考核其产业岗位胜任能力。产业学院应成为连接教育与产业的桥梁，推动人才培养与产业需求无缝对接。,
234,产教融合垂类问题,文本,根据国家政策导向，请阐述行业产教融合共同体在现代职业教育体系建设中的核心作用和主要任务。,行业产教融合共同体是深化现代职业教育体系建设改革的关键抓手，其核心作用在于打破校企之间长期存在的壁垒，实现产教深度融合、资源共享。主要任务包括：一是有效促进产教布局高度匹配，服务高效对接，支撑全行业发展；二是整合行业、学校、科研机构等各类资源，形成跨区域的产教协同网络；三是联合开展人才培养、技术创新、成果转化等活动，提升职业教育的适应性和服务能力；四是推动校企一体化发展，完善现代职业教育体系。,
235,产教融合垂类问题,文本,现代产业学院建设中，如何理解并落实“产业性是关键，育人性是根本，共生性是实质”这一核心逻辑？请分别阐述。,“产业性是关键”强调现代产业学院必须紧密围绕产业发展需求，服务产业升级，通过技术研发、成果转化等方式支撑产业发展。“育人性是根本”强调现代产业学院要坚持育人优先，培养适应产业发展的高素质技术技能人才，注重德技并修。“共生性是实质”强调现代产业学院是学校与企业共建共享的平台，需要建立共生性机制和治理体系，实现双方的优势互补、共同发展。落实这三点，需要明确办学定位，搭建产学研用平台，优化教学资源配置，共建实习实训基地。,
236,产教融合垂类问题,文本,针对一家希望提升产教融合水平的高职院校，设计一份包含具体措施的年度工作重点。,年度工作重点应围绕以下几个方面展开：1. **深化产教融合共同体建设**：积极参与或牵头组建行业产教融合共同体，明确合作企业和项目。2. **优化人才培养模式**：以产业需求为导向，调整专业设置和课程体系，引入企业参与课程开发和教学。3. **搭建产学研用平台**：建设或升级校企联合实验室、实习实训基地，促进科研成果转化和技术创新。4. **加强师资队伍建设**：引进企业专家担任兼职教师，鼓励教师到企业实践锻炼，提升“双师型”教师队伍比例。5. **完善评价体系**：建立校企合作评价机制，将企业评价纳入学生综合素质评价体系。,
237,产教融合垂类问题,文本,在现代产业学院建设中，如何有效整合“产学研用”资源，促进人才链、创新链与产业链的紧密衔接？请给出具体操作建议。,有效整合“产学研用”资源的关键在于搭建一个高效协同的平台。具体操作建议包括：1. **校企合作科研项目**：鼓励学校与企业联合开展应用型科研项目，解决企业实际技术难题。2. **联合开发课程体系**：邀请企业专家参与课程开发，确保课程内容与产业需求紧密结合。3. **共建实习实训基地**：在企业建立实习实训基地，提供真实的实践环境和操作机会。4. **人才供需对接会**：定期举办人才供需对接会，促进企业与学生之间的交流和招聘。5. **技术成果转化平台**：建立技术成果转化平台，加速科研成果向生产力转化。,
238,产教融合垂类问题,文本,分析当前现代产业学院建设面临的主要挑战，并提出相应的对策建议。,并未直接提及现代产业学院建设面临的挑战，但可以推断出以下几个方面：1. **产业定位不清晰**：部分学院未能准确把握产业发展趋势，导致人才培养与产业需求脱节。对策：明确学院办学定位，紧密围绕地方产业发展需求，制定有针对性的培养方案。2. **校企合作不深入**：校企合作流于表面，缺乏实质性的合作内容和成果。对策：建立共生性机制和治理体系，实现校企深度融合，共同参与人才培养、技术创新和成果转化。3. **资源配置不均衡**：优质教育资源和产业资源分布不均，导致部分学院发展受限。对策：加强区域合作，共享优质资源，促进产教融合的均衡发展。,
239,产教融合垂类问题,文本,行业产教融合共同体的核心特征是什么？其与传统产教融合模式有何区别？,行业产教融合共同体是一种创新型产教融合模式，具有跨区域、全产业链覆盖、整合全行业企业资源、容纳多元教育与产业类型等特征，呈现典型复杂适应系统属性。与传统产教融合模式相比，其区别主要体现在：1）聚集性更强，囊括同一行业各类企业、各类学校及政府部门，形成多主体聚集的复杂系统；2）多样性更丰富，政府、行业、企业、学校各处独特生态位，发挥不同效能；3）资源流动更顺畅，建立实训基地、师资双聘、学历衔接、知识互认等机制；4）效应呈现非线性，通过互补效应联动发挥，实现整体效能大于部分效能的结果。,
240,产教融合垂类问题,文本,如何有效防范产教融合中'校热企冷'的问题？请从政策设计和激励机制角度提出建议。,防范'校热企冷'问题需从价值调和与机制创新入手：1）调整政策价值取向，避免单一指向教育端，应平衡产业端利益关切，在政策文件中明确企业参与产教融合的经济回报；2）建立长效合作机制，通过过程共管、责任共担培养符合企业需求的高素质技术技能人才，增加人才与企业黏合度；3）强化技术创新标识，突出服务企业技术升级、产品研发的创新价值，让企业在科研行动中获得直接经济利益；4）完善激励机制，在政府强制力和公信力支持下，试点'毕业证书+职业资格证书'双证书制度，实现学生毕业即上岗的顺畅过渡；5）建立企业参与产教融合的成本补偿机制，对深度参与企业提供税收优惠、金融支持等政策倾斜。,
241,产教融合垂类问题,文本,请设计一套行业产教融合共同体的质量评价体系，包含核心指标和实施要点。,行业产教融合共同体质量评价体系应注重'实践'与'育人'双重目标导向，核心指标包括：1）人才培养质量：毕业生就业率、专业对口率、用人单位满意度、毕业生薪资水平、职业发展质量；2）科研创新成效：重大关键技术突破数量、应用成果社会经济效益、有效专利及软件著作权数量、科技成果产业化指标；3）资源整合效能：产教融合实训基地建设数量、专业标准开发数量、'双师型'教师比例、企业参与课程开发程度；4）机制建设水平：实体化运营机构完善度、校企协同治理结构、多元主体参与度、可持续发展能力。实施要点：1）制定可操作量化指标体系，完善一级与二级指标；2）采用划档积分测算方法，进行多维度综合评估；3）建立第三方评价机制，确保评价客观公正；4）将评价结果与政策支持、资源配置挂钩，形成良性循环。,
242,产教融合垂类问题,文本,如何构建行业产教融合共同体的实体化运行机制？请从资源整合角度提出具体措施。,构建行业产教融合共同体实体化运行机制需促进各类资源有效整合，具体措施包括：1）教育形式整合：通过实体产线搭建、学习工厂创建、'教训一体'机制，将企业生产线建在学校内部作为教学课堂，实现工学交替无缝衔接；2）师资队伍整合：建立'企业-高校'师资力量流动链条，为企业实践人才进入高校开设绿色渠道，实施校企师资交流轮岗制度，让教师深入企业生产全流程；3）科技成果转化整合：在共同体领导小组下设科学技术转移转化办公室，统筹全行业科技成果转化工作；建设校企共建应用基地和中试基地，加速高端前沿科技成果转化应用；4）平台载体整合：建设独立运营的产教融合实训基地，作为实体化运作核心载体，促进学校教学资源与企业实践资源双向流动；5）制度机制整合：明确各方责任、利益、法律地位及经济分配关系，形成可持续发展的实体化运营制度框架。,
243,产教融合垂类问题,文本,请解释产教融合对高等教育发展的主要影响，并结合文档内容分析其在促进科技成果转化方面的作用。,产教融合对高等教育发展的影响主要体现在人才培养模式的创新、学科建设的优化以及服务经济社会发展能力提升等方面。文档指出，产教融合是实现知识与技术转化、创新人才培养模式的重要机制，能够有力地促进科技成果转化，赋予大学城所在城市发展新动力。通过校企合作，高校可以将科研成果应用于产业实践，企业则可以获得技术支持和人才供给，形成互利共赢的局面。产教融合的深化有助于打破高校与产业之间的壁垒，加速科技成果的商业化进程，推动区域经济发展。,
244,产教融合垂类问题,文本,针对职业教育领域，如何理解‘产教融合’的内涵？提及了哪些产教融合的研究角度？,提到，早期学者将产教融合等同于校企合作，认为其是高校与企业就人才培养达成的合作。但随着国家重视程度的提高，产教融合的内涵已超越校企合作，成为整个教育系统与行业、产业间互动发展的纽带。研究角度包括产教融合的内涵、人才培养模式、合作机制、存在问题及解决对策等。此外，国内学者还重点研究了产教融合的实施路径、存在问题及解决对策，强调政府、企业、高校三方协同努力。,
245,产教融合垂类问题,文本,在推进产教融合的过程中，高校应如何选择合作企业？对此有何建议？,在产教融合过程中，高校应尽量选择与那些可长期投入到产教融合中的企业合作，而不是与追求快速、短期利益回报的企业合作。这表明，高校应注重与企业的战略协同和长期合作关系，而非仅仅关注短期经济效益。选择长期合作伙伴有助于建立稳定的合作机制，促进人才培养与产业需求的深度对接，实现产教融合的可持续发展。,
246,产教融合垂类问题,文本,请分析当前产教融合研究的主要问题，提出解决这些问题的建议。,当前产教融合研究存在的问题包括国家缺乏顶层设计、高校创新动力不足、科技成果转化困难、产教对接渠道不畅通等。文档指出，要解决这些问题，需政府提供政策支持，完善配套政策和管理机制，加强产业链与创新链的双链耦合。同时，高校应加强与企业的合作，根据企业需求调整人才培养方案，提升教师实践教学水平，促进学生实践能力成长。,
247,产教融合垂类问题,文本,请概述大学城产教融合研究的现状和未来发展趋势。,文档显示，目前对大学城产教融合的研究相对较少，国内外学者主要集中于大学城的定义、兴起与发展以及产教融合的内涵、人才培养模式等方面。未来发展趋势可能包括：加强对大学城产教融合的系统研究，弥补现有研究空白；探索大学城产教融合的新模式，如建立开放合作型教育管理模式；构建产业链、人才链、创新链三链融合的协同育人平台；打造融合、服务、协同持续发展的协同创新平台。,
248,产教融合垂类问题,文本,根据TOE框架分析，提升高校科技成果转化绩效的核心条件有哪些？请结合政策标准进行解读。,基于TOE框架，提升高校科技成果转化绩效的核心条件包括人力技术水平、技术创新能力和政府支持力度。政策标准上，这些条件对应国家推动产教融合的战略部署：1）人力技术水平强调建设'双师型'教师队伍，教育部要求高职院校'双师型'教师占比不低于50%；2）技术创新能力体现为专利转化率，2022年高校发明专利产业化率仅3.9%，政策要求提升至10%以上；3）政府支持力度对应产教融合型企业税收优惠，如《国家产教融合建设试点实施方案》规定企业投资教育可享受抵免教育费附加等政策。,
249,产教融合垂类问题,文本,如何设计一个基于校企合作的人才培养方案？请提供操作流程指南。,设计校企合作人才培养方案的操作流程：1）需求对接：通过产业学院平台开展'订单班'调研，明确企业岗位能力标准；2）课程重构：参照1+X证书制度，将企业真实项目转化为教学模块；3）师资共建：实施'双导师制'，企业导师承担30%以上实践教学；4）基地建设：按照生产性实训基地标准共建实验室，设备投入比例不低于1:1；5）质量监控：引入第三方评价，毕业生就业对口率需达85%以上。此流程符合《职业学校校企合作促进办法》对'人才共育、过程共管'的要求。,
250,产教融合垂类问题,文本,针对职业教育产教融合水平不足的问题，请设计一份年度工作重点方案。,提升职业教育产教融合水平的年度工作重点方案：1）机制创新：建立产教融合型企业认证标准，培育3-5家省级示范企业；2）平台建设：重点打造2个产业学院，实现'校中厂'覆盖率100%；3）师资提升：安排50%专业教师下企业实践，获取'双师型'认证；4）课程改革：开发5门模块化课程，融入企业真实项目案例；5）服务升级：开展'技术服务月'活动，解决企业技术难题10项以上。方案对标《职业教育提质培优行动计划》，强化'校企命运共同体'建设。,
251,产教融合垂类问题,文本,解释'产学研'协同创新与产教融合的内在联系，并说明其在科技成果转化中的作用。,'产学研'协同创新与产教融合是'一体两翼'的关系：产教融合是基础框架，强调人才培养与产业需求对接；产学研协同创新是实践路径，聚焦科技成果转化。二者的内在联系体现在：1）主体一致性：均以高校为枢纽，对接企业（产业）和科研机构；2）目标协同性：最终实现'教育、科技、人才'三位一体发展；3）资源互补性：如河北省案例显示，政府支持力度（组织要素）与技术创新能力（技术要素）可等效驱动转化绩效。在科技成果转化中，产学研通过'四技'合同（技术开发、转让、咨询、服务）实现价值转化，2022年高校产业化率3.9%的瓶颈亟需通过深化产教融合来突破。,
252,产教融合垂类问题,文本,宁波市在推进产教融合方面，对入选不同层级的产教融合联盟（示范基地、企业）、现代产业学院分别给予了哪些奖励？,宁波市对入选国家级、省级、市级产教融合联盟（示范基地、企业）、现代产业学院分别给予分档奖励。具体奖励标准未在详细列出，但明确表示存在分档激励机制。,
253,产教融合垂类问题,文本,作为一家宁波的民营企业，如果希望通过产教融合的方式提升人才培养质量，可以获得哪些政策支持？,宁波市对产教融合型企业提供多项支持。企业可以通过参与产教融合项目获得奖励，根据对职业教育、产教融合项目的投入资金，政府将按比例予以奖励。此外，文档还提到鼓励企业与高校、院所建立高层次人才“共享双聘”机制，选派“科技副总”“产业教授”，并对企业引进海外工程师提供年薪资助。,
254,产教融合垂类问题,文本,提到的“161”工程，其核心目标是什么？它与宁波市推动高等教育发展和产教融合之间存在怎样的联系？,提到的“161”工程是宁波市推进学科专业建设的一项重要举措，其核心目标是建立健全与新质生产力发展需要相匹配的高等学校学科专业优化调整机制。它与产教融合紧密相关，通过优化学科专业结构，确保高等教育能够更好地服务于产业发展，为产业提供所需的人才，从而推动产教融合的深入发展。,
255,产教融合垂类问题,文本,为宁波市一所高职院校设计一份提升产教融合水平的年度工作重点，至少包含三个方面。,"宁波市高职院校提升产教融合水平的年度工作重点：
1. **深化校企合作，共建现代产业学院：** 积极申报国家级、省级现代产业学院，争取政策资金支持，与企业深度合作，共同开发课程体系，共建实训基地，实现人才培养与产业需求紧密对接。
2. **加强师资队伍建设，打造“双师型”教师队伍：** 鼓励教师深入企业实践，提升实践能力，引进企业工程师担任兼职教师，打造一支既精通理论又具备丰富实践经验的“双师型”教师队伍。
3. **推进产教融合型项目建设：** 积极参与国家产教融合试点城市建设，争取更多产教融合项目，并根据产教融合型企业对职业教育、产教融合项目的投入资金，争取相应的政策奖励。",
256,产教融合垂类问题,文本,宁波市在推进职业教育发展方面，有哪些具体的政策措施？请从人才培养、学校建设和保障机制三个方面进行总结。,"宁波市在推进职业教育发展方面采取了以下措施：
*   **人才培养：** 支持宁波职业技术学院升格为本科层次职业大学，推进“一人一技”终身职业技能培训，加强新就业形态就业人员职业伤害保障，并实施长期护理保险制度。
*   **学校建设：** 支持继续实施普通高校基础设施提质工程，改善高校办学条件，并支持建设省级农业科技园区和省重点农业企业研究院、重点实验室等。
*   **保障机制：** 迭代升级甬江人才工程，对青年人才提供项目支持，并建立校企、院企高层次人才“共享双聘”机制。同时，通过对产教融合型企业提供资金奖励等方式，构建产教融合的保障机制。",
257,产教融合垂类问题,文本,市域产教联合体的政策意蕴主要体现在哪三个关键词上？请结合政策文件解析其内涵。,市域产教联合体的政策意蕴主要通过三个关键词解析：一是‘市域’，强调地方政府主体责任，依托产业集聚基础促进资源优化配置；二是‘产教’，落实以产助教、以教促产，通过激励机制调动企业积极性；三是‘联合’，打通合作链条，建立长效关联，通过组织架构和机制设计实现多主体协同。,
258,产教融合垂类问题,文本,市域产教联合体建设中政府应如何发挥主导作用？请结合政策要求提出具体策略。,政府应发挥主导作用，具体策略包括：明确主导定位，树立‘顶层设计者、统筹协调者、问题答卷者、公共服务者’的定位；加强战略规划，将联合体建设纳入区域发展规划；聚焦重点任务，牵头遴选示范企业、组建公共实训中心、打造科技中介平台和人才交流平台；完善制度体系，推进数智治理，建立长效激励机制和治理机制。,
259,产教融合垂类问题,文本,市域产教联合体的学理逻辑框架是什么？请从组织、行为、制度三个层面展开分析。,市域产教联合体的学理逻辑基于‘组织—行为—制度’生态型分析框架：组织层通过利益相关者理论实现协同治理，政府调和学校与企业价值冲突；行为层基于社会分工理论优化资源配置，推动教育系统与产业系统协作；制度层借鉴生态学理论，通过制度张力维持多样性、制度理性保障平衡、制度文化实现可持续进化。,
260,产教融合垂类问题,文本,如何设计市域产教联合体的现实方略？请从政府、学校、企业三个主体提出行动建议。,现实方略需三方协同：政府应强化统筹规划、政策供给和项目落地；学校需立足需求导向，优化专业布局，加强科研能力；企业应深度参与人才培养，承担订单班、学徒制等任务，同时利用平台资源提升创新能力。此外，需建立市场化服务机构，降低行政事务成本，推动产教融合专业化发展。,
261,产教融合垂类问题,文本,市域产教联合体建设对职业教育高质量发展有何战略意义？请结合政策目标分析。,市域产教联合体建设是深化现代职业教育体系建设改革的重要举措，其战略意义在于：通过强化地方政府统筹作用，精准弥补现行政策局限性；通过系统性分工协作优化资源配置，实现‘四链’衔接；通过制度建设构建长效机制，推动职业教育与区域经济深度融合，支撑技能型社会建设和区域高质量发展。,
262,产教融合垂类问题,文本,市域产教联合体在深化产教融合中的运行逻辑包含哪些核心要素？,市域产教联合体赋能产教融合的运行逻辑包含四个核心要素：一是以政府为主导，通过统筹规划、政策制定和经费支持整合区域资源；二是以产业园区为载体，依托园区空间布局和资源聚集度促进产教资源共享；三是以多元主体参与为重点，构建政府、企业、学校、科研机构等协同联动的创新平台；四是以实体化运行为动力，打破传统契约合作形式，实现产教深度融合的实体嵌入运行。,
263,产教融合垂类问题,文本,在建设市域产教联合体过程中，如何科学界定和保护联合体实体化运行中的产权？,市域产教联合体实体化运行中的产权界定和保护需采取三方面措施：首先构建完善的教育产权评估机制，成立专业化资产评估机构对合作成果进行价值核算，并由政府监督部门全程监管；其次加快建立教育与科技创新成果产权交易的中介服务机构，制定交易实施细则，明确中介机构资质要求；最后构建科学的利益分配机制，根据各主体权责关系划分分配标准、比例和方式，建立动态调整机制和公开透明的评估标准，确保利益公平合理分配。,
264,产教融合垂类问题,文本,现代产业学院与市域产教联合体在产教融合中有什么区别和联系？,现代产业学院与市域产教联合体都是深化产教融合的重要载体，但存在明显区别：现代产业学院通常聚焦特定产业领域，以校企合作为主，形式相对单一；而市域产教联合体具有更广泛的区域性和多元性，以政府为主导、产业园区为载体，整合政校行企研等多方资源。两者的联系在于都致力于推动产教深度融合，市域产教联合体可以看作是现代产业学院的升级形态，通过实体化运行和多元主体协同，解决传统产教融合中存在的形式化、松散化问题，实现更深层次的产教融合。,
265,产教融合垂类问题,文本,如何破解市域产教联合体建设中多元主体权责划分不科学的难题？,破解市域产教联合体多元主体权责划分难题需要三方面举措：一是完善制度设计，充分发挥地方政府主导作用，制定产教联合体章程和运行准则，明确组织运行机制、任务分工及各单位权责义务；二是建立健全协调机制，削减制度性交易成本，建立产教融合信息交流平台，形成常态化沟通交流机制；三是加强政策供给保障，地方政府要细化'金融+财政+土地+信用'组合式激励政策，根据各主体贡献程度确保政策落实，激发参与内生动力。,
266,产教融合垂类问题,文本,产教融合型企业参与市域产教联合体建设能获得哪些政策支持和利益？,产教融合型企业参与市域产教联合体建设可获得多方面政策支持和利益：政策层面，可享受地方政府细化的'金融+财政+土地+信用'组合式激励政策，包括税收优惠、用地保障、融资支持等；资源层面，通过联合体平台获取优质技术技能人才资源，参与人才培养全过程，降低人力资源成本；发展层面，与职业院校合作开展技术研发和创新，促进企业技术升级和产品服务创新；利益层面，通过产权交易和利益分配机制，获得合作成果的合理回报，实现教育链、人才链与产业链、创新链的有机衔接。,
267,产教融合垂类问题,文本,请解释产教融合型企业的定义，并阐述其在人才培养体系中的核心作用。,产教融合型企业是指深度参与产教融合、校企合作的企业，它们在职业院校和高等学校的办学及深化改革中扮演重要主体角色。其核心作用在于提升技术技能人才培养质量，并具有较强的带动、引领和示范效应。这些企业通过提供完整的教育功能和要素，以及实质性的校企合作，构建校企命运共同体，从而促进人才培养与产业需求的紧密结合。,
268,产教融合垂类问题,文本,根据常州经验，建设产教融合型企业通常具备哪些关键优势？请列举并简述。,常州经验表明，产教融合型企业通常具备两大关键优势：一是企业自身能够提供相对完整的教育功能和教育要素，例如独立举办或参与举办职业院校，或承担现代学徒制、1+X证书制度试点任务，并能接收学生进行规模化、规范化的实习实训；二是企业开展实质性校企合作，构建校企命运共同体，通过加大要素投入（资本、技术、知识、设施、管理等）以及设备捐赠、订单培养、共建实训基地、共享知识产权等方式发挥重要办学主体作用。,
269,产教融合垂类问题,文本,针对希望成为产教融合型企业的企业，政府通常会提供哪些激励措施？请结合常州经验进行说明。,常州经验显示，政府对产教融合型企业提供“金融+财政+土地+信用”的组合式激励，并享受参与职业教育的各项优惠政策。具体而言，企业将纳入建设培育库，经过培育期后可申报认证，并获得相应的政策支持，旨在鼓励企业加大对产教融合的投入，使其成为支撑区域高质量发展的“学习工厂”。,
270,产教融合垂类问题,文本,在产教融合型企业建设培育过程中，政府通常会优先考虑哪些类型的企业？请列举并说明理由。,政府在产教融合型企业建设培育过程中，通常优先考虑以下三类企业：一是深度参与产教融合、校企合作，具有较强带动引领示范效应的企业；二是生物医药、智能制造、高端装备等重点培育产业领域企业；三是养老、家政等社会领域龙头企业。选择这些企业的原因在于，它们能够更好地发挥产教融合的示范作用，服务重点产业发展，以及满足社会领域的人才需求。同时，还会优先考虑服务国家重大战略、技术技能人才需求旺盛、主动加大人力资本投资、发展潜力大且履行社会责任的企业。,
271,产教融合垂类问题,文本,请简述产教融合型企业建设的流程，从试点到认证通常需要经历哪些阶段？,产教融合型企业建设通常经历以下阶段：首先，企业通过自身优势和校企合作，申报成为省级的产教融合型试点企业。其次，试点企业被纳入省产教融合型企业建设培育库，接受至少一年的建设培育。最后，经过培育期后，企业可申报进入产教融合型企业认证目录，获得正式认证。,
272,产教融合垂类问题,文本,广东省产教融合建设试点实施方案中，对产教融合型企业的培育目标是什么？,根据《广东省产教融合建设试点实施方案》，到2025年，广东省将建设培育1000家以上的产教融合型企业。这些企业需要在职业院校、高等学校办学和深化教育改革中发挥重要主体作用，深度参与校企合作，共同推动产教融合发展。,
273,产教融合垂类问题,文本,企业在参与产教融合过程中可以享受哪些财税优惠政策？,企业参与产教融合可享受多项财税优惠政策：1）试点企业兴办职业教育符合条件的投资，可按投资额30%的比例抵免当年应缴纳教育费附加和地方教育附加；2）企业发生的职工教育经费支出，不超过工资薪金总额8%的部分准予在企业所得税前扣除；3）企业接收实习生所实际发生的工资可按规定在企业所得税前扣除；4）参与校企合作企业用于职业教育事业的公益性捐赠支出可按规定在计算应纳税所得额时扣除。,
274,产教融合垂类问题,文本,如何构建市场导向的协同创新机制来促进产教融合？,构建市场导向的协同创新机制需要：1）引导高校、职业院校和科研院所将企业实际需求作为应用型研究选题的重要来源；2）支持校企协同攻关，聚焦产业链关键缺失环节和'卡脖子'应用技术；3）整合学校、企业、科研机构优势资源，实行项目共担、人才互聘、资源共用、考核互认、成果共享；4）健全完善'基础研究+技术攻关+成果产业化+科技金融+人才支撑'全过程创新生态链；5）推进科技成果使用、处置、收益管理改革试点，鼓励科研人员自主实施、运用、转让科技成果。,
275,产教融合垂类问题,文本,产教融合型企业在人才培养方面有哪些具体责任？,产教融合型企业在人才培养方面的责任包括：1）按不低于职工总数2%的比例安排专业对口岗位接纳学生实习；2）加大职工教育培训投入，与职业院校、高等学校合作建立劳动者终身学习培训体系；3）联合职业院校、高等学校共建产业学院、企业工作室、教学工厂；4）设立职工培训中心、高技能人才培训基地和技能大师工作室；5）安排一定比例专业技术岗位供学校教师实践，推动'双师型'教师队伍建设；6）参与制定学校专业建设规划、人才培养方案和构建能力评价标准体系。,
276,产教融合垂类问题,文本,如何通过产教融合促进区域教育均衡发展？,促进区域教育均衡发展的产教融合措施包括：1）发挥珠三角地区试点城市先行带动作用，建立高水平职业院校、高等学校与欠发达地区对口帮扶机制；2）实施粤东粤西粤北教育'补短板'工程，加快推进新建迁建高校项目，实施一流高职院校结对帮扶计划；3）支持尚未设置技师学院的潮州、揭阳、汕尾新建（扩建）1所技师学院；4）推动粤东粤西粤北地市优化中等职业学校布局结构，补足中职学位；5）要求粤东粤西粤北地区高新区、开发区、产业园区、专业镇至少与1所职业院校对口合作开展人才培养和专业建设；6）省财政在转移支付方面对欠发达试点城市予以适当倾斜。,
277,产教融合垂类问题,文本,广东省在产教融合型企业培育方面有哪些具体举措和成效？,广东省培育建设了1223家省级产教融合型企业，推动建设28个市域产教联合体和111个行业产教融合共同体。同时，广州、深圳开展国家产教融合型城市试点建设，珠海、汕头等11个省级产教融合城市试点工作稳步推进。这些举措有效提升了技能人才培养的针对性和实效性，为产业工人技能形成体系的构建提供了重要支撑。,
278,产教融合垂类问题,文本,如何构建现代产业学院以促进产教深度融合？,构建现代产业学院需采取以下措施：一是依托企业主体作用，如广汽工匠学院持续开展在岗培训、职业技能等级培训及岗位适应性培训；二是整合多方资源，建成省总工会重点支持的工匠学院19家，开设特色工种培训104个；三是深化产教评技能生态链建设，遴选171条产教评技能生态链；四是落实'新八级工'制度，鼓励用人单位建立技能岗位等级设置。这些措施共同推动产业工人技能提升和成长成才。,
279,产教融合垂类问题,文本,职业教育中高本一体化协同培养改革有哪些创新模式？,广东省在职业教育中高本一体化协同培养改革中创新实施两种模式：一是中职本科'3+4'贯通培养改革试点，首次组织15所本科高校与31所中职学校开展合作；二是三二分段专升本协同育人试点，组织26所本科高校与52所高职学校联合培养。这些改革旨在打破职业教育层次壁垒，构建纵向贯通、横向融通的职业教育体系，为产业培养高层次技术技能人才。,
280,产教融合垂类问题,文本,产教融合实训基地建设有哪些资金支持政策？,广东省通过多种资金渠道支持产教融合实训基地建设：'十四五'期间，申获中央预算内投资1.2亿元支持清远、梅州等5个公共实训基地项目建设；投入11.12亿元支持广州铁路职业技术学院等20个院校产教融合实训基地项目建设。2025年，省财政厅从省级促进就业创业发展专项资金中安排'广东技工'资金8.54亿元，支持技工院校重点项目建设，加快推进省属技工院校整合发展，推动粤东粤西粤北地区补齐技工教育短板。,
281,产教融合垂类问题,文本,如何通过产教融合促进产业工人技能提升？,促进产业工人技能提升的产教融合路径包括：一是构建产业工人技能形成体系，开展'求学圆梦行动'产业工人素质提升计划；二是实施'新八级工'制度，健全技能岗位等级设置；三是组建劳模工匠服务队，开展'劳模工匠进万企'专项行动，将绝技绝活向一线工人传授；四是广泛开展劳动和技能竞赛，每年组织上百个工种竞赛，带动超过500万人次职工参与岗位练兵；五是设计职工技能提升实训路线，涵盖生物医药、人工智能等战略性产业集群领域，促进技能与产业需求精准对接。,
282,产教融合垂类问题,文本,根据《国家产教融合建设试点实施方案》，国家产教融合建设试点计划在全国布局多少家产教融合型企业？,《国家产教融合建设试点实施方案》明确，通过5年左右的努力，在全国建设培育1万家以上的产教融合型企业。,
283,产教融合垂类问题,文本,《国家产教融合建设试点实施方案》中，为了深化产教融合，促进教育链、人才链与产业链、创新链的有机衔接，被认为是推动哪四项发展相互贯通、相互协同、相互促进的战略性举措？,深化产教融合，促进教育链、人才链与产业链、创新链有机衔接，是推动教育优先发展、人才引领发展、产业创新发展、经济高质量发展相互贯通、相互协同、相互促进的战略性举措。,
284,产教融合垂类问题,文本,在推进高等教育产教融合创新方面，《国家产教融合建设试点实施方案》强调要健全哪种机制？,《国家产教融合建设试点实施方案》提出，要健全以企业为重要主导、高校为重要支撑、产业关键核心技术攻关为中心任务的高等教育产教融合创新机制。,
285,产教融合垂类问题,文本,根据《国家产教融合建设试点实施方案》，试点城市在推进产教融合试点工作中，应如何落实责任？,试点城市要坚持党委领导、政府主导，落实主体责任，编制改革问题清单、政策清单，将试点任务分解到位、落实到事、责任到人。,
286,产教融合垂类问题,文本,《国家产教融合建设试点实施方案》中，对于符合条件的试点企业在岗职工，允许其通过哪种方式接受高等职业教育？,《国家产教融合建设试点实施方案》提出，允许符合条件的试点企业在岗职工以工学交替等方式接受高等职业教育。,
287,产教融合垂类问题,文本,根据国家政策，产教融合型企业应具备哪些基本条件？,根据本办法，产教融合型企业需在中国境内注册成立，通过多种方式参与职业教育或高等教育，并在实训基地、学科专业、教学课程建设和技术研发等方面稳定开展校企合作。具体条件包括：独立举办或参与举办院校；承担现代学徒制试点任务；实施1+X证书制度试点；与院校共建学科专业点；共建产教融合实训基地或捐赠教学设施；取得与院校共享的知识产权等。,
288,产教融合垂类问题,文本,建设产教融合型企业在实施过程中，国家级和省级部门分别承担哪些职责？,国家发展改革委、教育部负责政策统筹、组织管理和监督实施，并将建设产教融合型企业纳入深化产教融合改革的整体制度安排。省级发展改革部门、教育行政部门则负责区域内企业的组织申报、复核确认、建设培育、认证评价和日常管理工作。,
289,产教融合垂类问题,文本,对于已认证的产教融合型企业，如果出现违规行为，会面临哪些处罚？,已认证的产教融合型企业，若存在弄虚作假、发生重大事故、侵犯学生权益或列入失信联合惩戒名单等情况，将被取消资格，且5年内不得再次申报。,
290,产教融合垂类问题,文本,请简述产教融合型企业建设实施的主要流程。,产教融合型企业的建设实施流程包括：自愿申报（企业提交证明材料）、复核确认（省级部门组织复核并公示）、建设培育（国家和地方指导支持企业参与教育，深化校企合作）、认证评价（制定认证标准并定期公布推介）。中央企业和全国性特大型民营企业可整体申报，其他企业按属地管理原则实施。,
291,产教融合垂类问题,文本,在重点建设培育的产业领域中，哪些类型的企业会获得优先考虑？,重点建设培育主动推进制造业转型升级的优质企业，以及现代农业、智能制造、高端装备、新一代信息技术、生物医药等急需产业领域企业，以及养老、家政等社会领域龙头企业将获得优先考虑。同时，紧密服务国家重大战略、技术技能人才需求旺盛、加大人力资本投资、发展潜力大、履行社会责任贡献突出的企业也将优先考虑。,
292,产教融合垂类问题,文本,请解释“产教融合型企业”的关键特征，并阐述其在现代职业教育体系中的作用。,产教融合型企业是指深度参与职业教育教学过程，将企业作为职业院校的实践教学基地，并与院校共同制定人才培养方案、参与课程开发、提供师资支持的企业。其关键特征包括：一是深度参与，而非简单的实习基地；二是共建人才培养体系，而非仅提供就业岗位；三是持续投入，而非临时性的合作。在现代职业教育体系中，产教融合型企业是实现人才培养与产业需求紧密对接的核心力量，能够有效提升学生的实践能力和就业竞争力，促进职业教育高质量发展。,
293,产教融合垂类问题,文本,如何理解“双师型”教师在产教融合背景下的重要性？请详细说明其构成要素及培养路径。,“双师型”教师是指既具有扎实的专业理论知识，又具备丰富的实践经验和职业技能的教师队伍。在产教融合背景下，双师型教师是实现人才培养与产业需求有效衔接的关键。其构成要素包括：一是具备扎实的专业理论基础，能够系统地传授相关知识；二是具备丰富的实践经验，能够指导学生进行实际操作；三是具备较强的职业技能，能够满足企业对人才的要求。培养路径包括：一是企业实践锻炼，教师深入企业一线参与生产实践；二是校企联合培训，通过校企合作开展专业技能培训；三是职称评定改革，将实践经验和职业技能纳入职称评定体系。,
294,产教融合垂类问题,文本,请分析现代产业学院建设的战略意义，并概述其与传统高等职业院校的区别。,现代产业学院建设的战略意义在于：一是推动职业教育与产业深度融合，实现人才培养与产业发展协同；二是提升职业教育的办学质量和办学水平，培养更多高素质技术技能人才；三是促进区域经济转型升级，为产业发展提供人才支撑。现代产业学院与传统高等职业院校的主要区别在于：一是办学模式不同，产业学院以企业需求为导向，校企合作深度参与人才培养全过程；二是人才培养目标不同，产业学院注重培养具有企业创新创业能力的应用型人才；三是管理体制不同，产业学院实行校企合作共管体制，更加灵活高效。,
295,产教融合垂类问题,文本,在深化产教融合的过程中，如何有效解决职业教育与产业发展之间的“结构性错配”问题？请提出至少三项具体措施。,解决职业教育与产业发展之间的“结构性错配”问题，需要从多个方面入手。具体措施包括：一是加强产业需求调研，定期开展对重点产业、新兴产业的人才需求分析，及时调整人才培养方案；二是推行“订单式培养”，企业与院校签订订单，明确人才培养目标、标准和数量，确保毕业生就业有保障；三是建立动态调整机制，根据产业发展变化，及时调整专业设置和课程内容，避免人才培养与产业需求脱节；四是加强校企合作，建立长期稳定的合作关系，共同参与人才培养和技术创新。,
296,产教融合垂类问题,文本,请阐述政策试点在推动职业教育产教融合中的作用，并分析政策试点成功实施的关键要素。,政策试点在推动职业教育产教融合中发挥着重要的探索和示范作用。通过在特定区域或学校开展试点，可以检验新政策、新模式的可行性和有效性，为全面推广提供经验借鉴。政策试点成功实施的关键要素包括：一是明确试点目标，确保试点方向与国家政策导向一致；二是建立健全的试点机制，明确各方责任和权利；三是加强试点过程的动态监测和评估，及时发现和解决问题；四是注重试点经验的总结和推广，形成可复制、可推广的经验模式；五是获得足够的政策支持和资源保障，确保试点顺利进行。,
297,产教融合垂类问题,文本,根据国家政策，行业产教融合共同体建设的核心目标是什么？,行业产教融合共同体建设的核心目标是构建职业院校与企业协同育人新生态，赋能高素质技术技能人才培养，实现由“局部”走向“整体”、由“分散”走向“共生”、由“静态”走向“动态”的转变。,
298,产教融合垂类问题,文本,在行业产教融合共同体建设中，如何提升教师队伍的“双师型”水平？,行业产教融合共同体应通过健全教师与企业交流合作的体制机制，推进校企师资互兼互聘，解决职业院校教师实践经验缺乏的问题。同时，要建立企业与职业院校教师双向流动的“旋转门”制度，鼓励教师深入企业实践，提升教学质量。,
299,产教融合垂类问题,文本,请阐述行业产教融合共同体在促进产业技术革新方面的作用机制。,行业产教融合共同体通过运用数字化技术，构建前沿科技创新与技术研发高地，促进产学研深度融合。同时，通过建立协同创新长效机制，实现学校教学成果的高效应用与转化，以及企业技术成果对学校教学改革的反哺赋能，从而推动产业技术革新。,
300,产教融合垂类问题,文本,构建行业产教融合共同体，在利益分配方面应遵循哪些原则？,行业产教融合共同体在利益分配方面应遵循“平等互利、利益共享、风险共担”的原则，通过设立理事会等机制，明晰各参与主体的权利与责任，实现共同体的透明管理与高效运行。,
301,产教融合垂类问题,文本,从顶层设计角度，如何优化行业产教融合共同体建设？,优化顶层设计需完善相关政策，明确共同体的内涵、原则、合作形式等；科学谋划布局，使其与区域发展同频共振；聚焦核心要素，建立协同创新长效机制，为高质量建设保驾护航。,
302,产教融合垂类问题,文本,请简述现代产业学院在产教融合中的核心功能及其对应用型人才培养的作用机制。,现代产业学院作为产教融合的重要载体，其核心功能在于构建校企协同育人平台，实现教育链、人才链与产业链的深度融合。在应用型人才培养中，产业学院通过以下机制发挥作用：一是建立校企双主体育人机制，共同制定培养方案，开发课程体系，确保人才培养与产业需求精准对接；二是打造'双师型'教师队伍，通过企业导师进校园、教师进企业实践，提升实践教学能力；三是建设真实生产环境的教学实践基地，将企业真实项目转化为教学案例，强化学生解决复杂工程问题的能力；四是推动科研反哺教学，校企联合开展应用研究，将技术成果转化为教学资源，形成'产学研用'一体化培养模式。,
303,产教融合垂类问题,文本,根据职业教育政策发展历程，分析产教融合型企业认证标准的主要演变及当前政策导向。,产教融合型企业认证标准的演变经历了三个阶段：2014年《关于加快发展现代职业教育的决定》首次提出'企业参与职业教育'概念；2019年《国家产教融合建设试点实施方案》明确产教融合型企业'金融+财政+土地+信用'组合式激励政策；2022年新修订的《职业教育法》将产教融合型企业上升为法律制度。当前政策导向呈现三个特征：一是强化企业主体地位，要求企业深度参与人才培养全过程；二是突出'产教融合型企业'与'职业教育集团'协同发展；三是建立动态认证机制，将企业参与职业教育情况纳入信用体系，形成'政府引导、企业主导、院校协同'的产教融合新生态。,
304,产教融合垂类问题,文本,高职院校如何构建专业集群式发展模式以服务区域产业升级？请从专业设置、课程体系和教学实施三个层面提出具体方案。,高职院校构建专业集群式发展模式需系统设计：在专业设置层面，应建立产业需求调研机制，围绕区域主导产业（如智能制造、信息技术等）构建专业集群，形成'核心专业+关联专业+拓展专业'的集群架构，实现专业间资源共享与协同发展。在课程体系层面，需开发'底层共享、中层分立、高层互选'的模块化课程，融入行业新技术、新工艺、新规范，建设'岗课赛证'融通的课程标准，引入企业真实项目作为教学载体。在教学实施层面，推行'工学交替'培养模式，建设'厂中校、校中厂'实践基地，采用'项目化教学+技能认证'双轨评价，实施'双导师制'（企业导师+专业教师），培养学生复合型技能和创新能力，形成'专业群对接产业群、人才链对接创新链'的育人格局。,
305,产教融合垂类问题,文本,请分析当前应用型高校在产教融合中面临的主要困境，并提出突破路径。,当前应用型高校产教融合面临三重困境：一是体制机制障碍，校企合作存在'学校热、企业冷'现象，缺乏长效利益分配机制；二是培养体系同质化，部分高校仍沿用研究型大学模式，实践教学环节薄弱；三是资源整合不足，'双师型'教师队伍建设滞后，实践教学条件难以满足需求。突破路径包括：一是深化体制机制改革，建立'产业学院'等实体化合作平台，通过股份制、混合所有制等形式明确校企权责；二是重构人才培养体系，以OBE理念为导向，构建'学科专业一体化'的应用型课程体系，强化实践教学学分占比；三是强化资源保障，实施'双师型'教师认证制度，建立教师企业实践常态化机制，共建共享实践教学资源库，形成'产教融合、协同育人'的特色发展模式。,
306,产教融合垂类问题,文本,根据国家政策导向，请阐述当前职业教育体系构建中“职普融通”的核心要义及其战略意义。,“职普融通”的核心要义在于打破职业教育与普通教育长期存在的壁垒，实现两者在课程、教学方法、人才培养目标等方面的互联互通。战略意义体现在：一是拓宽学生成长成才通道，满足不同学生的多样化发展需求；二是提升国民整体素质，适应中国式现代化建设对高素质技能人才的需求；三是促进教育公平，为更多学生提供接受优质教育的机会；四是推动教育体系的整体优化，构建更加开放、灵活、高效的教育体系。,
307,产教融合垂类问题,文本,在深化产教融合的背景下，企业应如何发挥主导作用？给出具体建议。,企业应在产教融合中发挥主导作用，具体建议包括：一是将校企合作提升到战略高度，视人才培养为企业发展的重要投资；二是主动参与职业教育的专业设置、课程开发和教学实践，确保人才培养与产业需求紧密匹配；三是建立常态化的校企合作机制，提供实习实训基地、技术支持和项目合作机会；四是积极参与职业教育的评价体系建设，推动形成以能力为导向的人才评价标准。,
308,产教融合垂类问题,文本,提到了教育强国建设的六大基本特质，请结合职业教育的特点，阐述如何通过产教融合来提升职业教育在其中某一项特质上的贡献。,选择“科技支撑力”这一特质，通过产教融合可以显著提升职业教育的科技支撑力。具体路径包括：一是加强与高新技术企业的合作，将最新的技术成果融入职业教育的课程体系；二是鼓励教师深入企业参与技术研发和创新实践，提升自身的科技水平；三是建设高水平的实训基地和实验室，为学生提供先进的实践平台；四是推动产学研合作，共同攻克关键核心技术，为产业升级提供人才和技术支撑。,
309,产教融合垂类问题,文本,分析当前职业教育产教融合面临的主要瓶颈问题，并提出相应的解决思路。,文档指出，产教融合的主要瓶颈在于产业与教育内部各要素间的关系未能普遍、有效地建立，以及传统分工方式下教育部门承担了“无限责任”，企业参与度不足。解决思路包括：一是深化体制机制改革，打破行政壁垒和利益固化，建立更加灵活高效的合作机制；二是明确各方责任，推动形成利益共享、风险共担的合作模式；三是加强政策引导和资金支持，鼓励企业积极参与职业教育的改革发展；四是建立健全产教融合的评价体系，引导各方共同提升人才培养质量。,
310,产教融合垂类问题,文本,在构建现代职业教育体系的过程中，如何理解和处理好“人才培养”与“满足社会需要”之间的关系？,“人才培养”与“满足社会需要”是职业教育的两项核心任务，二者并非对立而是辩证统一的关系。职业教育应以社会需要为导向，紧密围绕产业发展需求，动态调整专业设置、课程体系和人才培养模式，确保培养的人才能够适应社会发展变化。同时，也要注重培养学生的综合素质和创新能力，使其不仅具备专业技能，更具备终身学习和适应能力，从而更好地服务于社会发展。,
311,产教融合垂类问题,文本,请解释国家级产教融合共同体建设的背景和意义，并结合文档内容阐述其在现代职业教育体系建设中的地位。,国家级产教融合共同体建设的背景是为深化现代职业教育体系建设改革，落实《关于深化现代职业教育体系建设改革的意见》中“打造行业产教融合共同体”的重要举措。产教融合是现代职业教育的基本特征和最大优势，但也是改革的难点与重点。建设共同体旨在通过政行企校协同，破解产教深度融合的机制性障碍，形成可复制、可推广的经验范式。在现代职业教育体系建设中，产教融合共同体是“一体、两翼、五重点”的重要“一翼”，对于提升职业教育质量、服务产业发展具有重要意义。,
312,产教融合垂类问题,文本,分析国家轨道交通装备行业产教融合共同体在成员构成上的特点，并说明这种构成对产教融合的积极作用。,国家轨道交通装备行业产教融合共同体成员构成具有跨区域、多层次的特点，由中国中车、高水平大学、职业院校以及产业集聚地区教育行政部门共同牵头组成。成员覆盖全国20多个省份，包括9所普通高校、30多所职业院校、中国中车及其40多家子公司，以及5个产业集聚地区的教育行政部门。这种构成有利于汇聚产教资源，促进跨区域协同，实现教育教学内容与产业需求的高度契合，形成产学研用深度融合的良好局面。,
313,产教融合垂类问题,文本,阐述国家轨道交通装备行业产教融合共同体在人才培养模式上的创新点，并分析这些创新点对提升人才培养质量的意义。,国家轨道交通装备行业产教融合共同体在人才培养模式上主要体现在以下几个创新点：一是更加注重以教促产、以产助教，立足行业发展需求，促进产教深度融合；二是更加注重高水平大学在行业高层次人才培养、科技创新方面的引领作用，深化产学研合作；三是更加注重职业教育内涵，深化行业职业教育教学改革，构建共育人才新范式。这些创新点有助于培养更多更高素质的技术技能人才、卓越工程师和现场工程师，全面提高人才自主培养质量，满足行业发展对人才的需求。,
314,产教融合垂类问题,文本,提到了多项保障措施，请总结这些措施，并分析其对国家轨道交通装备行业产教融合共同体建设的支撑作用。,提到的保障措施主要包括：经费投入（加大教育经费支持，用好政策性金融工具，企业提取职工教育经费）；政策支持（加强指导和支持，支持专业设置和人才培养模式创新，试点产教融合型企业组合式激励）；氛围营造（加大宣传推广力度，对贡献突出单位和人员给予表彰奖励）。这些措施从资金、政策和宣传三个方面为共同体建设提供有力支撑，有助于形成良好的发展环境，确保共同体建设顺利推进。,
315,产教融合垂类问题,文本,分析产教融合型企业在国家轨道交通装备行业产教融合共同体建设中的作用和意义，并说明企业如何参与共同体建设。,产教融合型企业在国家轨道交通装备行业产教融合共同体建设中扮演着关键角色。它们是产教融合的主体，能够提供真实的生产环境和技术需求，促进教育教学内容与岗位任务的高度契合。企业通过确保提取职工教育经费用于一线职工职业教育，探索职工教育经费统筹使用机制，支持行业院校教学资源建设，积极招录共同体院校毕业生，以及建设产教融合型企业等方式参与共同体建设，为人才培养和技术创新提供有力支持。,
316,产教融合垂类问题,文本,产教融合型企业的认定标准和激励措施有哪些？,"根据《建设产教融合型企业实施办法（试行）》，产教融合型企业的认定标准包括：深度参与产教融合、校企合作，在职业院校、高等学校办学和深化改革中发挥重要主体作用。激励措施方面，纳入产教融合型企业建设信息储备库的企业，给予""金融+财政+土地+信用""的组合式激励，并按规定落实相关税收政策。具体包括：兴办职业教育的投资符合规定的，可按投资额的30%比例，抵免该企业当年应缴教育费附加和地方教育附加。",
317,产教融合垂类问题,文本,如何构建行业产教融合共同体的协同治理机制？,"构建行业产教融合共同体的协同治理机制需遵循""政府政策引导、龙头企业重要主体、院校主要主体、行业组织参与建设""的运行体制。具体包括四个核心机制：1）数据共享与信息互通机制，依托云计算、大数据与区块链技术构建统一数据平台；2）资源整合与优化配置机制，通过智能化工具实现资源动态调配；3）利益协调与共赢机制，建立智能化利益分配系统和区块链追溯体系；4）决策支持与智能服务机制，集成AI决策系统和专家知识库。",
318,产教融合垂类问题,文本,数字化技术如何赋能产教融合共同体建设？,数字化技术通过三个方面赋能产教融合共同体：1）打破组织壁垒，利用大数据、云计算和区块链技术构建数据共享平台，实现教育资源与产业资源的无缝对接；2）优化资源配置，通过智能化资源管理工具和虚拟化资源池，实现跨地域、跨时空的资源共享；3）提升治理效能，集成AI决策支持系统，实现决策的自动化、智能化及精准化，降低决策风险与成本。同时，数字化技术还能促进教育链、人才链与产业链、创新链的有机融合。,
319,产教融合垂类问题,文本,职业院校如何深化产教融合提升人才培养质量？,"职业院校可通过以下路径深化产教融合：1）加强顶层设计，联合龙头企业制定人才培养方案，确保专业结构与产业需求匹配；2）建设""双师型""教师队伍，通过校企互聘、企业实践等方式提升教师实践能力；3）构建实践教学体系，引入企业真实项目，开发基于工作过程的课程内容；4）完善评价机制，建立数据共""评""平台，将企业评价纳入学业考核；5）推动资源共享，与企业共建实训基地、产业学院，实现教学环境与工作场景的有机衔接。",
320,产教融合垂类问题,文本,现代产业学院建设的核心要素和实施路径是什么？,"现代产业学院建设的核心要素包括：1）多元主体参与，由龙头企业、高水平高等学校、高职院校牵头共建；2）实体化运作，建立产学研合作委员会等治理机制；3）资源整合，实现教育链与产业链的深度融合。实施路径：1）加强政策支持，争取""金融+财政+土地+信用""组合式激励；2）完善数据平台，建立信息共""享""创新人才供需平台；3）创新培养模式，推行现代学徒制和企业新型学徒制；4）建立利益共享机制，通过区块链技术确保合作收益透明可追溯；5）强化质量保障，构建多方参与的动态评价体系。",
321,产教融合垂类问题,文本,在数字化转型背景下，高职院校文旅专业如何优化人才培养目标以适应产业需求？请结合文档内容进行阐述。,文档指出，数字化转型要求文旅专业人才既具备丰富文化内涵，又具备较高技术水平和创新能力，成为数字文旅产业的复合型人才。因此，优化人才培养目标应将数字化知识、数字化素养、数字化技术应用、终身学习素养和创新能力纳入核心内容，替代传统高技能人才的培养目标，以适应文旅行业数字化转型的需求。,
322,产教融合垂类问题,文本,针对高职院校文旅专业教师数字化素养提升，文档提出了哪些建议？请详细说明。,文档建议，需建立齐抓共管的培养机制，全面提升教师数字化素养，包括数字化意识、数字技术知识和技能、数字化应用、数字社会责任和专业发展五个方面。教师应熟练使用智慧化教学工具，强化混合式课堂、翻转课堂等教学模式，并加强对教学过程中学生学习数据的采集分析，优化课堂教学质量。,
323,产教融合垂类问题,文本,如何理解提到的“产教融合共同体”？其构建的关键要素有哪些？,提到的“产教融合共同体”是指由政府、行业、企业、学校等多方主体共同参与，厘定各方责任边界，共同推进人才培养的合作模式。构建的关键要素包括：政府统筹，明确政策支持；企业参与，提供实践平台和真实案例；学校负责，优化课程体系和教学方法；行业提供，更新行业标准和发展趋势。,
324,产教融合垂类问题,文本,在数字化背景下，高职院校如何加强文旅专业的实践教学，以更好地对接岗位需求？请结合文档内容给出具体建议。,文档建议，实践教学应对接岗位要求，打造项目化的实践课程，构建实践教学课程体系。具体措施包括：将企业的新岗位要求融入课程，建设虚拟仿真实训基地，举办数字化平台上的比赛项目和1+X证书考试，以及加强与数字化旅游企业和科技企业的合作，共建实训基地。,
325,产教融合垂类问题,文本,指出了高职院校文旅专业人才培养过程中存在的问题，请总结其中与教材资源相关的问题，并提出相应的改进建议。,文档指出，文旅专业教材资源面临纸质教材和数字化教材融合难的挑战，存在整体设计形式单一、教学内容缺少生动性、学习活动单调、深度交互不足等问题。改进建议包括：尝试开发数字化教材，以印刷教材为框架，充分体现信息技术融媒体性、交互性、智能性和开放性等数字化特征，并增强教材的实践性和多元性。,
326,产教融合垂类问题,文本,数智化技术在职业教育产教融合中呈现哪些主要特征？,根据研究，数智化赋能产教融合呈现四大核心特征：一是'数据化'，通过数智化平台实现多主体兼容和教育无边界，支持全时空、个性化、多层次的数据资源归集和处理；二是'平台化'，构建支持资源共享和优势互补的数字化平台；三是'交互化'，促进参与主体间便捷的实时互动和资源匹配；四是'协同化'，通过智能分析实现政府、学校、行业企业、学生（家长）等多主体资源的智能化匹配，形成整体协同、敏捷高效的产教融合生态网络。,
327,产教融合垂类问题,文本,如何构建数智化赋能的职业教育产教融合共同体？,构建数智化赋能的产教融合共同体需要遵循三个关键路径：首先，探索产教融合新思路，通过搭建数智化平台推进参与主体的有效对接，建立端到端的技术体系实现信息互通和资源共建共享；其次，应用数智化技术重构共同体，利用数据库识别各主体资源信息和个性化需求，建立多元化、智能化的沟通渠道，服务企业转型升级和学校人才培养；最后，整合要素资源提高数据应用能力，通过API打通主体间数据流转，构建跨主体的数据融合、分析和反馈系统，打造市域产教联合体和行业产教融合共同体。,
328,产教融合垂类问题,文本,数智化技术如何影响产教融合参与主体的需求满足？,数智化技术对产教融合参与主体需求满足的影响体现在两个层面：一方面，以大数据和人工智能为核心的数智化技术更容易实现政府、学校、行业企业、学生（家长）等多元主体的链接，促进信息流和资源流交互，延伸产教融合内容，通过多主体交互效能提升打造高质量生态圈；另一方面，发挥大数据优势实现对参与主体动态需求的实时分析，弥补需求偏差，建立实时交互和反馈的协同场景，从而达成产教融合多主体协同发展的目标。这种技术赋能使需求满足更加精准和高效。,
329,产教融合垂类问题,文本,职业教育产教融合中数据要素的价值转化机制是什么？,职业教育产教融合中数据要素的价值转化机制包含三个核心环节：第一是数据采集，运用网络爬虫、API接口、影像识别等技术从利益相关者广泛收集数据，并进行分类分析存储；第二是数据存储及处理，将分类数据可靠存储形成资源库，通过系统分析帮助参与主体实时掌握资源要素和需求状况，为决策提供支持；第三是数据应用，以服务多维度需求为导向，构建集动态展示、数据分析、研判预警、教育决策于一体的产教融合平台，通过数据可视化、建模计算等深度挖掘数据价值，实现服务数据化、数据再循环和反馈反哺的完整价值链。,
330,产教融合垂类问题,文本,数智化如何优化职业教育产教融合的生态组织结构？,数智化通过三种方式优化职业教育产教融合的生态组织结构：首先，促进组织形态转型，推动参与主体从线下为主的关系向多层、网状、动态、多变的治理关系转变，实现产教融合资源再分配；其次，构建'互利共创'的生态网络，关注政府、学校、行业企业、学生（家长）等主体间关系，打造基于职业教育发展目标的互惠互生、互利共创的良性协作关系；最后，提升组织协同效能，通过数智化技术形成整体协同、敏捷高效、智能精准、开放透明、公平普惠的产教融合生态网络，降低主体参与风险，增强产教融合吸引力，显著提升多元主体治理效能。,
331,产教融合垂类问题,文本,请解释现代产业学院在产教融合中的作用，并阐述其与传统校企合作模式的区别。,现代产业学院是产教融合的重要载体，它是由高校、企业、科研机构等共同建设的，以产业需求为导向，集人才培养、技术创新、成果转化于一体的协同创新平台。与传统校企合作模式相比，现代产业学院具有以下区别：一是合作深度更深，现代产业学院强调深度参与，企业不仅参与课程设置和实训基地建设，更直接参与人才培养全过程；二是合作范围更广，现代产业学院通常由多家企业、科研机构共同参与，形成产业联盟；三是目标导向更明确，现代产业学院以解决产业发展中的关键问题为目标，注重成果转化和应用；四是运行机制更灵活，现代产业学院通常采用理事会等治理结构，更加市场化、灵活化。,
332,产教融合垂类问题,文本,如何理解“数智化赋能职业教育”？它对新质人才培养有哪些关键要求？,“数智化赋能职业教育”是指利用数字技术、人工智能等数智技术，对职业教育的各个环节进行赋能，包括教学内容、教学方法、教学资源、管理模式等，从而提升职业教育的质量和效率。对新质人才培养的关键要求包括：一是具备数字素养和数智技能，能够熟练运用数智工具解决实际问题；二是具备创新能力和批判性思维，能够适应快速变化的产业需求；三是具备跨界融合能力，能够整合不同领域的知识和技能；四是具备终身学习意识，能够持续学习和提升自身能力。,
333,产教融合垂类问题,文本,在产教融合背景下，如何构建校企双方互信、共赢的合作机制？,构建校企双方互信、共赢的合作机制需要从以下几个方面入手：一是明确合作目标和利益分配，确保双方都能从合作中获益；二是建立常态化的沟通机制，定期召开会议，及时交流信息，解决问题；三是签订合作协议，明确双方的权利和义务，保障合作的顺利进行；四是建立质量评价体系，对合作效果进行评估，及时改进；五是加强知识产权保护，确保双方的知识产权不受侵犯；六是建立人才培养共同体，实现人才培养与产业需求的精准对接。,
334,产教融合垂类问题,文本,职业教育新质人才培养面临哪些挑战？针对这些挑战，应采取哪些应对策略？,职业教育新质人才培养面临的挑战主要包括：一是人才培养与产业需求错位，导致人才供给不足或结构性过剩；二是教学内容滞后，无法满足产业发展的需要；三是产教融合不深不实，校企合作流于形式；四是数智化教育资源不均，导致区域间教育差距扩大。应对策略包括：一是加强产教融合，建立校企合作共同体，实现人才培养与产业需求的精准对接；二是深化课程改革，更新教学内容，融入数智化技术，培养学生的创新能力和实践能力；三是加强师资队伍建设，提升教师的数字素养和教学能力；四是加大教育投入，弥合区域间教育差距，实现教育公平。,
335,产教融合垂类问题,文本,请阐述“四链融合”在职业教育产教融合中的意义，并说明如何通过“四链融合”提升职业教育服务新质生产力的能力。,“四链融合”指的是教育链、人才链、产业链和创新链的融合。在职业教育产教融合中，四链融合具有重要意义：一是能够实现人才培养与产业需求的精准对接，解决人才供给不足或结构性过剩的问题；二是能够促进技术创新和成果转化，推动产业升级和发展；三是能够提升职业教育的服务能力，为新质生产力发展提供人才支撑。通过四链融合提升职业教育服务新质生产力的能力，需要：一是加强专业建设，围绕产业链需求设置专业；二是深化产教合作，建立校企合作共同体；三是加强科技创新，推动产学研合作；四是加强人才培养，培养具有创新能力和实践能力的新质人才。,
336,产教融合垂类问题,文本,请解释数智时代背景下，产教融合对高校人才培养目标提出的新要求。,数智时代生产方式的变革，特别是数据驱动的适应性变革特征，要求高校人才培养不仅要注重专业技能，更要培养劳动者与技术工具、组织乃至社会生态体系协同的能力。产教融合需实现供需匹配，培养具备跨产业、跨边界协同能力的高素质、复合型人才，以适应产业发展对人力资本的新需求。,
337,产教融合垂类问题,文本,如何理解产教融合中“双向互动”的含义？请结合文档内容进行阐述。,产教融合的“双向互动”是指产业界与教育界相互嵌入、相互促进的过程。具体而言，产业界不仅要参与到教育教学活动中，提供实践机会和真实问题，教育界也要深入产业经营管理活动，了解产业需求并反馈研究成果。这种双向互动是深度合作的办学模式，旨在解决教育教学与产业实践脱节的矛盾。,
338,产教融合垂类问题,文本,“活”案例教育教学相较于传统案例教学，其核心优势体现在哪些方面？,“活”案例教育教学的核心优势在于其内容鲜活、过程激活和方式灵活。它以企业正在开展的实践为内容，而非书本上的二手案例，能更贴近产业实际。教学过程强调学生实地调研、方案设计和企业评价，激活学生的参与感和创新思维。教学方式也更具灵活性，可根据课程特点进行调整。,
339,产教融合垂类问题,文本,在推进产教融合的过程中，企业参与积极性不高是一个常见问题。如何通过“活”案例教育教学来提升企业参与度？,通过构建产教互促的人才培养模式，为企业提供潜在的预期收益，如提供有启发的创新方案、培育潜在用户及促进品牌传播等，可以提升企业参与“活”案例教育教学的积极性。同时，通过“活”案例教学，企业可以获得高校在解决实际问题上的支持，并促进双方的认知共识。,
340,产教融合垂类问题,文本,请从战略高度阐述，深化产教融合对于解决当前我国人才培养与科技创新供需不匹配的结构性矛盾的意义。,深化产教融合是解决我国人才培养与科技创新供需不匹配结构性矛盾的关键举措。通过产教融合，可以弥合人才培养与产业发展之间的差距，培养出更符合产业需求、具备创新能力的高素质人才。这不仅能提升科技创新的效率和质量，还能为经济社会发展提供强有力的人才支撑，从而实现人才培养与科技创新的良性循环。,
341,产教融合垂类问题,文本,请分析新质生产力背景下，高职教育面临的主要挑战及应对策略。,新质生产力背景下高职教育面临三大核心挑战：一是人才供需结构性失衡，表现为高职生源基础差异性与数字化教学资源不足导致的培养质量层级多元，以及教育内容滞后于市场需求；二是教师数字素养滞后，部分教师存在技术焦虑，培训体系缺乏针对性和实践性；三是产教融合浅表化，存在技术孤岛、政策支持不平衡及合作短视化等问题。应对策略包括：构建四维共生产教融合数字生态，实施产业链、专业链、教育链、人才链协同；推行全景式数字化人才培养，强化未来素养培育；通过微认证模式提升教师数字素养，搭建项目实操平台强化实践能力。,
342,产教融合垂类问题,文本,如何构建有效的产教融合数字生态系统以促进职业教育高质量发展？,构建有效产教融合数字生态系统需从四方面着手：首先，强化产业链、专业链与人才链协同互动，通过定期行业调研动态调整专业配置和课程内容；其次，构建以智能技术为核心的教育链创新，搭建产学研数字化协同育人平台，实施双导师制、项目式实践学习和企业新型学徒制；第三，实施'双链错位'人才培养路径，形成'产教融合'培养链与'科教融合'服务链差异化机制；最后，建立多方主体协同发展格局，依托学校、企业、行业协会及科研机构多边合作机制，实现人才培养层次化与精细化，推进教育供给侧结构性改革。,
343,产教融合垂类问题,文本,数智时代高职院校教师数字素养提升的有效路径有哪些？,高职院校教师数字素养提升需采取系统性路径：一是唤醒数字意识，树立正确技术观念，使教师认识数字技术价值与人类教师在情感培养方面的不可替代性；二是铺设进阶式提升路径，设计涵盖尖端信息科技、数字化教学策略及智能化工具应用的培训项目，引入'诊断性测评—自主学习—微认证—证据收集—结果呈现—数字徽章'六环节模式；三是搭建项目实操平台，鼓励参与数字化内容创作、学术交流与竞赛，通过科研项目扶持、成果奖励及跨界学术社群构建，打破信息壁垒，强化数字化思维和实践能力。,
344,产教融合垂类问题,文本,新质生产力与高职教育耦合的核心特征是什么？,新质生产力与高职教育耦合呈现三方面核心特征：一是以'创新'为动能的动力引擎，表现为教学关系从'单一中心化'转向'去中心化'师生机三元协同，教学内容向多模态资源扩展，教学模式转向OMO线上线下融合，评价体系发展为全景增值性评价；二是以'人才'为根本的基石特征，教师角色从'教知识'向'教思维、强能力、培素养、化成人'转变，学生需具备技术敏感度、跨界能力和学习能力；三是以'优化'为突破的协同特征，宏观层面构建全链条数字化育人体系，微观层面形成包含数字技术创新服务平台的数智教学生态。,
345,产教融合垂类问题,文本,如何设计面向未来素养的职业教育人才培养方案？,面向未来素养的职业教育人才培养方案应包含五个关键维度：一是搭建未来教育实验室，利用大数据、VR虚拟实境锤炼学生想象力、批判思维与决策技能；二是实施多元化评价准则，融合终结性与过程性评价，智能推送个性化学习路径；三是强化创新思维与实践技能训练，通过编程、数据分析等数字化工具提升技术驱动的问题解决能力；四是推进跨国界交流合作，利用数字通信技术培养全球胜任力；五是构建未来导向校企协同评价机制，建立'评估—反馈—提升'闭环，结合实际项目成果、实习绩效等多维度指标，采用自我评估、同伴评价等多元策略。,
346,产教融合垂类问题,文本,请解释现代产业学院在产教融合中的作用，并阐述其与传统校企合作模式的区别。,现代产业学院是高职院校与产业深度融合的重要载体，旨在通过共建、共享、协同创新，实现人才培养、技术创新、成果转化和产业升级的有机统一。与传统校企合作模式相比，现代产业学院具有以下区别：一是合作深度更深，从简单的订单培养、实习实践，向共建专业、共聘师资、共研发项目、共建实训基地、共创办学主体转变；二是合作范围更广，涵盖人才培养、技术创新、成果转化、产业服务等多个方面；三是运行机制更灵活，采用市场化、企业化运作模式，激发办学活力；四是利益分配更合理，建立利益共享机制，促进校企双方共同发展。,
347,产教融合垂类问题,文本,如何理解“双师型”教师在产教融合背景下的重要性？请详细阐述其核心能力要求。,“双师型”教师是产教融合的关键要素，指既具有扎实的专业理论知识，又具备丰富的实践经验和职业技能的教师队伍。在产教融合背景下，“双师型”教师的重要性体现在：一是能够将产业发展的前沿技术和最新要求融入教学内容，确保人才培养与产业需求紧密对接；二是能够指导学生在实践中掌握专业技能，提升职业素养；三是能够开展校企合作项目，推动技术创新和成果转化。核心能力要求包括：精通专业知识、掌握行业技能、具备教学能力、熟悉企业运作、具备创新意识和解决问题的能力。,
348,产教融合垂类问题,文本,请结合职业教育的特点，设计一个提升企业参与产教融合积极性的激励方案，包含至少三项具体措施。,为提升企业参与产教融合的积极性，可采取以下激励方案：1. 政策补贴：对积极参与产教融合的企业，给予税收优惠、项目资金支持、场地租金减免等政策补贴，降低企业参与成本。2. 人才优先推荐：优先向参与产教融合的企业推荐优秀毕业生，并提供人才引进服务，满足企业的人才需求。3. 技术服务支持：鼓励高职院校为参与产教融合的企业提供技术咨询、技术培训、技术研发等服务，帮助企业解决技术难题，提升企业竞争力。4. 荣誉表彰：定期评选和表彰在产教融合中做出突出贡献的企业，树立标杆，营造良好氛围。,
349,产教融合垂类问题,文本,在推进产教融合过程中，如何有效解决“人才培养与产业需求错位”的问题？请提出至少三条可操作的建议。,解决“人才培养与产业需求错位”问题，需从以下几个方面入手：1. 建立动态人才需求调研机制：定期开展对重点产业、龙头企业的调研，准确掌握人才需求信息，并及时调整人才培养方案。2. 推行“订单式培养”：与企业签订订单，明确人才培养目标、课程设置、实训内容等，确保人才培养与企业需求高度匹配。3. 强化校企协同创新：鼓励企业参与课程开发、实训基地建设、师资培训等，促进校企双方共同提升人才培养质量。4. 建立人才培养评估体系：引入企业评价参与，对人才培养效果进行评估，及时发现问题并改进。,
350,产教融合垂类问题,文本,请阐述“产学研创一体化”的内涵，并说明其对提升高职院校服务产业能力的重要意义。,“产学研创一体化”是指将产业需求、学校教学、科研开发和创新创业紧密融合，形成协同创新体系。具体而言，是指高职院校与企业建立深度合作关系，共同开展技术研发、成果转化、人才培养和创新创业活动。其重要意义在于：一是能够有效提升高职院校服务产业的能力，为企业提供技术支持和人才保障；二是能够促进科技成果的转化和应用，推动产业升级和发展；三是能够培养具有创新精神和实践能力的高素质技术技能人才；四是能够构建产学研创协同发展的生态系统，提升区域经济竞争力。,
351,产教融合垂类问题,文本,根据国家职业教育改革实施方案（2019），产教融合共同体建设的核心目标是什么？,根据《国家职业教育改革实施方案》（2019），产教融合共同体建设的核心目标是实现职业教育高质量发展，推动职业院校和行业企业形成命运共同体，以提升人才培养质量，促进高质量就业。,
352,产教融合垂类问题,文本,从整体性治理视角来看，产教融合共同体建设面临的主要挑战是什么？,从整体性治理视角来看，产教融合共同体建设面临的主要挑战是破解产教融合“合而不融”的问题，具体表现为合作意愿不强、跨部门协同机制不畅，导致人才培养供给失衡，以及校企合作存在合而不融、人才培养供给失衡等实践壁垒。,
353,产教融合垂类问题,文本,在产教融合共同体建设中，整体性治理理论强调的治理工具是什么？它如何应用于职业教育？,整体性治理理论强调以信息技术为治理手段，对治理层级、功能、公私部门关系及信息系统等碎片化问题进行有机协调与整合。应用于职业教育，意味着要运用人工智能、大数据、云计算等新一代信息技术，打造专业化、开放共享的产教融合信息服务平台，提升人才培养的数字化水平。,
354,产教融合垂类问题,文本,为了构建有效的产教融合共同体协同机制，需要从哪些方面着手？,为了构建有效的产教融合共同体协同机制，需要从目标引领、协同合作、利益协调、制度保障等方面着手。具体包括树立共同愿景、增强主体间协作、提高数字化治理能力、健全制度保障体系，切实提高产教融合共同体建设质量和效能。,
355,产教融合垂类问题,文本,产教融合共同体建设中，如何理解和运用“整体主义思维范式”？,整体主义思维范式是整体性治理理论的核心理念和价值取向。在产教融合共同体建设中，运用整体主义思维范式意味着需要系统审视和分析产教融合共同体，形成全面的理解和认识，而非碎片化的视角，强调对产教融合共同体进行整体性整合，而非简单地叠加。,
356,产教融合垂类问题,文本,在新一轮'双高计划'背景下，高质量产教融合的内涵体现在哪三个层面？,高质量产教融合的内涵体现在三个层面：一是观念层面，产教融合成为高职院校办学的顶层思维和方法论，支撑学校和企业形成命运共同体；二是组织形态层面，通过创新组织形态和运行机制，调动企业主导、牵头或深度参与，形成'以点带面、以链成片'的产教融合新格局；三是实施模式层面，需找到企业的'真需求'和学校的'真本事'，确保产教融合项目设计的适切性和运行的可持续性。,
357,产教融合垂类问题,文本,高职院校在实施高质量产教融合过程中存在哪三个关键难点？,高职院校在实施高质量产教融合过程中存在三个关键难点：一是高质量的治理模式，需处理好政府与市场的关系，避免政府过度干预或市场失灵；二是高质量的组织实施，需处理好形式和功能的关系，避免实体联盟流于形式而忽视实际功能；三是高质量的绩效目标，需处理好数量和实效的关系，避免仅关注量化成果而忽视产教融合的实际效果。,
358,产教融合垂类问题,文本,如何通过组织治理改革发挥市域产教联合体和行业产教融合共同体的功能？,发挥市域产教联合体和行业产教融合共同体的功能需从组织治理入手：市域产教联合体应围绕地方产业园区建设，由政府机构制定发展战略，整合相关部门成立管理委员会，并构建实体层面的利益共享机制；行业产教融合共同体则应采取扁平化架构，由企业担任理事长，实行项目化管理，将行业关键问题转化为合作项目，政府提供政策激励和奖励，减少高层规划干预。,
359,产教融合垂类问题,文本,新一轮'双高计划'对高职院校产教融合实绩评价改革提出了哪些要求？,新一轮'双高计划'对高职院校产教融合实绩评价改革的要求包括：一是从数量绩效导向转向数量和质量绩效导向并重，将实绩作为评价重心；二是精选代表性量化指标（如企业教师进校教学任务量、实习学生接收数等），建立闭环管理制度；三是引入质性评价作为补充，关注典型成果和体制机制创新，并引入第三方合作组织进行三角互证，提升评价信度与效度。,
360,产教融合垂类问题,文本,政府在新一轮'双高计划'中应如何优化其在高职院校产教融合中的职能？,政府在新一轮'双高计划'中优化职能的路径包括：一是资源匹配，制定产教融合项目清单，激励龙头企业深度参与；二是过程服务，提供行政便利和公共服务支持；三是底线把控，明确法律规定并加强执法检查；四是绩效监测，从量化和质性角度长期监测产教融合效果，并据此调整资源分配。,
361,产教融合垂类问题,文本,根据国家政策，请概述深化产教融合的主要目标，并阐述其对高等教育和职业教育发展的具体要求。,根据国务院发布的《关于深化产教融合的若干意见》，深化产教融合的主要目标是构建现代职业教育体系，培养更多高素质技术技能人才，服务国家战略和区域经济社会发展需求。对高等教育的要求是，要加强与产业的深度合作，优化专业设置，推进课程改革，提升人才培养质量，促进科技成果转化。对职业教育的要求是，要紧密对接产业需求，深化校企合作，创新人才培养模式，提高学生的实践能力和就业竞争力，构建现代职业教育体系。,
362,产教融合垂类问题,文本,请解释“产教融合型企业”的定义，并说明企业参与产教融合的常见模式有哪些？,产教融合型企业是指将人才培养、技术创新、成果转化等功能融入企业发展战略，与高校、职业院校建立长期稳定合作关系，共同参与人才培养和技术创新，实现企业与教育共同发展的企业。企业参与产教融合的常见模式包括：联合办学、共建实训基地、订单培养、师资互聘、技术合作、项目合作、企业参与课程开发等。,
363,产教融合垂类问题,文本,新质生产力对产教融合提出了哪些新的要求？请结合文档内容进行分析。,新质生产力强调科技创新和产业升级，对产教融合提出了更高要求。首先，产教融合要以未来产业为先导，培养适应新兴产业和未来产业发展需求的人才。其次，产教融合要强化产学研合作，促进科技成果转化和产业化。第三，产教融合要深化数字化协同，利用数字技术提升人才培养效率和质量。文档强调，新质生产力要求技术人才培养与行业产业向深层次融合，未来高精尖创新中心应在产业一线，行业领军人才应在行业前线。,
364,产教融合垂类问题,文本,如何评估产教融合的效果？请列举至少三个关键评估指标，并说明其重要性。,评估产教融合效果的关键指标包括：1. 毕业生就业率和就业质量：反映人才培养是否符合产业需求，是产教融合最直接的体现。2. 校企合作项目数量和质量：体现校企合作的深度和广度，以及合作成果的转化能力。3. 教师实践经历和企业参与教学比例：反映教师的实践能力和企业对人才培养的参与度，是提升人才培养质量的关键。此外，还可以考虑技术成果转化率、学生创新创业能力等指标。,
365,产教融合垂类问题,文本,分析当前我国产教融合面临的主要挑战，并提出相应的对策建议。,当前我国产教融合面临的主要挑战包括：行业产业主导动力不足，教育供给侧单向驱动；校企间理念、制度等环节壁垒深厚，阻碍创新资源整合；高校人才培养与行业产业发展错位。相应的对策建议包括：加强企业在产教融合中的主导作用，建立以产业需求为导向的人才培养体系；打破校企间的壁垒，建立开放合作的产教融合平台；深化教育改革，优化专业设置和课程体系，提高人才培养质量；加强政策支持，鼓励企业参与产教融合，促进科技成果转化。,
366,产教融合垂类问题,文本,根据国家政策导向，请阐述新质生产力发展背景下，行业产教融合共同体在人才培养方面的核心作用和具体体现。,新质生产力发展对人才培养提出了更高要求，行业产教融合共同体作为促进教育、科技、人才良性循环发展的组织载体，在赋能新质生产力方面具有显著优势。其核心作用在于通过产教联合开展人才培养，由龙头企业进行前瞻性人才需求预测，为学校人才培养提供指导，增强人才培养对科技创新和行业技术发展的适应性，为新质生产力发展提供人才动能。具体体现包括：一是高质量人才支撑产业行业科技化转型升级；二是促进科技创新，为科技进步与新质生产力发展提供科技动能；三是改善教育质量，通过有组织开发教学资源，使课程更贴近行业发展需求。,
367,产教融合垂类问题,文本,分析当前行业产教融合共同体建设面临的主要挑战，并提出针对性解决方案。,文档指出，行业产教融合共同体建设面临主体性挑战、凝聚挑战、监督挑战和考核挑战。主体性挑战体现在牵头企业的主体能动性发挥受限；凝聚挑战源于非均衡话语权、协调成本高、行业保密规则以及利益分配问题；监督挑战在于缺乏健全的监督体系；考核挑战则在于缺乏科学有效的考核机制。针对性解决方案包括：为牵头企业“加码”赋能，提供政策和资金支持；充分发挥各主体的主体性，实现合作溢出；增进凝聚共识，通过利益、价值、资源和机制凝聚；完善考核机制，以考核倒促服务。,
368,产教融合垂类问题,文本,请解释“超组织”的概念，并说明行业产教融合共同体作为“超组织”的优势。,“超组织”是指组织最大限度利用外部资源赢得竞争优势的新组织形态。行业产教融合共同体作为“超组织”，具有超大集成优势，具体表现为“超功能”平台、 “超资源”流通配置、 “超开放”组织形态。其优势在于：一是畅通教育、科技、人才良性循环，形成“四链”融合支撑；二是实现“超资源”流通配置，打通发展堵点、卡点；三是提供多样化合作条件，促进教育高质量发展和产业升级。,
369,产教融合垂类问题,文本,行业产教融合共同体在技术创新方面如何发挥作用？请详细说明。,行业产教融合共同体通过产教协同开展技术攻关，整合行业企业与学校师资力量，协同解决行业企业急需解决的原理性、技术性、生产性难题，服务产业行业企业科技创新与产品升级需求，促进科技创新锻造新质生产力。具体而言，通过这种协同攻关，能够为科技进步与新质生产力发展提供科技动能，并加速科技成果的转化应用。,
370,产教融合垂类问题,文本,请从职业教育的角度，分析行业产教融合共同体建设对提升职业院校办学质量的意义。,行业产教融合共同体建设对提升职业院校办学质量具有重要意义。通过与龙头企业的深度合作，职业院校能够获得更准确的行业人才需求信息，从而优化人才培养方案，增强课程的针对性和实用性。同时，通过参与技术攻关和有组织开发教学资源，职业院校能够提升教师的实践能力和科研水平，改善教学质量。此外，行业产教融合共同体还能为职业院校提供更多的实习实训基地和就业机会，促进学生更好地适应行业发展需求。,
371,产教融合垂类问题,文本,请解释现代产业学院在产教融合中的作用，并阐述其与传统高等教育机构的区别。,现代产业学院是深化产教融合的重要载体，旨在突破传统高等教育的学科壁垒和管理体制，以产业需求为导向，整合高校、企业、研究机构等资源，共同培养适应产业发展的高素质技术技能人才。与传统高等教育机构相比，现代产业学院更加注重实践教学、校企协同育人、产学研深度融合以及人才培养与就业的紧密衔接，强调知识的创造、应用和传播，更具针对性和实用性。,
372,产教融合垂类问题,文本,如何理解“三链融合”对推进产教融合的重要性？请结合新质生产力的发展趋势进行分析。,“三链融合”指的是人才链、技术链、产业链的深度融合，是实现产教融合的关键路径。在新质生产力背景下，人才链的优化需要以产业需求为导向，培养具备创新能力和实践经验的高素质人才；技术链的突破需要产学研深度合作，加速科技成果转化；产业链的升级则需要产教融合提供源源不断的人才和技术支撑。三链融合能够形成良性循环，促进新质生产力的发展，提升区域经济的竞争力。,
373,产教融合垂类问题,文本,在推进产教融合过程中，如何解决高校科研成果转化面临的困难？请提出至少三项具体措施。,高校科研成果转化面临的困难主要包括成果与市场需求脱节、知识产权保护不足、转化资金投入不足等。解决这些困难，可以采取以下措施：一是建立健全高校科研成果转化管理制度，完善知识产权保护机制，鼓励成果转移转化；二是设立科技成果转化专项基金，吸引社会资本参与成果转化；三是加强高校与企业之间的合作，建立长期稳定的产学研合作关系，共同推动成果转化；四是优化成果评估体系，将成果转化作为科研评价的重要指标。,
374,产教融合垂类问题,文本,针对当前区域间职业教育资源分布不均衡的现状，请提出一份促进区域协调发展的政策建议。,为促进区域协调发展，应采取以下政策建议：一是加大对中西部地区职业教育的投入，提升办学水平和师资力量；二是推动职业教育资源共享，建立区域性职业教育联盟，实现优势学科和专业互补；三是鼓励跨区域校企合作，促进人才流动和技术交流；四是完善职业教育体系，根据区域产业发展需求，调整专业设置和培养模式；五是建立职业教育发展评估体系，促进区域职业教育均衡发展。,
375,产教融合垂类问题,文本,双师型教师队伍建设是产教融合的关键，请阐述双师型教师的内涵，并提出提升双师型教师队伍建设水平的策略。,双师型教师是指既具有扎实的理论知识，又具备丰富的实践经验和技能的高素质教师。他们既是学术领域的专家，又是产业领域的行家，能够将理论与实践相结合，培养适应产业发展需求的人才。提升双师型教师队伍建设水平的策略包括：一是加强企业实践基地建设，为教师提供实践锻炼的机会；二是鼓励教师到企业进行实践学习，提升实践技能；三是引进企业技术专家到高校任教，分享实践经验；四是建立双师型教师评价体系，激励教师积极参与产教融合。,
376,产教融合垂类问题,文本,新质生产力背景下，微生物制造领域卓越工程人才培养面临哪些主要挑战？,新质生产力背景下微生物制造领域卓越工程人才培养面临三大挑战：1）教育理念滞后，传统知识传授模式难以适应合成生物制造与绿色生物制造产业需求，存在课程内容与产业实际脱节问题；2）教学方法单一，过度依赖课堂讲授，缺乏项目式学习和问题导向学习等实践性教学方法，学生参与真实产业项目机会不足；3）实践平台建设不足，地方高校在先进自动化与智能化实验设备方面存在短板，难以支撑高端科研教学活动，校企合作深度不够。,
377,产教融合垂类问题,文本,如何构建面向新质生产力的产教融合型师资队伍？,构建面向新质生产力的产教融合型师资队伍需采取以下措施：1）校企协同共建导师团队，明确校内外导师职责分工，建立常态化合作机制；2）实施引育并举策略，从企业聘任高级工程师作为产业教授，同时鼓励青年教师挂职企业科技副总；3）建立导师能力提升培训体系，提供政策保障和激励措施；4）打造以院士为核心、国家高层次人才为中坚的产教融合型师资梯队，确保师资队伍兼具学术深度和产业实践经验。,
378,产教融合垂类问题,文本,新质生产力视域下，多学科交叉课程体系建设应遵循哪些原则？,新质生产力视域下多学科交叉课程体系建设应遵循：1）知识生产导向原则，构建'学科基础-科教融汇-产教融合'贯通的课程体系；2）模块化设计原则，设置'+绿色'、'+安全'、'+健康'、'+智能'等产业需求导向的模块化项目课程；3）交叉融合原则，强调课程的交融性、综合化和挑战性；4）标准对接原则，实现课程教学与行业标准对接、教学过程与生产实际对接；5）项目驱动原则，采用项目驱动学习法，让学生在解决实际问题过程中学习应用知识。,
379,产教融合垂类问题,文本,产教融合型实践平台建设对卓越工程人才培养有何战略意义？,产教融合型实践平台建设对卓越工程人才培养具有三方面战略意义：1）解决教育实践脱节问题，通过研究生工作站、校企联合研发机构等平台，提供真实产业环境下的实践机会；2）促进技术要素流动整合，通过校企协同创新与激励机制，让学生在解决产业技术突破实际问题中学习；3）支撑新质生产力人才培养，为绿色生物制造、合成生物制造等前沿领域提供工程实践载体，培养具有产业视角和创新思维的复合型工程人才，是实现高水平科技自立自强的重要保障。,
380,产教融合垂类问题,文本,如何建立面向产业赋能的多元化人才培养质量评价体系？,建立面向产业赋能的多元化人才培养质量评价体系需：1）评价主体多元化，整合学校、企业、行业等多方评价主体；2）评价内容综合化，不仅评价学术成绩，更要关注创新能力、团队协作、工程实践能力等软技能；3）评价标准动态化，确保评价标准与新质生产力发展需求保持动态同步；4）评价过程持续化，建立持续跟踪评估机制，通过毕业生职业发展反馈不断优化培养体系；5）评价结果应用化，将评价结果与培养方案修订、课程体系改革等形成闭环，实现人才培养质量的持续提升。,
381,产教融合垂类问题,文本,新质生产力背景下，产教融合面临的主要实践困境是什么？,当前产教融合面临四大实践困境：一是高校人才培养方向与行业产业需求脱节，校企合作多停留在传统产业层面，与新兴产业、未来产业结合不紧密；二是教育供给侧单向驱动，行业产业主导动力不足，存在'学校热、企业冷'现象；三是产教融合协同育人机制不健全，合作程度限于浅层次契约式项目合作；四是教师评价体系导致教师参与产教融合动力不足，'重科研轻教学'的评价导向限制了教师投入产教融合的积极性。,
382,产教融合垂类问题,文本,如何构建多主体参与的产教融合共同体？,构建多主体参与的产教融合共同体需要：一是引入政府、产业、科研院所等资源，实现政府、产业、高校的战略协同；二是设立联合工作机构，制定管理办法和规章制度，明确各参与主体的职责和权利；三是围绕新兴产业和未来产业需求，多方共同参与修订形成产业特色的个性化培养方案；四是构建面向产业前沿方向的'理论+实践'课程体系，引入企业项目实践案例；五是打造汇聚政府、企业、学校优秀人才的师资队伍，推动校内外教师相互赋能。,
383,产教融合垂类问题,文本,产教融合型企业可获得哪些政策支持？,根据《建设产教融合型企业实施办法(试行)》，被认定为产教融合型企业的可获得以下政策支持：一是金融支持，包括信贷优惠、融资便利等；二是财政支持，如税收减免、财政补贴等；三是土地支持，在用地方面给予优惠；四是专项创新基金奖励，对在产教融合项目中取得突出成绩的个人和团队给予奖励。这些政策旨在激发企业深度参与产教融合的内驱力。,
384,产教融合垂类问题,文本,如何搭建跨学科产教深度融合平台？,搭建跨学科产教深度融合平台需要：一是以战略性新兴产业和未来产业需求为导向，突破学科专业间的行政壁垒；二是加强交叉学科建设与交叉专业建设相结合的顶层设计，实现资源整合；三是依托高校学科专业和基础研究优势，将智力资源与产业创新资源结合；四是携手政府、企业、科研院所共商共建集人才培养、科学研究、技术成果转化和社会服务于一体的集合型平台；五是支持学生开展企业科创计划、实践项目等创新实践活动，鼓励校企联合开展产品研发和技术攻关。,
385,产教融合垂类问题,文本,如何改革教育评价体系以激发教师参与产教融合的动力？,改革教育评价体系需从多方面入手：一是在教育评价体系中明确产教融合的地位和作用，将其作为评价教师工作的重要指标；二是建立多元化评价体系，发挥政府、高校、市场、产业组织等多元评价主体作用；三是将教师与企业合作开展的项目、指导学生参与实习实训情况等纳入评价范围；四是加强评价结果的反馈和应用，定期对教师的产教融合工作进行评价；五是建立激励机制，将产教融合育人成效纳入教师绩效评价体系，对表现优秀的教师给予相应奖励和激励。,
386,产教融合垂类问题,文本,请解释“产教融合”在提升新质生产力方面的关键作用，并结合文档内容阐述高职院校在其中的定位。,产教融合是发展新质生产力的关键环节，通过教育链、人才链、创新链与产业链的深度融合，能够有效供给高素质技术技能人才，并联动产业发展。高职院校作为对接产业最密切的教育类型，在产教融合中扮演着重要角色，是供给高技能人才和联动产业发展的重要平台，能够为新质生产力发展提供人才和技术支撑。文档指出，产教融合是创新链、产业链、教育链、人才链深度融合的交汇点，是形成新质生产力的关键。,
387,产教融合垂类问题,文本,分析当前我国高等职业教育与产业发展耦合协调面临的主要挑战，并提出相应的改进方向。,文档指出，我国高等职业教育发展长期滞后于产业需求，产教耦合协调度始终处于中层次的过渡阶段，尚未实现良好的同频共振。此外，耦合协调水平存在空间集聚性和异质性，且产业结构优化指标和高职教育规模与资源占有指标的高度关联制约了产教耦合协调。改进方向包括：强化高职教育内生动力，对标新质生产力构建新型发展架构；精准形塑推动新质生产力发展的产教融合新业态；构建差异化和梯队型发展空间生态布局。,
388,产教融合垂类问题,文本,请详细阐述“产教融合型企业”的定义，并说明其在产教融合体系中扮演的角色和重要性。,并未直接定义“产教融合型企业”，但根据其描述，产教融合型企业是指积极参与职业教育教学过程，与院校建立深度合作关系，共同培养人才、开展技术创新、促进成果转化，实现校企互利共赢的企业。这类企业在产教融合体系中扮演着关键角色，是人才培养的实践基地、技术创新的合作主体、成果转化的推动力量，是实现教育链与产业链有机衔接的重要桥梁。,
389,产教融合垂类问题,文本,设计一份提升高职院校产教融合水平的三年行动方案，包含具体目标、关键举措和评估指标。,"三年行动方案：
**目标：**将高职院校产教融合水平从“勉强协调”提升至“中级协调”。
**关键举措：**
1.  **深化校企合作：** 建立常态化校企合作机制，鼓励企业参与课程开发、教学实践、师资培训等环节。
2.  **优化专业结构：** 动态调整专业设置，对接新质生产力发展需求，重点发展战略性新兴产业和未来产业相关专业。
3.  **加强师资队伍建设：** 实施“双师型”教师培养计划，提升教师的实践能力和创新能力。
4.  **推进产学研合作：** 鼓励教师和学生参与企业技术研发项目，促进科技成果转化。
5.  **构建现代产业学院：** 依托优势产业，建设一批高水平现代产业学院，实现产教深度融合。
**评估指标：**
1.  校企合作项目数量和质量
2.  专业设置与产业需求的匹配度
3.  “双师型”教师比例
4.  科技成果转化数量和价值
5.  毕业生就业率和薪资水平",
390,产教融合垂类问题,文本,耦合协调模型，请解释该模型的原理，以及如何利用该模型评估职业教育与产业发展的融合程度。,耦合协调模型是一种用于衡量两个或多个系统之间相互作用和相互影响程度的分析工具。其原理是基于两个系统的综合评价指数，通过计算耦合度和耦合协调度来反映系统的融合程度。耦合度衡量两个系统之间的相互关联程度，耦合协调度则综合考虑了两个系统的发展水平和关联程度，反映了系统的整体协调状态。利用该模型评估职业教育与产业发展的融合程度，需要首先构建包含多个指标的评价体系，分别测算出职业教育系统和产业发展系统的综合评价值，然后计算耦合度和耦合协调度，并根据预设的等级划分标准，对融合程度进行分级评价。,
391,产教融合垂类问题,文本,根据新质生产力视角，职业院校产教融合在人才培养方面应如何突出新质人才培养？,职业院校应树立专业群思维，明确专业设置目标，对接新兴产业和未来产业，建立培育新质人才的高质量课程体系。加强各专业建设，紧密对接区域产业链发展需求，实施专业对接计划，将职业认知、技能培养、现场模拟、职业体验融为一体，校企合作共同进行课程开发与建设。同时，聚焦“双师双能”，打造培育新质人才的多元育人格局，引进行业专业人才，建立“双师双能型”师资库，并选送教师到企业实践提升技能。,
392,产教融合垂类问题,文本,在推动职业院校产教融合过程中，企业参与意识薄弱的主要表现有哪些？如何提升企业参与积极性？,企业参与意识薄弱主要表现为：对职校生存在传统偏见，认为职校生学历较低、创新能力不足；缺乏战略性眼光，在创新型人才培养上参与意识不足；注重短期经济效益，忽视长期人才培养投入。提升企业参与积极性需政府制定柔性引导政策，建立长效合作机制，给予税收减免和专项补贴；行业企业要提高站位，主动担当作为，以新兴战略产业需求为导向，发挥主导作用，统筹产业链和教育资源。,
393,产教融合垂类问题,文本,新质生产力视角下，政府在推动职业院校产教融合方面应如何完善体制机制？,政府应加强刚性约束，健全法律法规，明确产教融合的法律地位和责任；制定柔性引导政策，建立长效合作机制，鼓励校企合作；破除信息壁垒，健全沟通管理机制，借助智能化平台整合信息，提高产教融合效率。同时，政府应加强宏观调控，出台刚性政策和实施柔性引导，为职业院校产教融合提供方向和保障。,
394,产教融合垂类问题,文本,从文档内容分析，产教融合对于新质生产力形成的战略意义体现在哪些方面？,产教融合通过技术创新和劳动者素质跃升催生新质生产力，加速其形成。它有机衔接人才供应链、技术创新链和产业升级链，助力新兴产业发展。产教融合能够优化生产力要素组合，提升劳动者素质，促进产业转型升级，为新质生产力提供人才、技术和创新支持。,
395,产教融合垂类问题,文本,如何理解职业院校产教融合中“双师型”教师队伍建设的重要性？,“双师型”教师队伍建设是新质生产力背景下产教融合的关键。它要求教师既要有扎实的理论功底，又要有丰富的实践经验，能够将行业最新技术和发展趋势融入教学内容。通过“引、建、学”的方式，引进行业专家，建立师资库，选送教师到企业实践，可以有效提升教师的专业技术技能和教学水平，培养出适应产业发展需求的新质人才。,
396,产教融合垂类问题,文本,请根据产教融合政策，说明企业参与产教融合项目可获得的激励措施有哪些？,根据政策，企业参与产教融合可获得的激励措施包括：落实'金融+财政+土地+信用'等组合式激励；被认定为产教融合型企业后可享受政策支持；允许职业院校开展有偿性社会培训、技术服务或创办企业，收入可按一定比例作为办学经费自主安排使用，公办职业院校收入还可作为绩效工资来源；推动符合条件的产业园区和职业院校、普通高校合作举办混合所有制分校，探索企业资本和社会资本投入等多种方式推动职业院校股份制、混合所有制改革。,
397,产教融合垂类问题,文本,如何设计一个现代产业学院的年度工作计划以提升产教融合水平？,现代产业学院年度工作计划应包括：1. 深化与龙头企业合作，共建课程开发中心，推动课堂教学革命，建设职业教育国家级一流核心课程；2. 建设集产学研训赛一体的高水平实训基地，开发校企合作典型生产实践项目；3. 推动教师参与企业技术攻关、工艺革新等生产实践，将新技术、新标准转化为教学案例；4. 开展'双师型'教师培养，确保专业课'双师型'教师占比达90%以上；5. 组织开展双向成果技术对接会、技术经理人'三走进'活动，促进科技成果转化。,
398,产教融合垂类问题,文本,分析产教融合对职业教育人才培养模式改革的战略意义。,产教融合对职业教育人才培养模式改革的战略意义在于：1. 推动职业教育类型定位优化和适应性提升，构建'职普融通、产教融合'的现代职业教育体系；2. 促进职业教育育人方式、办学模式、管理体制、保障机制改革更具成效；3. 实现职业教育供给侧与产业需求侧关键要素双向融合，提升职业院校人才培养质量和社会服务能力；4. 通过'学历+技能'贯通培养模式、中国特色学徒制和现场工程师人才培养项目等创新形式，培养支撑产业实际需求的高技能人才；5. 加快形成一批可复制、可推广、可借鉴的典型经验，为建设教育强市、产业强市提供支撑。,
399,产教融合垂类问题,文本,请为高职院校设计一份产教融合数字转型的实施方案。,高职院校产教融合数字转型实施方案应包括：1. 加快迭代升级学校网络基础设施和信息化设备，推动数字化教学资源共享共用、数据互联互通；2. 建设在线精品课程、专业教学资源库、开放式网络课程等新型数字教育资源30个以上；3. 运用5G+、人工智能、大数据、数字孪生、虚拟现实、增强现实等数字技术，校企共建数字远程实训平台和省级虚拟仿真实训基地；4. 优化职业院校信息平台支撑的内部质量保证体系，实现内部控制体系标准化、信息化、透明化；5. 探索建立数字化评价平台，支持第三方机构围绕德技并修、产教融合、校企合作等情况开展质量评估，扩大行业企业参与评价。,
400,产教融合垂类问题,文本,到2025年杭州市计划培育多少家市级及以上产教融合型企业？,到2025年杭州市计划培育100家市级及以上产教融合型企业。,
401,产教融合垂类问题,文本,文件强调了产教融合发展格局的总体目标是什么？,文件强调，到2035年，杭州市产教融合发展格局总体目标是全面实现产教统筹融合，全面建立支撑高质量发展的现代人力资源体系，全面提升职业教育、高等教育对创新发展和产业升级的贡献。,
402,产教融合垂类问题,文本,杭州市深化产教融合的实施意见中，关于企业参与办学有哪些具体措施？,杭州市深化产教融合的实施意见中，关于企业参与办学，鼓励企业以独资、合资、合作等方式依法参与举办职业教育、高等教育，并支持有条件的县级以上产业园区和职业院校、普通高校合作举办混合所有制分校或产业学院。,
403,产教融合垂类问题,文本,文件提到要畅通产教供需双向对接渠道，具体有哪些措施？,文件提到要落实区县（市）政府对接高校、高校对接企业及促进地方创新发展和产业转型、促进高校内涵建设水平提升的“双对接、双促进”机制，建设产教融合信息服务平台，培养规范化的产教融合服务组织，预测行业技术技能人才需求，并发布行业就业状况、行业岗位职业能力标准。,
404,产教融合垂类问题,文本,为了提升教师队伍的专业水平，杭州市计划采取哪些措施培养“双师型”教师？,杭州市计划完善“双师型”教师认定标准和办法，加强本科和研究生层次职教师资培养培训，建设10个“双师型”教师培训基地，严格落实职业院校专业教师赴企业实践每５年累计不少于半年的制度，完善职业院校、普通高校教师实践假期制度，并建设5个高质量的职教师资海外研训基地，打造50 个市级教师教学创新团队。,
405,产教融合垂类问题,文本,请解释“双师型”教师队伍建设在产教融合背景下的重要性，阐述如何提升教师的“双师”素养。,“双师型”教师队伍是产教融合的关键支撑。文档指出，传统高校导师对企业实际需求和产业发展方向缺乏深度了解，而企业导师对人才成才规律缺乏了解。因此，建设一支既懂专业知识，又熟悉产业实践的“双师型”教师队伍至关重要。提升“双师”素养需要通过聘请企业工程师担任客座教授、鼓励教师到企业实践锻炼、建立校企联合科研团队等方式，促进教师与产业界的深度融合，使其能够更好地指导学生进行工程实践和创新创业。,
406,产教融合垂类问题,文本,现代产业学院在产教融合体系中扮演什么角色？分析其优势与挑战。,现代产业学院是产教融合的重要载体。提到西安交通大学构建未来技术学院和现代产业学院，旨在以未来技术为引领，政产学研多方育人主体为学生项目驱动式创新教学提供支撑。其优势在于能够紧跟产业发展需求，培养符合社会发展需求的卓越工程科技人才。挑战在于需要克服传统专业设置与社会需求脱节的问题，以及导师对企业实际需求和人才培养规律的理解不足等问题。,
407,产教融合垂类问题,文本,如何理解提出的“一中心、一孵化、两围绕、一共享”产学研深度融合发展模式？请详细阐述其核心要素。,提出的“一中心、一孵化、两围绕、一共享”产学研深度融合发展模式，体现了以企业为主导的产教融合新路径。“一中心”指企业主导建立研发中心或研究院；“一孵化”指企业承载的技术成果转化孵化器；“两围绕”指围绕产业链部署创新链，围绕创新链布局产业链；“一共享”指通过“学校招、企业供、政府助、多方赢”共享机制，解决高端创新人才紧缺问题。其核心要素是企业在产学研融合中占据主导地位，高校和科研院所提供技术支撑，政府提供政策支持，共同推动科技成果转化和人才培养。,
408,产教融合垂类问题,文本,针对我国工程教育面临的“平台不适配”、“导师不适应”、“模式不适合”三大难题，提出相应的解决方案。,针对我国工程教育面临的难题，文档提出了以下解决方案：对于“平台不适配”，应建设“没有围墙的大学”，如创新港，构建校区、园区、社区创新体，实现产学研深度融合；对于“导师不适应”，应聘请企业专家担任导师，构建“校聘企用”工程导师队伍，实现高校导师和企业导师的协同育人；对于“模式不适合”，应探索项目驱动式人才培养模式，构建“理论+实践”课程体系，培养符合社会发展需求的卓越工程科技人才。,
409,产教融合垂类问题,文本,在推进产教融合的过程中，如何有效提升学生的创新创业能力？给出具体的建议。,提升学生的创新创业能力，需要构建创新实践平台，如学科交叉产教融合创新实践平台，提供真题真做、项目驱动的实践机会。同时，应鼓励学生参与创新创业实践，如支持学生创业公司孵化，提供金融、法律等配套服务。此外，还应加强与企业的合作，建立创新联合体，为学生提供实习、实训、就业等机会，促进学生创新创业能力的提升。提到，西安交通大学通过这些举措，培养了一批双创学生代表，并在各类创新创业大赛中取得优异成绩。,
410,产教融合垂类问题,文本,根据国家和地方政策，产教融合型企业建设应遵循哪些指导性文件？,产教融合型企业建设应遵循《国务院办公厅关于深化产教融合的若干意见》（国办发（2017）95 号）、《深圳市推进国家产教融合试点城市建设工作方案》（深发改（2019）1189 号）以及《关于深圳市第一批产教融合型企业入库培育的通知》（深发改（2020）18 号）等文件要求。,
411,产教融合垂类问题,文本,构建产教融合型企业，在人才培养方面应如何与院校开展深度合作？,产教融合型企业应与中高职业技工院校、技术应用类本科院校在课程开发、师资建设、职业等级认定、实习实训、招生就业等方面开展深度合作，共同开发课程教材，接收在校生开展实习实训，并积极参与省级、国家级产教联盟组织的活动。,
412,产教融合垂类问题,文本,为提升企业内部员工的技能水平，产教融合型企业应如何建设“双师型”师资队伍？,产教融合型企业应设计“双师型”讲师胜任力模型，优化内训师认证标准，通过TTT赋能培训提升双师型师资课程开发能力，搭建师资管理平台，并积极参与校企共建双师培训基地，支持企业讲师到职业院校参与教学，学校教师到企业实践锻炼。,
413,产教融合垂类问题,文本,在产教融合体系中，如何实现技能人才的职业技能等级评价与收入水平的有效联动？,产教融合型企业应制定技能人才职业技能等级企业评价标准，开展自主认定，确保证书等级与收入水平挂钩，并积极参与职业技能等级社会评价，提供社会评价服务，构建“学考评用圈”一体化长效内循环机制。,
414,产教融合垂类问题,文本,为支持产教融合，企业应在哪些方面加大资源投入？,企业应加大在培训场地、实训基地、教学产品研发、教学资源以及讲师队伍建设等方面的资源投入，以保障产教融合工作的顺利开展。,
415,产教融合垂类问题,文本,根据国家政策导向，民办职业本科院校在深化产教融合方面面临哪些关键挑战？请结合文档内容分析。,民办职业本科院校深化产教融合面临的关键挑战包括：一是“双师型”教师队伍建设不足，部分院校“双师型”教师比例尚未达标；二是经费供给渠道单一，主要依赖学费，缺乏多元化筹措机制；三是课程实践体系需进一步完善，需加强理实一体化课程资源开发和岗课赛证融合；四是成果共享机制有待健全，如何将科研成果有效转化为生产力仍需探索。这些挑战源于民办院校的特殊办学属性和发展阶段，需要政府、学校和企业共同努力解决。,
416,产教融合垂类问题,文本,如何理解民办职业本科产教融合运行机制中“流动”的特征？它体现在哪些具体方面？,民办职业本科产教融合运行机制中“流动”的特征指的是多领域资源顺畅流动和异质属性互契相嵌。具体体现在：一是资源供给方面，人才、经费、技术等要素在政府、学校、企业之间流动；二是课程实践方面，课程内容与产业需求动态匹配，教学方法与企业实践相结合；三是专业建设方面，专业设置与区域产业发展战略紧密结合；四是成果共享方面，科研成果、知识产权、人才成果等在校企之间共享，形成利益共同体。,
417,产教融合垂类问题,文本,针对民办职业本科院校，构建多主体协同的产教融合模式，需要考虑哪些组织形态创新？,构建多主体协同的产教融合模式，民办职业本科院校需要考虑以下组织形态创新：一是实践中心，解决实践教学“真实性场景”不足问题；二是产业学院，面向区域产业体系培养高层次技术技能人才，实现校企深度融合；三是市域产教联合体，促进教育链、产业链、人才链和创新链有机衔接，形成资源整合的“生态集群”。这些组织形态的创新需要明确各主体的权责，建立有效的协同机制。,
418,产教融合垂类问题,文本,在民办职业本科的人才培养过程中，如何通过课程实践机制提升学生的职业技能和综合素质？,通过课程实践机制提升学生职业技能和综合素质，需要：一是开发理实一体的课程资源，引入企业最新技术和案例；二是设置通专结合的课程体系，强调职业性和本科性的有机融合；三是打通岗课赛证的课程环节，将岗位需求、课程设置、技能竞赛和职业资格证书有机结合，以赛促教、以赛促学。,
419,产教融合垂类问题,文本,民办职业本科院校如何通过资源供给机制，提升“双师型”教师队伍建设水平？,提升“双师型”教师队伍建设水平，需要：一是企业深入参与课程开发和教学，提供具备理论和实践经验的师资；二是拓宽经费供给渠道，吸引企业赞助和支持教师培训；三是加强校企合作，鼓励教师到企业实践锻炼，提升实践能力；四是完善教师评价体系，将企业实践经验纳入评价指标。,
420,产教融合垂类问题,文本,请解读《关于深化现代职业教育体系建设改革的实施意见》中提出的8项重点任务的核心内容。,该《实施意见》提出8项重点任务，核心包括推动职普融通、深化产教融合、创新科教融汇，旨在促进形成同市场需求相适应、与产业结构相匹配的现代职业教育结构和区域布局，筑牢技能人才培养高地。,
421,产教融合垂类问题,文本,江苏省在现代产业学院建设方面有哪些具体规划？,江苏省计划在各职业院校基础上，连续建设50个左右省级现代产业学院，同时建设30个产教融合实践中心和50个左右高水平专业化实践基地，以深化产教融合实践。,
422,产教融合垂类问题,文本,如何优化职业教育中的“双师型”教师队伍结构？,江苏省将探索建立具有特色的“双师型”教师认定工作体系并出台省级标准，同时选聘产业教授和产业导师，从企事业单位选聘专业技术人员参与职业教育人才培养，优化教师队伍结构。,
423,产教融合垂类问题,文本,江苏省在推动市域产教联合体和行业产教融合共同体建设方面有何目标？,江苏省将在现有13个市域产教联合体基础上，再遴选建设15个左右市域产教联合体；在现有90个行业产教融合共同体基础上，打造一批示范性行业产教融合共同体，以深化产教融合。,
424,产教融合垂类问题,文本,如何将产教融合发展纳入区域规划和经济转型升级？,江苏省将产教融合发展纳入区域发展、产业发展、城乡建设和重大生产力布局等专项规划，融入经济转型升级各环节，并持续推进产教融合试点城市和产教融合型企业建设工作，加强跨区、跨领域、跨行业、跨部门组织协调。,
425,产教融合垂类问题,文本,请解释现代产业学院在产教融合体系中的定位和作用，并结合江苏省的政策导向，阐述其如何促进专业链与产业链的对接。,现代产业学院是产教融合的重要载体，立足于“地方性”、“应用型”办学定位，旨在促进专业链与产业链的深度融合。江苏省鼓励骨干院校举办产业学院，通过深度参与职业学校专业规划、人才培养标准研制、教材课程开发、师资队伍建设等环节，提升人才培养质量。省级层面将建成30个产教融合实践中心，并遴选50个左右高水平专业化实训基地，为产业学院的建设提供支撑。其核心作用在于围绕产业链关键技术、核心工艺和共性问题开展协同攻关，加快基础研究成果向产业技术转化，并为行业提供稳定的人力资源。,
426,产教融合垂类问题,文本,江苏省如何推进职业教育的数字化转型升级？请列举至少三项具体措施。,江苏省将推动职业教育数字化转型升级，具体措施包括：一是实施职业教育数字化战略行动；二是推广应用国家职业教育智慧教育平台；三是建设60个左右省级职业教育专业教学资源库；四是开发1000门左右省级在线精品课程，扩大优质资源共享。这些措施旨在通过数字化手段提升职业教育的教学质量、资源共享和教育覆盖面。,
427,产教融合垂类问题,文本,根据江苏省的政策，如何构建和提升“双师型”教师队伍？请详细说明江苏省在教师评价、培养和引进方面采取的具体措施。,江苏省构建“双师型”教师队伍的措施包括：一是建立多元参与的评价考核体系，由职业学校、行业企业、培训评价组织共同参与；二是建立健全的思想政治素质和职业道德水平评价考核体系；三是探索具有江苏特色的“双师型”教师认定体系，并出台省级标准；四是推进“技术师范教育+岗位实习+企业实践”的一体化培养培训；五是引导高水平大学参与“双师型”教师培养；六是健全开放灵活的培养体系；七是加大行业企业高素质人才引进力度，探索“固定岗+流动岗”的资源配置机制；八是充分发挥产业教授、产业导师的作用。,
428,产教融合垂类问题,文本,请阐述江苏省在深化职业学校教育教学改革方面的主要举措，并分析这些举措对提升职业教育质量的意义。,江苏省深化职业学校教育教学改革的主要举措包括：一是建立健全现代职业学校制度，落实党组织领导的校长负责制；二是优化职业教育供给结构，适度超前进行专业布局，加快传统专业改造升级；三是打造核心课程、优质教材、教师团队、实践项目；四是推动将人工智能等新型工具应用于教学和实践；五是服务全民终身学习，利用“学分银行”实现学历职业教育与非学历职业技能培训的学分认定、积累和转换。这些举措旨在提升职业教育的适应性、针对性和实效性，培养出更符合产业需求的高素质技术技能人才。,
429,产教融合垂类问题,文本,江苏省如何支持技能人才的多样化成长成才？请列举至少四项具体措施，并说明这些措施对促进职业教育公平和提升人才培养质量的作用。,江苏省支持技能人才多样化成长成才的具体措施包括：一是改善中等职业学校办学条件，做精做强；二是扩大综合高中班试点规模，丰富初中毕业生成长路径；三是探索普通高中和中等职业学校学籍互通、课程互选、学分互认；四是稳步发展五年制高职教育；五是增强高等职业教育资源示范辐射作用；六是支持以高职院校为基础，设置本科层次职业学校；七是改革完善“职教高考”制度，扩大招生规模；八是推进高职院校和技师学院合作办学、学分互认；九是拓宽高职院校毕业生攻读专业学位研究生的升学通道；十是引导本科高校参与职业教育改革。这些措施旨在为不同层次、不同背景的学生提供更多元的职业发展路径，促进职业教育公平，并提升人才培养质量。,
430,产教融合垂类问题,文本,请解释国家现代产业学院在提升职业教育服务产业能力方面的作用，并结合常州市的实践案例进行说明。,国家现代产业学院是深化产教融合的重要载体，旨在通过校企深度合作，共同建设与产业发展紧密结合的专业、课程和实训基地，从而提升职业教育的适应性和服务产业能力。常州市通过联合行业龙头企业打造常州产业学院集群，建设2个国家现代产业学院、8个省级重点产业学院建设点、27个市级产业学院，体现了这一战略。这些产业学院聚焦区域特色产业，实现人才培养、技术创新和成果转化，有效支撑了地方经济高质量发展。,
431,产教融合垂类问题,文本,常州市在完善职业教育体制机制方面采取了哪些关键举措？这些举措对推动职业教育高质量发展有何影响？,常州市在完善职业教育体制机制方面，主要采取了以下举措：一是加强组织领导，成立高层领导小组；二是健全工作机制，建立联席会议制度和领导联系制度；三是完善政策制度，出台一系列支持职业教育发展的政策文件并设立专项资金。这些举措通过强化组织保障、协同推进和政策支持，有效压实工作责任，整合优质资源，为职业教育高质量发展提供了坚实的制度基础和资金保障。,
432,产教融合垂类问题,文本,请详细阐述常州市在推进现代学徒制方面的主要做法，并分析其对提升人才培养质量和促进就业的意义。,常州市在推进现代学徒制方面，主要做法包括：全面推行现代学徒制，建设部、省现代学徒制试点单位6个，开展现代学徒制、订单班、冠名班等项目近400个，立项市级现代学徒制示范项目5个。现代学徒制通过将学生学习与企业实践紧密结合，使学生在真实的工作环境中掌握技能，提升实践能力。这不仅提高了人才培养质量，更有效促进了学生就业，实现了“学以致用、知行合一”的目标。,
433,产教融合垂类问题,文本,如何理解常州市提出的“专业建设动态链”？请结合常州市的实践，说明其在优化职业教育专业结构方面的重要意义。,常州市提出的“专业建设动态链”是指建立优化专业建设升级发展和动态调整机制，通过校企合作，根据产业发展方向和就业市场需求，共同设置专业、研究制定标准、开发课程体系。常州市通过打造29个省级中职现代化专业群、5个五年制高职高水平专业群等，实现了专业与产业需求的紧密契合，有效避免了专业设置与市场脱节的问题，提升了职业教育的适应性和竞争力。,
434,产教融合垂类问题,文本,针对一家希望与职业院校开展深度合作的企业，请根据常州市的经验，提供一份产教融合合作的实施建议。,根据常州市经验，企业与职业院校开展深度合作的实施建议如下：一是建立长期稳定的合作关系，签订合作协议，明确双方的权利和义务；二是共同参与专业建设，根据企业需求参与专业设置、课程开发和标准制定；三是提供实习实训基地，为学生提供实践机会；四是参与教师队伍建设，聘请企业技术专家担任兼职教师或参与教师培训；五是共同开展技术研发和成果转化，实现互利共赢。常州市的经验表明，通过校企深度合作，可以有效提升职业教育的质量和适应性，为企业培养所需人才，促进产业升级和发展。,
435,产教融合垂类问题,文本,请解释江苏省在健全产教融合政策体系方面的主要举措，并分析这些举措对促进校企合作的意义。,江苏省健全产教融合政策体系的主要举措包括：以省政府名义印发《关于深化产教融合的实施意见》《关于加快推进职业教育现代化的若干意见》等文件；明确成立行业职业教育指导委员会；建设示范性职业教育集团和产教融合试点城市、试点行业；规定规模以上企业安排实习岗位；设立校企合作专项资金；实施《江苏省职业教育校企合作促进条例》，提供财政、金融、税收和用地优惠政策；建立职业教育工作联席会议制度。这些举措的意义在于，通过政策引导和资金支持，明确校企合作的责任和权利，降低企业参与的成本，营造良好的合作氛围，从而促进校企深度融合，实现人才培养与产业发展的协同。,
436,产教融合垂类问题,文本,阐述江苏省在坚持教育与产业统筹规划方面的具体做法，并分析其对提升职业教育适应性的作用。,江苏省坚持教育与产业统筹规划的具体做法包括：建立职业院校与产业园区建设的良性互动机制，实现同步规划、同步建设、同步发展；在全省13个设区市中9个建有职教园区；80%以上的县级职教中心易地新建到产业园区；推进“引企入校”“办校进厂”“企业办校”等校企深度合模式；认定“产教融合型企业”并给予奖励。这些做法的作用在于，将职业教育置于产业发展的大背景下，使人才培养更贴近产业需求，缩短教育与产业之间的距离，提升职业教育的适应性和针对性，从而更好地服务于地方经济发展。,
437,产教融合垂类问题,文本,请详细描述江苏省在建立专业动态调整机制方面的策略，并说明其如何应对产业转型升级的需求。,江苏省建立专业动态调整机制的策略包括：主动对接地方产业转型升级需求；根据产业集群式发展特点建设重点专业集群；建成骨干（品牌）高职专业和中职现代化专业群；定期开展职业学校专业结构与产业结构吻合度调查，发布预警报告；科学调整专业设置，增设紧缺专业，优化专业结构。这些策略能够有效应对产业转型升级的需求，通过及时调整专业设置，确保人才培养方向与产业发展方向一致，为产业升级提供充足的人才支撑。,
438,产教融合垂类问题,文本,分析江苏省推进校企协同育人的主要方式，并评估这些方式对提升学生实践能力的作用。,江苏省推进校企协同育人的主要方式包括：推行校企合作、工学结合；强化实训教学；建设校企深度合作的实训平台和校内工厂；开展现代学徒制试点；重构人才培养方案、专业课程体系和专业教学标准；开发基于岗位工作内容、融入国家职业资格标准的专业教学内容和教材。这些方式能够有效提升学生的实践能力，通过在真实的企业环境中学习和工作，使学生掌握实际操作技能，了解行业发展动态，更好地适应就业市场的需求。,
439,产教融合垂类问题,文本,总结江苏省对“产教融合型企业”的认定标准和激励措施，并分析这些措施对吸引企业参与产教融合的有效性。,江苏省对“产教融合型企业”的认定标准是：深度参与职业教育、取得突出成效、发挥示范引领作用的企业。激励措施包括：县级以上政府给予一定奖励；省级每年认定“产教融合型企业”100家左右。这些措施的有效性在于，通过明确的认定标准和实质性的奖励，能够激发企业的参与积极性，吸引更多企业投入到职业教育中来，形成政府、企业、学校三方共赢的局面，从而推动产教融合的深入发展。,
440,产教融合垂类问题,文本,根据法国'大学校'的产教融合机制，分析创业型大学在产教融合中的主导作用及其具体职能。,创业型大学在产教融合中发挥主导作用，其核心职能包括：1）人才培养：通过系统的知识学习与问题情境的技能培训，培养实践创新人才，满足企业人力资本需求；2）科学研究：融合基础研究与应用研究，以现实意义和科学价值为导向开展科技研发；3）知识转化：成立专门机构（如合作研究与知识产权部）促进成果商业化，提高知识转化效率。巴黎综合理工学院的'雪铁龙教席'案例显示，创业型大学通过跨学科课程设置、企业实习机制和科研合作平台，有效平衡学科逻辑与经济生产逻辑，成为产教融合的驱动引擎。,
441,产教融合垂类问题,文本,创新型政府在产教融合中应如何定位其角色？请结合法国案例说明政策工具的运用。,创新型政府需避免'越位'或'缺位'，通过制度保障维持高等教育与工作世界的松散耦合：1）法律法规：如法国《赞助、协会和基金会法》规范企业教席设立，明确三方协议责任，保障高校主体性；2）税收政策：对企业赞助教育实行60%税款减免，学徒培训税（0.68%）及阶梯式补贴（如每多雇一名学徒补贴400欧元）激励企业参与；3）中介机构：通过基金会管理赞助资金，确保资金独立使用，平衡校企利益。政府作为'引导者'而非'掌控者'，通过政策工具优化资源配置，促进长效合作。,
442,产教融合垂类问题,文本,请设计一份基于松散耦合理论的行业特色高校产教融合年度工作方案。,行业特色高校产教融合年度工作方案：1）主体定位：明确创业型大学转型路径，设立产业学院作为产教融合载体；2）合作机制：引入知识型企业共建企业教席，开发'课程-实习-科研'三位一体培养体系，要求学生完成3个月企业实习+4-6个月研究实习；3）制度保障：成立校企合作办公室，签订三方协议明确权责，争取税收减免政策支持；4）资源整合：建立校企资源共享平台，开放企业技术资源与高校科研设施；5）评估反馈：建立实习评价体系（企业、导师、答辩委员会三方评价），定期优化合作内容。方案强调主体独立性与互动性平衡，避免过度耦合或脱钩。,
443,产教融合垂类问题,文本,分析产教融合中'双师型'教师培养的挑战及法国'大学校'的实践经验。,'双师型'教师培养面临高校教师理论优势与行业实践脱节的挑战。法国'大学校'的实践经验包括：1）企业教席制度：企业专家参与课程设计，如标致雪铁龙集团工业教授开设'材料、结构、多物理场建模'课程，实现理论教学与实践案例融合；2）实习导师制：企业专家全程指导学生实习，提供现场经验与技术前沿知识；3）联合培养机制：CIFRE项目允许教师以'企业雇员+学校导师'双重身份参与研发，促进学术与产业知识双向流动。这些措施有效弥合了高校教师与行业专家的能力鸿沟，为我国'双师型'队伍建设提供参考。,
444,产教融合垂类问题,文本,根据浙江省人民政府办公厅关于深化产教融合的实施意见，到2025年，浙江省计划培育多少家产教融合型企业？,根据浙江省人民政府办公厅关于深化产教融合的实施意见，到2025年，浙江省计划培育300家以上产教融合型企业。,
445,产教融合垂类问题,文本,请解释在浙江省深化产教融合的背景下，‘双师双能型’教师队伍建设的具体目标和意义。,浙江省深化产教融合强调实施职业学校“双师双能型”教师队伍建设计划。这意味着职业学校教师既要精通专业知识（师），又要具备实践经验（师），同时还要具备行业资格证书和实际操作能力（能）。该计划旨在提升职业教师的实践能力和适应产业发展需求的能力，从而提高职业教育的质量和人才培养的针对性。,
446,产教融合垂类问题,文本,浙江省在统筹高等教育和职业教育资源布局方面，有哪些具体措施？,浙江省在统筹高等教育和职业教育资源布局方面，主要措施包括：推进高等教育布局与区域发展战略对接，向重点产业园区集中；建设集产学研创于一体的重点实验室、工程技术中心等；加强与长三角地区科教资源的协作；扶持示范性应用型本科高校和高职学校建设；统筹推进高教园区与经济技术开发区联动发展；加大山海协作技术人才支持。,
447,产教融合垂类问题,文本,请概述浙江省在深化产教融合中，为企业参与学校治理所采取的主要措施。,浙江省为鼓励企业参与学校治理，主要采取以下措施：完善理事会制度，引入行业企业参与学校重大事项审议；支持组建由行业组织、重点企业等参加的学校理（董）事会、专业建设委员会、校企合作委员会；鼓励企业代表加入职业学校理（董）事会；扩大学校人事管理、教师职称评聘等方面的自主权。,
448,产教融合垂类问题,文本,浙江省在产教融合的财政支持方面，有哪些具体的政策措施？,浙江省在产教融合的财政支持方面，主要包括：统筹安排产业发展、科教类专项资金和有关财政性资金，加大对重点学科专业、实训平台和试点建设的支持力度；发挥政府产业基金投资作用，引导投资；通过政府和社会资本合作（PPP）模式支持基础设施建设；完善财政生均拨款制度；优先纳入科研仪器设备集中采购目录；对企业捐赠学校的，按照税法规定予以税前扣除；落实教育服务免征增值税等政策。,
449,产教融合垂类问题,文本,《关于深化产教融合的若干意见》中，深化产教融合的“四位一体”架构具体包含哪些要素？,《关于深化产教融合的若干意见》构建的“四位一体”架构包括：政府统筹规划、企业重要主体、人才培养改革主线、社会组织等供需对接作用。,
450,产教融合垂类问题,文本,从国家层面来看，深化产教融合对于高等教育和职业教育的意义体现在哪些方面？,深化产教融合是推进高等教育、职业教育内涵发展的重大方略，是融入国家创新体系建设的关键环节，实现了科学研究、实验开发、推广应用的“三级跳”，并形成了“产业链-创新链-教育链-人才链”的“四链贯通”。,
451,产教融合垂类问题,文本,针对产教融合中企业积极性不高的问题，《意见》提出了哪些制度保障措施？,《意见》在建立价值共同体的基础上，促进企业需求侧和教育供给侧要素全方位融合，为“引企入教”改革提供制度保障，同时还提出了落实财税用地等政策，探索推进职业学校股份制和混合所有制改革等措施。,
452,产教融合垂类问题,文本,在人才培养模式方面，《意见》强调了哪些导向，以适应产业发展需求？,《意见》强调面向产业和区域发展需求，健全完善需求导向的人才培养模式，强化了需求引领；重点解决产业发展需求与教育供给之间不匹配的问题；并提出推动高水平大学加强创新创业人才培养，建立复合型、创新型技术技能人才系统培养制度。,
453,产教融合垂类问题,文本,教育部学校规划建设发展中心在推进产教融合方面，将建设国家级产教融合服务平台作为重点，请列举其中至少三项具体工作内容。,教育部学校规划建设发展中心将从加强对《意见》的学习与宣传、配合教育部搭建国家产教融合发展工程服务平台、开展产教融合试点城市建设的探索等多个方面加快推进《意见》各项政策措施的落实。,
454,产教融合垂类问题,文本,根据国家《职业教育改革实施方案》，市域产教联合体和行业产教融合共同体的建设目标是什么？,根据《职业教育改革实施方案》，市域产教联合体和行业产教融合共同体的建设目标是探索省域现代职业教育体系建设新模式，打造集人才培养、职工培训、技术攻关、创新创业、促进产业经济发展等功能于一体的产教融合组织体，以深化产教融合、校企合作，培养高素质劳动者和技能型人才。,
455,产教融合垂类问题,文本,在深化职业教育产教融合的过程中，如何看待“融而不深”、“校企跨而不实”的现实困境？,“融而不深”、“校企跨而不实”的现实困境主要源于主导权力缺位、利益诉求差异、激励政策缺失以及协同治理失灵。具体表现为产教融合组织作为非法人团体，缺乏有效约束力；学校追求社会效益，企业追求经济效益，利益诉求存在差异；政策供给不足，缺乏实打实的激励措施；以及多方主体协同治理机制不健全。,
456,产教融合垂类问题,文本,为了实现职业教育产教融合的关键，需要跨界组织具备哪些关键要素？,跨界组织需要具备符合实际的组织结构、发挥实效的主导权力、约束有力的职责分工、稳定的利益共享机制以及有效的激励保障政策。同时，需要多方主体协同有效的共建共治，才能实现实体化运作。,
457,产教融合垂类问题,文本,从改革开放以来，我国职业教育产教融合经历了哪些发展阶段？每阶段的典型特征是什么？,我国职业教育产教融合经历了四个阶段：一是技术工人培养为主导的散点合作，特点是合作松散、机遇性强；二是契约为主导的订单式合作，特点是合作线上连续性增强；三是以联盟为主导的集团化合作，特点是规模扩大、组织形式创新；四是以共建共治为主导的多主体合作，特点是政府主导、多方参与，构建命运共同体。,
458,产教融合垂类问题,文本,如何理解“双师型”教师队伍建设在产教融合中的作用？,“双师型”教师队伍建设是深化产教融合的关键。它要求教师既要有扎实的专业知识（业务型），又要有丰富的实践经验（行业型），能够将产业需求融入教学过程，提升人才培养的针对性和实效性。通过“双师型”教师队伍的建设，可以有效促进学校与企业之间的知识、技术和经验交流，实现产教深度融合。,
459,产教融合垂类问题,文本,根据国家产教融合型企业建设培育方案，请阐述产教融合型企业的定义及其在人才培养方面的核心作用。,产教融合型企业是指深度参与产教融合、校企合作，在职业院校、高等学校办学和深化改革中发挥重要主体作用，行为规范、成效显著，创造较大社会价值，在提升技术技能人才和创新创业人才培养质量上发挥示范引领作用的企业。其核心作用在于通过与院校的深度合作，共同参与人才培养方案的设计与实施，提供真实的实践环境和技术支持，从而提升人才培养的针对性和实效性，培养出更符合产业需求的高素质技术技能人才。,
460,产教融合垂类问题,文本,某企业希望申报深圳市产教融合型企业建设培育试点，请列出该企业需要满足的基本条件，并简述申报流程。,企业需满足以下基本条件：1) 在深圳市注册经营，具有独立法人资格；2) 重点建设培育主动推进制造业转型升级的企业，或重点产业领域的龙头企业；3) 积极投入人力资本，具有发展潜力并履行社会责任；4) 通过独资、合资、合作等方式参与职业教育或高等教育；5) 在实训基地、学科专业、教学课程建设和技术研发等方面稳定开展校企合作。申报流程包括：企业自愿申报并填写《深圳市产教融合型企业建设培育申报表》，提交佐证材料至相关区（新区）或市直部门；区（新区）/市直部门进行审查并推荐；市教育局、市发展改革委会同有关部门组织专家复核评议；复核通过的企业列入信息储备库并接受建设培育；建设培育期满后符合条件的企业可申请认证。,
461,产教融合垂类问题,文本,在产教融合的背景下，企业与高校开展校企合作有哪些常见的合作模式？请结合文档内容进行说明。,常见的校企合作模式包括：1) 企业独立举办或作为重要举办者参与举办职业院校或高等学校；2) 企业通过企业大学等形式开展技术技能培训；3) 企业参与组建行业性或区域性产教融合（职业教育）集团；4) 企业承担现代学徒制或新型学徒制试点任务；5) 企业接收职业院校或高等学校学生进行实习实训；6) 企业承担实施1+X证书制度试点任务；7) 企业与院校共建学科专业点（如订单班）；8) 企业与院校共建产教融合实训基地或捐赠教学设施设备；9) 企业与院校共享知识产权。,
462,产教融合垂类问题,文本,深圳市产教融合型企业建设培育试点对企业有哪些激励措施？,文档指出，列入产教融合型企业建设信息储备库的企业，将获得国家支持企业参与举办职业教育的各项优惠政策，在项目审批、购买服务、金融支持、用地政策等方面给予便利的支持。进入产教融合型企业认证目录的企业，将落实“金融+财政+土地+信用”的组合式激励和相关税收政策。,
463,产教融合垂类问题,文本,如何理解产教融合型企业在提升技术技能人才培养质量上的“示范引领作用”？,产教融合型企业通过深度参与职业教育和高等教育，在校企合作的各个环节（实训基地建设、课程开发、教学实践、技术研发等）进行创新和探索，形成先进的产教融合模式和经验。这些成功经验可以作为其他企业和院校学习的榜样，推动整个区域乃至全国产教融合水平的提升，从而在提升技术技能人才培养质量上发挥示范引领作用。,
464,产教融合垂类问题,文本,根据国家产教融合相关政策，请阐述产教融合型企业在人才培养方面的核心作用和具体体现。,产教融合型企业在人才培养方面发挥着重要主体作用，其核心作用在于深度参与职业院校、高等学校的办学和深化改革，提升技术技能人才和创新创业人才培养质量。具体体现包括：独立举办或参与举办职业教育、高等教育；稳定开展校企合作，在实训基地、学科专业、教学课程建设和技术研发等方面深度参与；承担现代学徒制或新型学徒制试点任务；实施1+X证书制度试点；通过订单班等形式共建学科专业点；共建产教融合实训基地；共享知识产权等。,
465,产教融合垂类问题,文本,请详细描述企业申报成为产教融合型企业的基本条件，并说明在申报过程中需要提供的关键材料。,企业申报产教融合型企业需满足以下基本条件之一：1) 独立举办或参与举办职业院校或高等学校，或通过企业大学等形式开展技术技能培训；2) 承担现代学徒制或新型学徒制试点任务，或近3年接收60人以上学生实习实训；3) 承担1+X制度试点任务；4) 与院校共建3个以上学科专业点；5) 共建产教融合实训基地或捐赠教学设施设备累计100万元以上；6) 近3年取得与院校共享的知识产权证明。申报需提供《深圳市产教融合型企业建设培育申报表》及佐证材料，包括校企合作协议书、产教融合成果证明、营业执照复印件等。,
466,产教融合垂类问题,文本,针对一家希望参与产教融合建设的民营企业，请提供一份操作指南，说明其如何通过校企合作提升自身的技术创新能力和人才储备。,民营企业参与产教融合建设的操作指南：1) 明确自身人才需求，与职业院校或高校建立合作意向；2) 签订校企合作协议，明确合作内容、权利义务；3) 参与学科专业建设，提供技术支持和实践机会；4) 共建产教融合实训基地，提供先进设备和技术；5) 积极承担现代学徒制或1+X制度试点任务；6) 鼓励员工参与院校教学，实现双师型教师培养；7) 持续投入研发，与院校共同申请知识产权；8) 积极申报产教融合型企业，争取政策支持。,
467,产教融合垂类问题,文本,分析产教融合型企业建设培育的流程，并说明在不同阶段政府部门的角色和职责。,产教融合型企业建设培育流程包括：1) 自愿申报：企业提交申报材料至区/新区/合作区或市直部门；2) 复核评议：市教育局、市发展改革委会同部门组织专家复核；3) 建设培育：市直部门和各区指导企业开展建设培育，落实优惠政策；4) 认证评价：根据国家标准进行认证，落实激励政策；5) 资格复核：每3年对已认证企业进行资格复核。政府部门职责：区/新区/合作区负责企业推荐和初审；市教育局、市发展改革委负责复核、评议、指导和认证评价。,
468,产教融合垂类问题,文本,请解释提到的“1+X”制度，并说明企业参与该制度试点对提升人才培养质量的意义。,“1+X”制度是指学历证书（1）与职业技能等级证书（X）相结合的人才培养模式。企业参与“1+X”制度试点，意味着企业能够根据自身需求，与院校共同制定人才培养标准，参与课程开发和实训基地建设，确保培养的人才具备符合企业需求的职业技能。这有助于提升人才培养的针对性和实用性，缩短人才与岗位的适配时间，从而提升人才培养质量，满足产业发展需求。,
469,产教融合垂类问题,文本,现代产业学院建设的核心目标是什么？请结合文档内容进行阐述。,现代产业学院建设的核心目标是服务和引领国家和区域产业发展。具体而言，一方面是培养适应和引领现代产业发展的卓越工程人才，成为高素质、应用型、复合型、创新型人才培养基地；另一方面是持续开展产业技术改造和新技术的研究，促进科研成果转化，推动现有产业改造、转型和升级以及促进新产业的形成，成为推动产业发展基地和新产业孵化基地。,
470,产教融合垂类问题,文本,在现代产业学院的教师队伍建设中，专职教师和兼职教师分别扮演什么角色？如何实现他们的优势互补？,文档指出，现代产业学院的教师队伍应由校内专职教师和校外兼职教师共同组成。专职教师主要负责系统掌握学科专业理论，而兼职教师则凭借其丰富的工程实践经历提供实践指导。优势互补通过建立校内外人才双向流动机制，设置灵活的人事制度，打造由校企教师组成的专兼职教师队伍来实现，包括选聘企业专家担任兼职教师，选送高校教师到企业锻炼，以及建立专兼职教师的交流合作机制。,
471,产教融合垂类问题,文本,如何提升高校专职教师的工程实践能力？提出了哪些具体的措施？,文档提出了多种提升高校专职教师工程实践能力的方法。主要包括：全脱产到企业进行顶岗锻炼，参与企业实际工程项目或研发项目；鼓励教师参与源于企业的工程项目和产学研合作项目；高校制定刚性的培训政策，安排教师到企业工作1-2年；以及定期安排教师到企业轮训，更新工程知识和实践技能。,
472,产教融合垂类问题,文本,企业参与现代产业学院建设的积极性不足，文档分析了哪些原因？并提出了哪些解决措施？,文档分析了企业参与积极性不足的三方面原因：企业在学院建设中的主体地位不明确；缺乏各级政府有效的激励政策；以及企业的多种诉求没有得到应有的满足。解决措施包括：明确企业的主体地位，使其在决策层参与学院发展；各级政府出台切实可行的激励政策；以及高校坚持互利共赢的共建原则，满足企业的利益诉求。,
473,产教融合垂类问题,文本,为了有效提升企业兼职教师的教育教学能力，文档建议采取哪些具体措施？,文档建议采取以下措施提升企业兼职教师的教育教学能力：制定企业兼职教师教育教学能力基本要求；安排针对企业兼职教师的专门培训，包括学习教育教学理论、教学观摩和试讲；加强专兼职教师之间的交流学习；面向兼职教师开放校内各种教育教学资源；以及在教学任务安排上由易到难，始于实践教学。,
474,产教融合垂类问题,文本,根据《关于实施职业教育现场工程师专项培养计划的通知》，到2025年我国现场工程师专项培养计划的具体目标是什么？,根据《关于实施职业教育现场工程师专项培养计划的通知》，到2025年我国现场工程师专项培养计划的具体目标是：累计不少于500所职业学校、1000家企业参加项目实施，累计培养不少于20万名现场工程师。,
475,产教融合垂类问题,文本,产教融合场域的三个核心子场域是什么？它们各自在人才培养中扮演什么角色？,产教融合场域的三个核心子场域包括：行政场域、职业教育场域和产业场域。行政场域通过政策引导和资源支持发挥保障作用；职业教育场域通过知识传授和技能训练承担教育功能；产业场域则提供实践平台和技术支持，确保人才培养与产业需求紧密对接。,
476,产教融合垂类问题,文本,现场工程师核心能力的‘上显下隐’多维立体能力结构具体包含哪些维度？,现场工程师核心能力的‘上显下隐’多维立体能力结构包含三个维度：基础维度的多元知识（工程实践知识、规则规范知识、技术创新知识）；应用维度的实践技能（技术应用能力、资源调配能力、突发事件处理能力、沟通交流能力）；态度维度的价值情感（爱国情怀、合作意向、工匠精神）。,
477,产教融合垂类问题,文本,如何构建‘跨界协同’的主体间性关系以提升产教融合育人效果？,构建‘跨界协同’的主体间性关系需通过以下方式：1. 政府、职业学校、企业建立基于价值认同、信任基础、利益共享和责任共担的伙伴关系；2. 明确分工协作机制，政府发布人才需求清单，职业学校定制化培养，企业提供实践岗位；3. 建立公平的利益分配机制，消解主体间的功能错位与越位问题。,
478,产教融合垂类问题,文本,现代产业学院建设中，如何通过‘三重资本’架构优化资源配置？,现代产业学院建设中，可通过‘三重资本’架构优化资源配置：1. 制度性资本：通过财政拨款、税收减免等政策完善实训设施和校企合作机制；2. 产业性资本：引导技术设备、研发资源等向人才培养领域倾斜，搭建产教融合实践平台；3. 教育性资本：优化课程设置，强化‘双师型’师资队伍建设，构建行业规范与价值观体系。,
479,产教融合垂类问题,文本,根据国家政策导向，请阐述当前深化现代职业教育体系建设改革中，行业产教融合共同体建设的核心任务和目标。,根据中共中央办公厅、国务院办公厅印发的《关于深化现代职业教育体系建设改革的意见》，建设行业产教融合共同体是新时期职业教育“一体两翼五重点”中的重要“一翼”，是深化产教融合的新路径。其核心任务在于整合产教资源，实现产教供需对接，提升人才培养质量，目标是构建一种新型的产教融合组织形态，促进职业教育与产业发展深度融合。,
480,产教融合垂类问题,文本,生成式人工智能（GenAI）在提升产教融合智能化水平方面，主要通过哪些效应发挥作用？请详细说明。,GenAI可通过形成多模态生成效应、多主体协同效应、市场化运作效应、扁平化治理效应，提升产教融合智能化水平。多模态生成效应体现在其能够整合各类信息，形成多维度呈现；多主体协同效应在于其促进产学研各方合作；市场化运作效应通过优化资源配置，实现效益分配；扁平化治理效应则在于提高决策效率和协同性。,
481,产教融合垂类问题,文本,在行业产教融合共同体建设中，GenAI嵌入需要满足哪些条件？请从数据安全、技术基础和数据核心三个方面进行阐述。,GenAI嵌入行业产教融合共同体需要满足以下条件：一是规则保障，建立数据收集、使用等方面的规则，确保合规安全，参照联合国教科文组织《生成式人工智能教育与研究指南》及我国《生成式人工智能服务管理暂行办法》；二是技术基础，需要强大的算力、算法支撑以及配套设施；三是数据核心，需要分析海量数据训练中隐含的规律与模式，并对行业发展趋势、人才需求等进行大数据分析。,
482,产教融合垂类问题,文本,分析GenAI在职业教育中辅助教学的主要方式有哪些？并说明其优势。,GenAI在职业教育中辅助教学主要体现在两个方面：一是辅助职业教育研究，在研究范畴、文献概述及数据挖掘方面表现出显著优势；二是辅助教学，能够优化专业课程体系，精准分析并拓展教学内容，快速生成测试问题与评价规则方法等。其优势在于提升教学效率与质量，并为深入研究提供便利。,
483,产教融合垂类问题,文本,为了完善行业产教融合共同体的关系网络，GenAI可以发挥哪些作用？请从生态转变、资源供给和生涯导向三个方面进行说明。,GenAI可以通过以下方式完善行业产教融合共同体的关系网络：一是推动人机共生，促进共同体关系网络生态转变，实现“人—机—共同体”耦合发展；二是赋能资源供给，通过智能化生成，实现优质资源的个性化配置；三是统筹多元协作，深化共同体生涯导向评价方式，构建全面的综合评价体系。,
484,产教融合垂类问题,文本,根据国家政策导向，请阐述产教融合对现代职业教育人才培养的战略意义。,产教融合是推动现代职业教育高质量发展的重要抓手，其战略意义在于：一是促进人才培养与产业需求紧密对接，解决“培养与市场脱节”的问题，培养适应未来产业发展的高素质技术技能人才；二是推动教育教学资源与产业资源深度融合，实现优势互补，提升教育教学质量；三是加速科技成果转化和产业升级，为经济社会发展提供人才支撑。教育部《关于加快推进现代职业教育体系建设改革重点任务的通知》明确提出建设全国性职业教育产教融合优质教材，体现了国家对产教融合人才培养的高度重视。,
485,产教融合垂类问题,文本,请简述现代产业学院建设的核心要点，并说明其在产教融合体系中的作用。,现代产业学院建设的核心要点包括：一是校企深度合作，共建共管共育；二是聚焦产业发展需求，构建特色专业体系；三是推进课程体系改革，实现专业与产业标准对接；四是创新人才培养模式，注重实践能力提升。现代产业学院是产教融合的主阵地，通过校企深度合作，能够有效整合教育资源和产业资源，实现人才培养、技术创新和产业升级的协同发展，是构建产教融合型企业和提升职业教育服务产业能力的关键载体。,
486,产教融合垂类问题,文本,在产教融合型数字化教材开发中，如何有效降低学习者的认知负荷，提升学习效果？,降低学习者认知负荷的关键在于：一是优化教材内容，过滤冗余信息，遵循行动导向原则，使教材内容“无痕”融入学习情境；二是重组技术知识，编排契合工作逻辑的教材体例，实现“行知有序”；三是开发配套学材，促进学习者技术知识的创生。此外，应充分利用数字化技术，构建更贴近工作环境的学习情境，提升教材的可视化程度，并支持个性化学习。,
487,产教融合垂类问题,文本,请从政策层面分析，国家对产教融合型数字化教材建设有哪些支持措施？,国家对产教融合型数字化教材建设的支持措施主要体现在以下几个方面：一是政策引导，教育部办公厅明确提出“开展职业教育优质教材建设”作为重点任务，设定建设约2000种全国性职业教育产教融合优质教材的目标；二是资金支持，通过专项资金支持产教融合型数字化教材的开发和应用；三是人才培养，鼓励高校和企业联合培养教材开发人才；四是管理规范，出台相关管理办法，规范教材建设流程，提升教材质量。,
488,产教融合垂类问题,文本,如何理解“双师型”教师在产教融合背景下的重要性？请结合文档内容进行阐述。,“双师型”教师是指既具有扎实的专业知识和技能，又具备丰富的实践经验和职业素养的教师。在产教融合背景下，“双师型”教师是实现产教融合的关键要素。他们能够将产业的最新技术和实践经验融入教学过程，提升教学的针对性和实效性，同时能够引导学生将所学知识应用于实际工作，培养学生的实践能力和创新精神。,
489,产教融合垂类问题,文本,根据国家现代职业教育体系建设改革的战略部署，市域产教联合体建设的核心特征有哪些？,市域产教联合体以产业园区为物理空间载体，兼具人才培养、创新创业、促进产业经济高质量发展等功能。其特征包括：依托产业园区的产教资源集聚，面向市域发展的目标倾向，以及在政府统筹下完整高效的实体化运作。,
490,产教融合垂类问题,文本,在新型产教融合载体建设中，如何解决企业参与产教融合过程中面临的“责权利模糊”问题？,新型产教融合载体通过强化企业权利，优化企业参与机制来解决责权利模糊问题。具体措施包括：在载体内搭建进修基地、建设技术创新平台；落实组合式激励政策，提供金融、财政、土地、信用等方面的支持；成立政校行企多方参与的理事会或领导小组，实现产权明晰、利益平衡，确保校企双方地位平等。,
491,产教融合垂类问题,文本,从概念演进的角度分析，校中厂与现代产业学院在产教融合载体上的主要区别是什么？,校中厂以生产性实训为核心功能，强调将真实工厂生产环境引入院校，侧重实践教学；而现代产业学院则以多主体共建共管共享为本质，强调资源整合和协同创新，更注重服务产业发展和技术创新。校中厂是早期探索，产业学院是更高级的融合形态。,
492,产教融合垂类问题,文本,针对职业院校在产教融合中存在的“短视”思维问题，应如何构建长效利益共同体？,构建长效利益共同体需要内外一体的努力。内部，需铸牢基于政府评价指标的共同体意识，引导教师将产教融合融入职业生涯规划。外部，需优化基于利益共享的信息披露机制，提高透明度，并建立相应的奖惩措施，以激发各方参与产教融合的积极性。,
493,产教融合垂类问题,文本,为了提升职业院校的产业服务质量，在师资队伍建设方面应采取哪些关键措施？,师资队伍建设应包括人才引进和现有教师能力提升两个方面。在人才引进方面，应优化引进机制，制定产教融合教师职业标准，完善激励机制。在现有教师能力提升方面，应加强实践教学能力和技术创新能力培养，通过企业锻炼、科研合作等方式，提升教师的产业服务水平。,
494,产教融合垂类问题,文本,根据国家政策导向，请阐述当前职业教育产教融合组织形态发展的主要趋势，并分析其对人才培养模式的影响。,当前职业教育产教融合组织形态发展呈现出多元化、治理结构完善、组织边界拓展以及企业办学主体作用增强的趋势。这直接影响人才培养模式，促使其从以学校为主导的理论教学向以企业为主导的实践教学转变，从“生产”与“教学”的简单融合向“产业”与“教育”的深度融合发展，最终实现人才链、产业链、创新链的深度交融，培养出更贴近产业需求的高素质技术技能人才。,
495,产教融合垂类问题,文本,请解释“产教融合型企业”的定义，并列举其主要特征，以及国家对该类企业发展的支持政策。,产教融合型企业是指既符合国家相关政策和行业规范，具有较好的经济效益和社会信用，又能够创造较大社会价值，并积极参与职业教育人才培养的企业。其主要特征包括：以企业为主体、承担商品生产和教育教学功能、多种要素嵌入职业教育。国家通过《国务院办公厅关于深化产教融合的若干意见》等政策，鼓励省级政府开展产教融合型企业建设试点，并提出到2025年建设培育1万家以上产教融合型企业的具体目标。,
496,产教融合垂类问题,文本,分析校中厂在产教融合中的作用和优势，并结合不同运营管理主体（学校主导型、企业主导型、校企协同型）的特点，提出提升校中厂运营效率的建议。,校中厂通过将现代工厂引入职业院校，将教学行为融入企业生产经营环境，集教学和生产功能于一体，解决了职业院校实践教学问题，实现了校企合作的深度融合。提升校中厂运营效率的建议包括：学校主导型应加强与企业的沟通协作，引入行业标准；企业主导型应积极参与教学管理，确保教学质量；校企协同型应建立完善的利益分配机制，实现双方共赢。,
497,产教融合垂类问题,文本,请阐述市域产教联合体的建设目标和主要特征，并分析其对区域经济社会发展的重要意义。,市域产教联合体的建设目标是打破校企“联而不合”的困局，促进职业教育与区域产业的深度融合，提升人才培养的针对性和有效性。其主要特征包括：根植于区域、以产业园区为依托、组织结构完备。市域产教联合体对区域经济社会发展具有重要意义，能够为区域产业转型升级提供人才支撑，促进区域经济高质量发展。,
498,产教融合垂类问题,文本,分析职业教育产教融合组织形态演进的逻辑，并预测未来产教融合组织形态的发展方向。,职业教育产教融合组织形态的演进逻辑经历了由以学校为主导转向以企业为主导，由“生产”“教学”融合转向“产业”“教育”融合，由松散耦合转向实体嵌入，由自发自为转向有组织的行政行为的转变。未来产教融合组织形态将呈现多元化、治理结构完善、组织边界拓展以及企业办学主体作用增强的发展方向，更加注重文化嵌入和利用信息技术突破传统边界，实现产教深度融合。,
499,产教融合垂类问题,文本,根据国家政策，现代产业学院建设应如何与区域产业发展需求对接？,根据文档内容及相关政策背景，现代产业学院建设应以区域产业发展急需为牵引，面向行业特色鲜明、与产业联系紧密的高校建设，旨在通过产教融合赋能新质生产力发展。具体而言，应聚焦区域产业发展中的关键技术瓶颈和人才需求，构建校企深度合作的平台，实现人才培养、技术创新和产业升级的协同发展。,
500,产教融合垂类问题,文本,产教融合组织发展历程中，从“完全依附期”到“深度融合期”的转变，核心驱动力是什么？,产教融合组织发展历程的转变，核心驱动力是社会环境的改变和技术发展变革。从计划经济向市场经济的转型，以及信息化、数字化等新生技术的持续涌现，推动了产教融合组织从厂校一体化到多元主体协同融合的演变。,
501,产教融合垂类问题,文本,如何理解产教融合组织面临的“联而不合”、“融而不深”、“跨而不实”等困局？,“联而不合”指产教融合组织主体间合作关系松散，缺乏深度的利益共生机制；“融而不深”指产教融合停留在表面合作，未能实现人才培养、技术创新和产业发展等方面的深度融合；“跨而不实”指产教融合组织跨界合作缺乏实质性内容，难以形成有效的协同效应。,
502,产教融合垂类问题,文本,在产教融合组织中，如何提升技术技能人才培养的质量和效率？,提升技术技能人才培养质量和效率的关键在于构建人才培养的“立交桥”，即促进职业技术知识在真实生产场域中建构与生成，以及促进职业技术能力在对标行业发展趋势的创新联合体中固化与跃升。通过产教交互赋能、场域互补，实现技术知识的跨场域协同和技术能力的动态跃迁。,
503,产教融合垂类问题,文本,针对产教融合组织中主体利益共生关系联结松散的问题，可以采取哪些措施？,针对主体利益共生关系联结松散的问题，可以采取以下措施：一是强化政府引导和支持，提供政策激励和资金支持；二是构建利益共享机制，明确各方在产教融合中的收益分配；三是加强组织协同治理，建立健全的合作协议和管理制度；四是培育共同的组织文化，增强各方对产教融合的认同感和归属感。,
504,产教融合垂类问题,文本,根据国家职业教育产教融合赋能提升行动方案（2023—2025年），到2025年全国计划建设培育多少家产教融合型企业？,到2025年，全国计划建设培育1万家以上产教融合型企业。,
505,产教融合垂类问题,文本,国家产教融合试点城市在遴选中，通常会优先考虑哪些类型的城市？,国家产教融合试点城市优先考虑从省级产教融合试点城市中产生。,
506,产教融合垂类问题,文本,为深化产教融合校企合作，方案中支持职业院校与企业共建哪些类型的创新平台？,方案支持职业院校联合企业、科研院所开展协同创新，共建重点实验室、工程研究中心、技术创新中心、创业创新中心、企业技术中心等创新平台。,
507,产教融合垂类问题,文本,中央预算内投资支持高职院校和应用型本科院校产教融合实训基地建设的最高额度是多少？中职院校呢？,中央预算内投资支持高职院校和应用型本科院校每所不超过8000万元，中职院校每所不超过3000万元。,
508,产教融合垂类问题,文本,针对产教融合型企业兴办职业教育的投资，方案中提供了哪些财税政策扶持？,产教融合型企业兴办职业教育的投资符合规定的，可按投资额30%的比例抵免当年应缴教育费附加和地方教育附加。,
509,产教融合垂类问题,文本,为深化产教融合校企合作，方案中鼓励职业院校与企业共建哪些类型的创新平台？,方案中鼓励职业院校联合企业、科研院所共建重点实验室、工程研究中心、技术创新中心、创业创新中心、企业技术中心等创新平台。,
510,产教融合垂类问题,文本,对于产教融合型企业兴办职业教育的投资，在财税政策上有什么扶持措施？,产教融合型企业兴办职业教育的投资符合规定的，可按投资额30%的比例抵免当年应缴教育费附加和地方教育附加。,
511,产教融合垂类问题,文本,方案中提及的“十四五”教育强国推进工程在产教融合实训基地建设方面，中央预算内投资支持高职院校和应用型本科院校的最高额度是多少？中职院校呢？,通过“十四五”教育强国推进工程，中央预算内投资支持高职院校和应用型本科院校每所最高不超过8000万元，中职院校每所最高不超过3000万元。,
512,产教融合垂类问题,文本,根据国家政策导向，市域产教联合体建设的核心目标是什么？,市域产教联合体的核心目标是服务人才培养、促进产业经济高质量发展，以及推动职业教育现代化。具体而言，是通过整合政府、学校、企业等主体资源，实现人才培养与产业需求精准对接，提升技术技能人才供给的适应性，并促进区域经济社会发展。,
513,产教融合垂类问题,文本,在市域产教联合体的建设中，政府、学校和企业分别承担哪些主要职责？,政府在市域产教联合体建设中承担统筹规划、政策支持和监督保障的职责；学校承担人才培养的主体责任，需要根据产业需求调整专业设置、深化教学改革；企业则需要深度参与学校办学，提供实习实训基地、参与课程开发，并积极承担人才培养的社会责任。,
514,产教融合垂类问题,文本,与传统的校企合作相比，市域产教联合体的主要优势体现在哪些方面？,市域产教联合体与传统校企合作相比，优势在于其更强的区域性和系统性。它不仅关注校企之间的合作，更强调与区域经济社会发展的紧密对接，能够整合区域内多方资源，形成更广泛的合作网络，从而更好地服务于区域产业升级和经济发展。,
515,产教融合垂类问题,文本,如何理解“四链”互通产教融合体系，它在市域产教联合体建设中起什么作用？,“四链”互通产教融合体系指的是教育链、人才链、产业链和创新链的协同发展。在市域产教联合体建设中，它旨在打破教育、人才、产业和创新之间的壁垒，实现要素的自由流动和高效配置，从而促进产教融合的深度和广度，提升区域创新能力和产业竞争力。,
516,产教融合垂类问题,文本,为了提升市域产教联合体的实体化运行水平，需要重点关注哪些方面？,提升市域产教联合体的实体化运行水平，需要重点关注以下几个方面：一是建立常态化、制度化的各主体间协调运行机制；二是推动组织运行和功能实现实体化，打造能够进行实体化运作的平台；三是明确各主体的权责关系，形成利益共享、风险共担的合作模式；四是加强政策支持和资金投入，为联合体的建设和运行提供保障。,
517,产教融合垂类问题,文本,请阐述数字化转型对职业教育人才培养模式带来哪些影响，并结合文档内容分析其具体体现。,数字化转型对职业教育人才培养模式的影响主要体现在三个方面：一是人才培养理念更加多元开放，适应“数字土著”的需求；二是人才培养方式创新，通过数字化技术加强实践环节的沉浸式教学，提高学生的数字化应用能力；三是在专业设置上，职业教育需与新兴产业发展动态匹配，为新兴行业提供人力资源支持。具体体现为，职业教育应以数字化技术为驱动，培养复合型、创新型、技能型人才，使人才培养与用人市场达到供需平衡。,
518,产教融合垂类问题,文本,在产教融合背景下，数字化技术如何赋能职业教育，提升其与产业的连接度？请结合文档内容进行说明。,数字化技术通过多方面赋能职业教育，提升其与产业的连接度。具体包括：搭建数字化教学平台，构建线上线下混合教学模式；引入人工智能进行“人机互动”，创造真实化实践场景；加强校企合作，形成产业链、人才链、教育链、价值链一体化发展的新模式。通过数字化技术，职业教育能够更紧密地与企业在教学资源共建、教学质量共评、教学成果共享等方面联系，实现以市场需求为导向的人才培养。,
519,产教融合垂类问题,文本,提到了职业教育数字化转型涉及教学、学习、管理和评价四个方面，请分别简述数字化转型在每个方面的主要目标。,数字化转型在四个方面的目标分别是：教学过程精准化，实现人机协同的教学模式；学习体验具身化，创设沉浸交互的学习场景；管理模式智能化，打造高效互通的管理体系；评价路径可视化，形成以评促建的评价过程。总体目标是通过数字化技术重塑职业教育的各个环节，提高人才培养质量和效率。,
520,产教融合垂类问题,文本,如何理解职业教育数字化转型中“场景教学”的重要性？请结合文档内容进行分析。,“场景教学”在职业教育数字化转型中至关重要，其核心在于关注学生的体验感。数字化技术能够创设真实的工作场景，增强环境代入感，引导学生快速进入角色，提高实践的有效性。通过场景化教学，不仅可以将知识场景化，激发学生的责任感，还能让学生在具身体验中学习技能，从而培养出既有职业信念和职业素养，又掌握高超技艺的高层次技能型人才。,
521,产教融合垂类问题,文本,职业教育数字化转型需要哪些关键要素来支撑其有效实施？,职业教育数字化转型需要以下关键要素支撑：一是树立教育数字化理念，明确数字化转型的目标和方向；二是铸牢教育数字化基座，构建以数字信息为依托的数字基础设施；三是提高教师数字化素养，使其能够熟练运用数字化技术进行教学；四是推动产教数字化融合，加强校企合作，实现资源共享和协同发展。,
522,产教融合垂类问题,文本,什么是职业教育新质生产力，其核心特征是什么？,职业教育新质生产力是以'新'提'质'、以'质'催'新'的高效能职业教育生产力质态，具有四个核心特征：一是以培养创新性高技能人才为核心的生产力，注重培养兼具专业技能和创新思维的新型劳动者；二是以实现高效能产教深度融合为特征的生产力，通过校企紧密合作缩短人才培养与产业需求的距离；三是以采用先进性教学培养模式为手段的生产力，运用情境模拟、项目制教学等多元化方法提升实践能力；四是以培育高质量发展型社会人才为目标的生产力，强调人才的专业技能、创新精神和社会责任感。,
523,产教融合垂类问题,文本,发展职业教育新质生产力的理论框架包括哪些基本原则？,发展职业教育新质生产力的理论框架遵循四项基本原则：一是创新驱动原则，以创新为核心，通过革新教育理念、教学模式、课程体系等提升职业教育质量；二是协调发展原则，注重职业教育内部各要素及与外部环境的均衡协调发展；三是开放发展原则，积极汲取国内外优质教育资源，构建内外融通的教育发展格局；四是共享发展原则，强调教育资源的公正分配与共用，确保教育成果惠及全体人民，提升全民劳动技能和综合素质。,
524,产教融合垂类问题,文本,职业教育新质生产力如何推动技术创新转化？,职业教育新质生产力通过三种途径推动技术创新转化：一是人才培养与储备，紧密对接产业发展需求，开设适应新技术、新业态的专业课程，培养具备专业技能和创新意识的技术技能型人才；二是产教融合与校企合作，构建产教一体化实训平台，实施'订单制'人才培养模式，使学生在学习阶段接触企业实际生产环境和最新技术；三是政策引导与制度保障，依托国家和地方政府出台的职业教育支持政策，为技术创新转化提供良好的外部环境和制度保障，加速科技成果向现实生产力转化。,
525,产教融合垂类问题,文本,构建职业教育新质生产力的三层结构模型包含哪些内容，各层级间的关系如何？,职业教育新质生产力的三层结构模型包括：一是人才培养层（基础层），强调培养适应社会经济发展的高技能、高素质人才，为其他层级提供人才支撑；二是技术创新层（驱动层），通过校企协作将科技成果嵌入教学实践，推动技术创新和成果转化；三是社会服务层（拓展层），履行社会责任，为区域经济社会发展提供智力支持和人才保障。三个层级相互依存、相互促进：人才培养层为技术创新和社会服务提供人才资源；技术创新层推动人才培养模式更新；社会服务层通过反馈产业需求反哺人才培养和技术创新，形成良性循环的生态系统。,
526,产教融合垂类问题,文本,如何通过制度革新构筑职业教育新质生产力的制度基石？,制度革新构筑职业教育新质生产力制度基石需从四方面推进：一是完善法律法规框架与政策体系，为职业教育新型生产力释放提供法制保障；二是改革职业教育管理体制，推动产教深度融合，建立政府、学校、企业、行业协会多元主体参与的治理体系；三是构建科学的质量评估机制，实行定期评估和动态监测，确保教学质量稳步提升；四是创新人才培养和激励机制，改革教师评聘制度，建立有利于技能人才选拔、培养和激励的机制。通过系统性制度革新，为职业教育高质量发展提供制度支持，持续输送高素质技术技能人才。,
527,产教融合垂类问题,文本,产教融合在职业教育中的核心作用是什么？它如何促进新质生产力的发展？,产教融合是职业教育改革成效的重要标志，是实现教育链、产业链、供应链、人才链与价值链有机衔接的关键举措。其核心作用体现在三个方面：首先，通过企业参与课程开发和教学过程，实现教育内容与产业需求的紧密对接，确保教育内容的时效性和实用性；其次，促进教育资源和产业资源的有效整合，加速科研成果转化应用，提高研发投入的针对性；最后，形成开放共享的创新生态，聚集多方智慧资源，推动技术应用的广度和深度。这种融合机制为职业教育培养适应新质生产力发展的高素质技术技能人才提供了重要支撑，同时通过技术创新与人才需求的循环驱动，推动新质生产力的持续发展。,
528,产教融合垂类问题,文本,当前职业教育在赋能新质生产力过程中面临的主要挑战有哪些？,职业教育在赋能新质生产力过程中面临四大现实挑战：第一，教育内容更新滞后于快速变化的技能需求，课程开发和审批流程繁杂导致教育内容与产业最新需求脱节；第二，教育模式和方法更新不同步，传统以理论授课为主的模式难以培养学生实践创新能力，项目式学习等新型教学方法应用不足；第三，产教融合、校企合作深度不足，存在合作目标不一致、信息不对称、资源配置不均匀及合作模式单一等问题；第四，教师教育能力亟待提升，教师知识体系更新滞后、实践经验不足、创新教学方法应用能力欠缺以及跨学科教学能力不足，制约了职业教育质量提升。,
529,产教融合垂类问题,文本,如何构建有效的产教融合长效机制来促进职业教育高质量发展？,构建有效的产教融合长效机制需要从三个层面推进：首先，建立共同开发机制，企业应深度参与职业教育课程和培训计划开发，提供实际案例、最新技术和工艺流程，确保教育内容的前瞻性和实用性；其次，打造实体化合作平台，建立稳定的实习实训基地和联合研发中心，让学生参与企业实际项目，积累工作经验，同时为企业储备核心技术人才；最后，完善双向流动机制，建立人员交流制度，包括学生进企业实习和企业技术人才进校教学，实现资源共享和优势互补。通过这些机制，形成教育与产业良性互动的生态系统，提升职业教育服务新质生产力发展的能力。,
530,产教融合垂类问题,文本,面向新质生产力发展，职业教育应如何更新教育内容和培养模式？,面向新质生产力发展，职业教育需从两方面革新：在教育内容更新上，要持续关注新职业和新技能，将人工智能、大数据分析、区块链等前沿技术纳入教育体系；同时强化通用能力和软技能培养，打破传统课程结构，注重跨学科知识融合，重点培养学生的团队合作能力、沟通能力、创新思维和终身学习能力。在培养模式创新上，应采用项目驱动、情景模拟等多样化教学方法，强化实践操作能力和问题解决能力培养；推行工学交替、线上线下混合式教学等灵活教育模式，增强学生的适应性和创新能力。通过这些改革，培养能够适应新质生产力发展需求的复合型技术技能人才。,
531,产教融合垂类问题,文本,为什么建设'工匠型'教师队伍对职业教育赋能新质生产力至关重要？应如何推进？,建设'工匠型'教师队伍对职业教育赋能新质生产力至关重要，因为这类教师兼具教师特质和工匠特质，是匠德与师德、匠心与师心、匠魂与师魂、匠术与师术的有机结合体。他们既具备专业理论知识，又拥有实践操作能力和行业经验，能够有效实现理论与实践结合，培养学生的技术技能和工匠精神。推进'工匠型'教师队伍建设需采取以下措施：建立教师持续学习机制，支持教师定期到企业实践锻炼，更新知识结构；完善'双师型'教师培养培训体系，提升教师实践能力和技术应用水平；改革教师培训模式，强化创新教学方法培训，提高教师运用现代教育技术的能力；促进跨学科教师团队建设，培养具有多学科背景的教学能力。通过这些措施，打造一支能够适应新质生产力发展需求的高素质职业教育教师队伍。,
532,产教融合垂类问题,文本,产教融合创新组织在技术创新中如何解决不同主体间的技术知识流动问题？,产教融合创新组织通过以下方式解决技术知识流动问题：首先，要求产教双元主体整体作为，找准各自在技术创新生态系统中的生态位，破除生态主体'不作为、少作为、过度作为'的生态位困境；其次，主动将关注点转向新的技术创新'合作点'，促进知识、技术的增值和创新；最后，通过组织生态和文化生态的构建，实现各个主体之间的资源共享、知识传递和技术扩散，从而为新质生产力的发展提供内在动力。,
533,产教融合垂类问题,文本,职业院校如何通过专业设置对接产业布局来促进新质生产力发展？,职业院校通过两种主要方式实现专业与产业对接：一是'老树发新芽'式的专业改造，依据产业变化进行专业优化、专业升级、专业整合，为产业体系调整提供支撑，推动产业走向高阶化、绿色化；二是开展专业布局调整，为未来产业储备充足的人力资本，加速未来产业的落地进程。这种专业结构与产业结构、专业细分与产业分工的匹配构成了职业教育与产业发展耦合机制的外部框架，是职业教育促进新质生产力跃迁的支点。,
534,产教融合垂类问题,文本,绿色技能人才培养的目标体系应如何构建？,绿色技能人才培养目标体系应从纵向和横向两个维度构建：纵向上坚持以高等专科职业教育为'要'、本科职业教育为'新'的定位来设置连续的绿色育人目标，坚持一体化统筹布局，构建新质生产力所需人才的衔接培养机制；横向上以数智赋能、产教融合为主线，坚持'成长心态+高意识创新潜质+数字技能'的培养目标。其中成长心态表现为个体主动适应外界环境变化的适应力与应变力，高意识创新潜质表现为技能人才追求完美的态度，数字技能则是高质量充分就业和高水平创新创业的新技能和必备技能。,
535,产教融合垂类问题,文本,职业院校如何完善学术评价机制以促进技术创新？,职业院校应从三方面完善学术评价机制：一是根据学校整体发展要求和特点建立科学合理的学术评价体系，合理分配学术资源、合理评价学术贡献；二是坚持以技术应用和技术转移为评价导向，制定能够反映产业更新、经济发展、符合应用性特点的科研评价标准，将科研成果的新颖性、实用性、社会影响力等作为重要的评价指标；三是加大对企业主导创新集群建设的支持，推动创新链、产业链、供应链的高效协同，促进'技术-产业'的快速转化，从而为技术创新体系效能的有效发挥提供保障。,
536,产教融合垂类问题,文本,终身职业技能培训体系应如何构建以扩大新质生产力形成的群众基础？,终身职业技能培训体系应从两个方面构建：一是强化'两主体、一补充'（以企业自主培训、市场化培训为主，以政府补贴性培训为有益补充）的社会化、市场化培训体系，职业院校在其中发挥补充支撑作用，通过定向式技能培训供给，实现职业技能培训在广度和深度上的聚焦；二是加强职业培训与普通教育、老年教育、社区教育之间的联系，强化职业培训的灵活性、前瞻性、广泛性，及时回应广大劳动人民的就业需求与技能需要，专注提高全体人民的创新能力，为新质生产力的形成储备充足的人力资本。,
537,产教融合垂类问题,文本,根据国家政策导向，请阐述职业本科教育在国家人才培养体系中扮演的角色，并分析其与高等职业教育和继续教育之间的协同关系。,职业本科教育作为国家职业教育体系的重要组成部分，旨在培养高素质技术技能人才，填补了职业教育在本科层次的空白。它与高等职业教育形成递进关系，高等职业教育侧重于培养第一线技术技能人才，而职业本科教育则侧重于培养具有创新能力和工程应用能力的拔尖技术人才。同时，职业本科教育也应与继续教育协同发展，通过校企合作、终身学习等方式，为在职人员提供提升技能和知识的平台，实现职普融通，构建终身化学习体系。,
538,产教融合垂类问题,文本,分析新质生产力发展对职业本科教育人才培养提出的新要求，并具体说明在课程体系建设方面应如何进行调整。,新质生产力以颠覆性技术和前沿技术为特征，对职业本科教育的人才培养提出了更高的要求，即不仅要具备扎实的基础知识和专业技能，更要具备创新精神、实践能力和跨界融合能力。在课程体系建设方面，应紧扣行业和技术发展趋势，及时调整专业设置，更新课程内容，构建与时俱进的课程体系，加强实践教学环节，注重理论与实践的结合，培养学生的工程应用能力和解决实际问题的能力。,
539,产教融合垂类问题,文本,针对企业参与职业本科教育的产教融合，请从政策层面提出三项具体激励措施，以鼓励企业积极投入。,1. **财政补贴与税收优惠：** 设立校企合作专项基金，对参与产教融合项目的企业提供财政补贴，并给予税收减免优惠，降低企业参与成本。2. **知识产权保护与成果转化：** 建立健全知识产权保护机制，明确校企合作的知识产权归属，鼓励企业将科研成果转化为实际生产力，并给予相应的政策支持。3. **人才引进与职称评定：** 允许企业技术专家兼任高校教师，并将其参与产教融合项目的工作经历纳入职称评定范围，吸引更多企业人才参与到职业本科教育中。,
540,产教融合垂类问题,文本,设计一份提升职业本科院校产教融合水平的三年行动计划，包含三个阶段性目标。,"**三年行动计划：**
**第一阶段（1-1年）：夯实基础，建立机制。** 重点在于完善校企合作机制，建立产教融合管理制度，开展需求调研，明确合作方向，初步构建产教融合平台。
**第二阶段（2-3年）：深化合作，创新模式。** 重点在于深化与企业的合作，开展共建实验室、实训基地等项目，创新人才培养模式，如推行现代学徒制、工学结合等，提升学生的实践能力。
**第三阶段（3年）：提升质量，实现共赢。** 重点在于提升产教融合的质量，加强成果转化，推动产业升级，实现学校、企业和社会共赢。",
541,产教融合垂类问题,文本,请分析职业本科教育在服务国家产业发展战略方面的重要作用，说明如何通过产教融合实现教育与产业的深度对接。,职业本科教育紧密对接国家产业发展战略和区域经济社会发展需求，为产业升级、技术创新和经济发展提供有力的人才支撑。通过产教融合，可以实现教育与产业的深度对接，具体体现在：共同制定人才培养方案、开发课程、建设实训基地、开展科技研发等，使学生在学习过程中就能接触到实际工作环境和任务，提高学生的实践能力和职业素养，为企业提供稳定的人才来源和技术支持，从而推动产业升级和创新发展。,
542,产教融合垂类问题,文本,请解释现代产业学院在产教融合中的作用，并阐述其与传统产业学院的区别。,现代产业学院是产教融合的重要载体，旨在深度融入产业发展，实现人才培养与产业升级的协同。与传统产业学院相比，现代产业学院更加强调与产业的深度融合，包括共同制定人才培养方案、共建实训基地、共同开展技术研发等。现代产业学院更注重实体化运行，强调产学研深度合作，以及成果转化和应用，以满足产业发展对高素质技术技能人才的紧迫需求。其核心在于构建校企双方深度参与、共建共管、利益共享的产教融合共同体。,
543,产教融合垂类问题,文本,如何理解“双师型”教师在产教融合中的重要性？请说明其培养目标和主要途径。,“双师型”教师是产教融合的关键要素，指的是既精通专业知识（师范型）又具备丰富的实践经验（产业型）的教师队伍。其重要性在于能够将最新的产业技术和实践经验带入课堂，提升人才培养的针对性和实效性。培养目标是打造一支既有扎实的理论功底，又有丰富实践经验的教师队伍。主要途径包括：企业实践锻炼、企业兼职、企业专家授课、校企合作研发项目、以及通过职业资格认证等方式提升教师的实践能力。,
544,产教融合垂类问题,文本,在推进产教融合的过程中，企业面临的主要挑战有哪些？请提出相应的应对策略。,企业在推进产教融合过程中面临的挑战主要包括：参与意愿不足、投入成本较高、合作机制不完善、成果转化困难等。应对策略包括：政府提供政策激励，降低企业参与成本；建立长期稳定的校企合作关系，明确双方的权利和义务；构建利益共享机制，鼓励企业积极参与人才培养和技术创新；完善成果转化机制，促进科技成果的应用和推广；加强知识产权保护，保障企业的合法权益。,
545,产教融合垂类问题,文本,请阐述现代学徒制在职业教育中的地位和作用，并说明其与传统学徒制的区别。,现代学徒制是职业教育深化产教融合的重要抓手，是培养高素质技术技能人才的重要途径。其地位在于能够将学生置于真实的生产环境中，通过实践操作和导师指导，提升学生的职业技能和综合素质。与传统学徒制相比，现代学徒制更加注重理论与实践的结合，强调校企双方的合作与协同，以及对学徒进行系统的职业素养培养。现代学徒制通常采用“校企合作、订单培养、工学结合”的模式，以满足产业发展对人才的需求。,
546,产教融合垂类问题,文本,如何评估产教融合的效果？请列举至少三个关键的评估指标，并说明其评估方法。,评估产教融合的效果需要综合考虑多个方面。三个关键的评估指标包括：1. **就业率与就业质量**：评估方法是通过毕业生就业调查、企业反馈等方式，了解毕业生的就业情况和薪资水平，以及企业对毕业生的满意度。2. **课程体系与产业需求的匹配度**：评估方法是通过专家评审、企业需求分析等方式，评估课程设置是否符合产业发展需求，以及课程内容是否具有实用性。3. **校企合作的深度与广度**：评估方法是通过统计校企合作项目数量、合作金额、合作成果等数据，以及企业参与教学、科研等活动的程度，评估校企合作的质量和效果。,
547,产教融合垂类问题,文本,根据国家政策，行业产教融合共同体建设的核心目标是什么？,行业产教融合共同体建设的核心目标是加快构建现代职业教育体系，深化职普融通、产教融合、科教融汇，切实提升职业学校关键能力，提高职业教育质量和适应性，为经济社会发展提供高素质技术技能人才，促进高质量就业。,
548,产教融合垂类问题,文本,行业产教融合共同体在运行方式上具有哪些主要特征？,行业产教融合共同体在运行方式上凸显了成员单位有组织人才培养、科技创新、社会服务的合作化特点，包括推动共同体成员单位挖掘自身潜力，强化企业的人才培养责任，鼓励高等院校发挥科技优势，实现资源共建共享，以及通过机构融入、业务融汇、人才融聚、发展融合实现高效合作。,
549,产教融合垂类问题,文本,从人才培养逻辑出发，行业产教融合共同体应如何发挥作用？,行业产教融合共同体应汇聚企业、高校、职业学校和科研机构的力量，将发展科技、培养人才、增强创新融合开展，通过联合招生、共建共享互兼互聘师资、加大实习就业岗位供给等方式，提升职业学校人才培养质量，畅通技术技能人才成长通道。,
550,产教融合垂类问题,文本,为了保障行业产教融合共同体的实体化运行规范有序，需要建立哪些关键机制？,需要建立完善的成员参与集体决策的监督与激励机制、利益共享机制、责任与风险分担机制、工作考核评价与奖惩激励机制、常态化产教供需对接与信息共享机制，以及校企研协同创新与成果交易机制。,
551,产教融合垂类问题,文本,行业产教融合共同体建设任务中，哪些是产出性任务，哪些是非产出性任务？,产出性任务包括构建产教供需对接机制、联合开展人才培养、协同开展技术攻关、有组织开发教学资源；而非产出性任务包括建立健全实体化运行机制和强化支持保障力度，这两项任务是为其他四项产出性任务提供保障。,
552,产教融合垂类问题,文本,根据国家政策，请阐述行业产教融合共同体建设的战略意义，并说明其在推动新型工业化进程中的作用。,建好建强行业产教融合共同体，深化现代职业教育体系建设改革，是推进教育强国和新型工业化进程的战略之举。行业产教融合共同体通过整合教育、产业、科研等多方资源，能够有效提升人才培养与产业需求的匹配度，为新型工业化提供高素质的技术技能人才，促进产业升级和技术创新。其战略意义在于，它不仅是深化教育改革的重要举措，更是支撑国家战略发展的重要力量。,
553,产教融合垂类问题,文本,请解释“一体两翼”在职业教育中的具体含义，并说明其如何促进职业教育与产业的深度融合。,"""一体两翼""是指以职业教育为一体，以产教融合和校企合作为两翼，共同推动职业教育高质量发展。其中，“一体”强调职业教育自身的完整性和系统性，包括专业设置、课程体系、教学方法等；“两翼”则强调产教融合和校企合作是实现职业教育与产业深度融合的关键途径。通过产教融合，职业教育能够及时了解产业需求，调整专业设置和课程内容，培养符合产业发展需要的人才；通过校企合作，职业教育能够为企业提供技术支持和人才培训，促进企业技术创新和产业升级。",
554,产教融合垂类问题,文本,国家级行业产教融合共同体与区域性行业产教融合共同体的主要区别是什么？各自的优势和侧重点分别是什么？,国家级行业产教融合共同体突出战略地位、规模化优势和引领作用，通常聚焦于国家重点产业和战略性新兴产业，具有产业战略牵引作用和主导企业技术、人才优势。区域性行业产教融合共同体则侧重于区域经济发展需求，行业覆盖面广，参与主体多元，更具灵活性和适应性。国家级共同体更强调国家层面的战略布局和示范引领，而区域性共同体更强调区域产业发展的实际需求和本地化特色。,
555,产教融合垂类问题,文本,分析当前行业产教融合共同体建设面临的主要困境，并提出至少三项具体的改进建议。,当前行业产教融合共同体建设面临的主要困境包括：组织形态概念不明、协同机制缺失和评价标准缺位。改进建议如下：1. 明确政策边界，细化实施细则，清晰界定各主体的权责，并提供明确的政策支持和资金保障；2. 加强部门协同，形成多方合力，打破部门壁垒，建立跨部门的协调机制；3. 构建科学的评价标准，实施绩效考核，建立有效的激励机制，引导各方积极参与。,
556,产教融合垂类问题,文本,作为一家希望参与行业产教融合共同体建设的企业，您认为应该如何提升自身在共同体中的影响力和话语权？,企业应积极发挥在行业产教融合共同体中的主导作用，主要体现在以下几个方面：一是主动参与共同体建设，积极提供技术、人才和资金支持；二是加强与职业院校的合作，深度参与人才培养方案的制定和实施，提供实习实训基地和师资力量；三是积极参与行业标准的制定和修订，推动产学研合作，促进技术创新和成果转化；四是主动承担社会责任，积极参与行业人才培养和技能提升，提升企业品牌形象和影响力。,
557,产教融合垂类问题,文本,国家层面关于行业产教融合共同体建设的最新政策文件有哪些？其主要内容是什么？,国家层面主要有三份重要政策文件：一是2022年12月中共中央办公厅、国务院办公厅印发的《关于深化现代职业教育体系建设改革的意见》，首次提出打造行业产教融合共同体的计划；二是2023年6月国家发改委等八部委联合印发的《职业教育产教融合赋能提升行动实施方案（2023-2025年）》，提出在重点行业深度推进产教融合并打造区域特色鲜明的产教融合型企业；三是2023年7月教育部发布的《产教融合共同体建设指南》，为共同体建设提供具体指导。这些政策标志着行业产教融合共同体建设已进入系统推进阶段。,
558,产教融合垂类问题,文本,产教融合共同体建设中存在的主要问题有哪些？如何有效防范？,产教融合共同体建设主要存在三类问题：一是情感倦怠，因多元化价值取向导致合作热情消减；二是认知受限，因分散式治理模式阻隔角色转化；三是行为隐没，因浅层性合作致使主体退场。有效防范措施包括：通过建立情感联结化解价值冲突，从各自为营转向利益共享；通过增强理念认同尊重差异并同化理念；通过推进行动外化实现内在重构到实践自觉的转变，最终构建稳定和谐的产教融合命运共同体。,
559,产教融合垂类问题,文本,如何推动行业产教融合共同体从利益共同体向命运共同体转变？,推动行业产教融合共同体从利益共同体向命运共同体转变需经历三个阶段：首先建立情感联结，通过共同利益追求实现从各自为营到利益共享；其次增强理念认同，在互动中尊重差异并同化理念，形成责任共担意识；最后推进行动外化，通过内在重构强化实践自觉，使各主体将同化后的价值理念转化为内在行动本能。这一过程需要以主体重塑为行动本体赋权增能，以决策共识营造多维合作自洽和谐，以平台构建促进治理机制长效运行。,
560,产教融合垂类问题,文本,企业在参与产教融合共同体建设中应如何定位自身角色并发挥作用？,企业在产教融合共同体建设中应明确自身作为育人主体的角色定位。龙头企业应发挥示范带头作用，成为命运共同体的实践带头人，增强中下游中小企业凝聚力；中小企业应转变从学校'上游'到企业'下游'的'流水线式'用人模式，直接参与学校'上游'人才培养环节，将企业技能培养前置。企业需淡化单纯'利润价值观'，强化'育人协助者'和'实践指导者'的角色职责，通过资源投入、技术支持和实践指导，与职业院校共同培养高素质技术技能人才。,
561,产教融合垂类问题,文本,政府在产教融合共同体建设中应发挥哪些作用？如何避免过度干预？,政府在产教融合共同体建设中应发挥统筹协调、规划引导、支持推动、评估监督和宣传促进等作用，具体包括：强化产教融合顶层设计，通过法律法规为地方政府提供宏观调控依据；创新常态化行业企业对话交流机制；在共同体出现冲突性问题时提供科学合理的解决思路。政府应主动从'主导者'转变为'推动者'，避免过度干预，通过赋权增能方式向行业龙头企业、科研院所赋权，向制度、教育和中小企业增能，引导各行动主体团结协作，共同构建跨区域的产教融合命运共同体。,
562,产教融合垂类问题,文本,行业产教融合共同体与传统的产业学院、职教集团在组织构成上有哪些本质区别？,行业产教融合共同体在组织构成上实现了从'校—企''校—校'双元主体向'政—学—行—企—研'多元主体的跨越。具体区别在于：产业学院主要由高校、行业、企业、地方政府构成，属于二级学院或以二级学院机制运作的办学机构；职教集团由职业学校、用人单位、行政管理部门、第三方机构四类主体构成，一般由董事会或理事会和执行、监督与反馈三个系统构成；而行业产教融合共同体设立专门的领导小组，配备专兼职人员，其管理运行机制以行业龙头企业为主导，注重政府搭台和机制保障，触及职业教育治理的'深水区'。,
563,产教融合垂类问题,文本,如何构建行业产教融合共同体的管理运行机制以确保其有效运作？,构建行业产教融合共同体的管理运行机制需从三个维度着手：一是管理机制，包括日常工作机制、信息交流机制、产权管理机制等，确保各成员明确职责并正常履行日常工作；二是运作机制，建立完整的会商机制、决策机制、考评机制、奖惩机制等，防止责任主体不明确的问题；三是合作机制，健全校企合作机制、校际合作机制、区域合作机制等，建立完善的利益与责任分配机制，加强主体激励，保障主体间'黏性'。这些机制需重点加强多主体间合作，以行业龙头企业为主导，注重政府搭台和机制保障。,
564,产教融合垂类问题,文本,行业产教融合共同体的建设目标应如何设定才能体现其进步性和政策导向性？,行业产教融合共同体的建设目标应从三个层面设定：首先，贯彻本质属性，将教育、人才、创新等要素紧密联结，培养高素质技术技能人才，解决产教融合中的体制性、机制性障碍；其次，体现进步性，解决过去产教融合机制中的管理职能混乱、资源整合不合理等问题，调动各方参与积极性，形成具有职业教育特色的治理体系；最后，符合政策背景，注重服务经济社会发展，将职业教育与行业进步、产业转型、区域发展紧密结合，解决人才培养供需不平衡问题，支持职业教育改革与经济发展。,
565,产教融合垂类问题,文本,企业在参与行业产教融合共同体建设时需要履行哪些职业教育社会责任？,企业在参与行业产教融合共同体建设时需要履行的职业教育社会责任包括：一是制定参与共同体的责任标准与责任清单，将履行职业教育社会责任纳入企业战略管理体系；二是深度参与人才培养全过程，包括专业建设、课程开发、实践教学等环节；三是与学校共同打造科研团队，协同进行技术攻关，丰富技术技能积累；四是提供实习实训岗位，接受教师实践锻炼，共建'双师型'教师培养培训基地；五是参与教育资源开发，共享技术、设备、信息等资源，推动产教深度融合。这些责任应透明化、公开化，并建立相应的评估监督机制。,
566,产教融合垂类问题,文本,如何评估行业产教融合共同体的建设成效？,评估行业产教融合共同体的建设成效应从四个核心维度进行：一是基础建设评估，包括组织体系完善度、章程制度科学性、目标定位清晰度、牵头单位引领作用等；二是管理运行机制评估，考察日常工作机制、信息交流机制、产权管理机制、会商决策机制、考评奖惩机制、合作机制等的健全程度；三是服务能力与运行成效评估，重点评估服务区域经济发展、服务社会发展、服务人才系统化培养、服务普惠性人力资本提升的能力，以及在资源共建共享、产教紧密合作、组织文化塑造、国际交流拓展等方面取得的成效；四是保障措施评估，检查政策支持、组织协调、经费投入、评估监督机制等是否到位，特别是企业履行职业教育社会责任的评估指标体系、监督管理机制、认定机制、技术转让机制等的完备性。,
567,产教融合垂类问题,文本,根据国家政策，现代产业学院建设方案强调了哪些关键要素？,现代产业学院建设方案强调以区域产业发展急需为牵引，面向行业特色鲜明、与产业联系紧密的高校，建设高校与地方政府、行业企业等多主体共建共管共享的现代产业学院。核心在于多方协同，紧密围绕产业需求进行人才培养。,
568,产教融合垂类问题,文本,在产教融合人才培养中，如何有效解决教育链与产业链脱节的问题？请结合文档内容分析。,文档指出，解决教育链与产业链脱节的关键在于纵向贯通与生态重构。具体措施包括：贯通高中、本科、研究生各阶段的育人目标，加强实践浸润式教学；深化校企合作，实现课程共研、师资共聘等深度协同；构建政府、高校、企业、社会协同的创新网络。,
569,产教融合垂类问题,文本,针对行业特色研究型高校面临的“办学资源要素壁垒”问题，可以采取哪些策略进行突破？,文档建议，突破办学资源要素壁垒的关键在于拓展办学资源，通过校地企全要素协同育人范式，实现资源共享。具体包括：探索校企双元资源共建，打造产教融合优质新课程；搭建校地双元共融平台，赋能产教融合育人新生态；创新校地双元共聘机制，引进产业师资。,
570,产教融合垂类问题,文本,如何理解“一体双元多模态”育人模式？它在产教融合人才培养中发挥了什么作用？,“一体双元多模态”育人模式指的是：一体化指贯通高中、本科、研究生各阶段的培养；双元指校企双元共建、校地双元共融；多模态指依托双一流优势学科，延伸专业类型。该模式旨在通过全方位、深层次的融合，提升人才培养与产业需求的匹配度，培养具备产业创新能力的高端人才。,
571,产教融合垂类问题,文本,在深化产教融合的过程中，如何完善协同育人保障体系，提升校企合作的效率和质量？,完善协同育人保障体系的关键在于建立三方参与的理事会，负责重大事项决策，确保信息共享和需求精准对接。同时，加强与地方政府的合作，提供政策支持和资金投入，鼓励企业深度参与协同育人，并建立校企双赢的良性循环机制。,
572,产教融合垂类问题,文本,根据国家政策导向，请阐述当前深化现代职业教育体系建设改革中，行业产教融合共同体在构建“一体、两翼”格局中的核心作用。,根据《关于深化现代职业教育体系建设改革的意见》，行业产教融合共同体是“一体、两翼”格局中的重要“两翼”组成部分，其核心作用在于推动职业教育与产业深度融合。具体而言，行业产教融合共同体通过整合行业企业、职业院校、科研机构等多方资源，形成产教协同、学研用一体化的育人机制，从而提升职业教育的适应性和针对性，为产业发展提供高素质技术技能人才，并促进技术创新和成果转化。,
573,产教融合垂类问题,文本,请详细解释“双师型”教师在产教融合背景下的重要性，以及如何有效培养和引进双师型教师。,“双师型”教师是指既具有扎实的专业知识和教学技能，又具备丰富的实践经验和职业素养的教师队伍。在产教融合背景下，“双师型”教师是实现职业教育高质量发展的关键。他们能够将最新的产业技术和实践经验带入课堂，提升教学的针对性和实效性，同时也能深入企业一线，了解产业需求，改进教学内容和方法。培养和引进双师型教师需要：1) 建立企业教师定期轮岗制度；2) 鼓励教师到企业实践锻炼；3) 完善企业教师的职称评定和薪酬待遇；4) 加强校企合作，共同开发“双师型”教师培训课程。,
574,产教融合垂类问题,文本,现代产业学院建设是产教融合的重要载体，请结合政策文件，分析现代产业学院建设的关键成功因素。,现代产业学院建设的关键成功因素包括：1) 明确产业定位和发展方向，紧密围绕区域或国家战略性新兴产业集群进行布局；2) 建立以企业为主导、学校配合、政府支持的建设模式；3) 完善利益分配机制，充分调动各方参与积极性；4) 创新人才培养模式，构建校企合作、产学研融合的育人体系；5) 加强产学研合作，推动技术创新和成果转化；6) 建立动态评估机制，定期对产业学院的建设成效进行评估和改进。,
575,产教融合垂类问题,文本,请根据产教融合的理念，为一家希望提升人才培养质量的制造企业设计一套校企合作方案，包括合作内容、合作方式和预期效果。,"校企合作方案：
1. 合作内容：共同开发课程体系，企业提供实训基地和项目，学校提供师资和教学资源，共同培养符合企业需求的技术技能人才。
2. 合作方式：
   a) 订单培养：企业提出人才培养需求，学校根据需求制定培养方案，企业提供学费和实习机会。
   b) 现代学徒制：学生在校学习与企业实践相结合，企业提供导师和实践岗位。
   c) 联合办学：校企共同设立专业或实验室，共同承担教学任务。
3. 预期效果：提升人才培养质量，缩短人才培养周期，提高学生就业率，促进企业技术创新和产业升级。",
576,产教融合垂类问题,文本,新质生产力背景下，如何通过产教融合共同体建设赋能职业教育，实现人才培养与产业发展的深度匹配？,在新质生产力背景下，产教融合共同体应聚焦以下几个方面赋能职业教育：1) 强化前瞻性课程体系建设，紧跟新质生产力发展趋势，动态调整课程内容和教学方法；2) 推动产教协同育人，构建“产学研用”一体化的育人模式，提升人才培养的针对性和实效性；3) 加强校企深度合作，建立长期稳定的合作关系，实现人才、技术、信息等资源的共享；4) 创新人才评价机制，注重实践能力和创新能力的培养，建立多元化的评价体系；5) 促进产教融合共同体成员间的协同创新，推动技术创新和成果转化，为产业发展提供智力支持。,
577,产教融合垂类问题,文本,请解释“产教融合”的本质，并阐述其在专业学位研究生培养中的意义。,产教融合的本质在于跨越组织边界，实现不同主体间的融合与渗透，而非简单的混合或整合。在专业学位研究生培养中，产教融合是促进从有质量发展到高质量发展的关键突破口，通过融合知识、技术、人才、创新活动等资源要素，激发各方潜能，实现产学研用各主体的职能和角色转化，最终培养应用型、创新型和复合型人才。,
578,产教融合垂类问题,文本,针对当前专业学位研究生培养中存在的实践创新能力不足的问题，提出至少三项改进措施。,改进措施包括：1) 优化课程体系，增加实践课程比例，注重案例教学和实践教学，将课程内容与实际应用场景相结合；2) 强化“双导师制”，提升校内外导师的融合度，确保导师能够提供有效的指导和支持；3) 加强与企业的合作，提供更多实践机会和真实的项目，鼓励研究生参与技术创新和成果转化。,
579,产教融合垂类问题,文本,提到的“六双”协同培养模式具体包含哪些内容？请详细列举。,“六双”协同培养模式包括：双选择（新型研发机构与研究生互选）、双导师（高校学术导师与企业实践导师）、双课程（高校理论课程与企业创新创业课程）、双身份（高校学生身份与企业实践人员身份）、双考核（高校学术考核与企业实践考核）、双资助（高校助学金与企业资助）。,
580,产教融合垂类问题,文本,在推进产教融合过程中，如何有效解决企业参与意愿不高的问题？请结合文档内容分析。,文档指出，企业参与意愿不高源于高校和企业间存在协同偏差且缺乏有效运行机制。解决此问题需要：1) 建立强纽带关联的“双导师制”，确保学术导师与实践导师的紧密合作；2) 设立产业需求导向的多元化创新创业课程与科技研发课题，解决需求不匹配的问题；3) 构建政府、高校、企业共建共管共享的利益共同体，实现多方共赢。,
581,产教融合垂类问题,文本,请阐述“扬子江菁英计划”中，新型研发机构在产教融合协同培养中的作用和优势。,“扬子江菁英计划”中，新型研发机构作为高校院所的校外产学研平台，承担着关键作用。其优势在于：1) 依托高校院所的国家级科研平台或重点实验室，拥有较强的科研实力；2) 采取高校学科科研制度与市场化运行制度相结合的“一所两制”，兼具学术性和市场性；3) 通过与高校院所的合作，能够为研究生提供真实的科技研发和创新创业实践机会；4) 能够有效连接企业需求与高校人才培养，促进科技成果转化。,
582,产教融合垂类问题,文本,国务院办公厅《关于深化产教融合的若干意见》在推进产教融合人才培养方面提出了哪些重要举措？,国务院办公厅《关于深化产教融合的若干意见》提出了推进产教融合人才培养改革、促进产教供需双向对接的重要举措，强调产教融合人才培养模式是产业界与教育界、知识与实践的有效结合，旨在培养具备知识掌握、社会认知、创新思维和能力素养的人才。,
583,产教融合垂类问题,文本,在高校人工智能人才培养模式中，如何通过“三协同”机制提升人才的实践能力和职业素养？,“三协同”机制包括AI小导师、校内导师、企业导师协同。AI小导师提供经验分享和指导，校内导师提供系统性的学术指导，企业导师提供实际应用方面的指导和支持。通过三方协同，学生可以在学术、实践和职业发展方面得到全面的指导，提升综合能力。,
584,产教融合垂类问题,文本,当前高校人工智能人才培养面临的主要问题有哪些？这些问题对人才培养造成了哪些影响？,当前高校人工智能人才培养面临的主要问题包括：人才培养模式与市场需求不相符、知识体系构建与产业发展不匹配、人才结构与工程需求不适应。这些问题导致人才供求比例失衡，人才质量和影响力不足，以及人才在实际工程应用方面的能力欠缺。,
585,产教融合垂类问题,文本,提出的“一建设+二共研+三协同+四阶循升”的人工智能人才培养模式，其“四阶循升”的具体实施过程是什么？,“四阶循升”包括AI感知、基础支撑、实践巩固和企业级实战四个阶段。AI感知通过活动和讲座激发学生兴趣；基础支撑通过核心课程群和资源库夯实基础；实践巩固通过实践课程和项目提升工程能力；企业级实战通过企业实习和科研项目培养实际应用能力。,
586,产教融合垂类问题,文本,如何理解产教融合型企业在人工智能人才培养中的作用？通过哪些案例体现了校企合作的成效？,产教融合型企业通过提供实践平台、参与师资建设、共研课题等方式，将行业需求与人才培养紧密结合，为学生提供真实的实践机会和职业发展路径。以电子科技大学与华为的合作为例，体现了校企合作在提升学生工程能力、促进就业和推动产学研融合方面的显著成效。,
587,产教融合垂类问题,文本,根据全球工程教育学会报告，产教融合在培养面向未来的卓越工程人才中扮演什么角色？请从系统层面分析其战略意义。,产教融合是培养面向未来的卓越工程人才的必然选择与首要条件。在系统层面，产教融合通过协同育人模式帮助产业界与教育机构深度对接，共同培养掌握未来所需知识、能力和技术的工程人才。报告强调，需建立跨领域的整合平台，集结产业、政府、学校和研究机构的资源，推动专门工程学会的跨领域交流与合作，并建立全球性联系渠道。同时，应配合政府产业全球化政策，组建“工程国家队”合作平台，将工程及产业科技推广至海外。这种模式不仅解决“产”“教”供需对接问题，还能促进资源共享、技术创新和人才培养效能最大化。,
588,产教融合垂类问题,文本,如何通过课程层面的改革提升工程教育的国际化水平？请结合国际认证标准说明操作路径。,课程层面需开设与国际接轨的学位课程，并开展国际认证以提升工程教育国际化水平。操作路径包括：1）对标国际先进水平开发课程内容，确保毕业生具备参与全球工程活动的能力；2）推动构建普适性强、认可度高的工程教育机构认证和跨国认证体系，如EUR-ACE标准，为质量保证提供共同框架；3）基于所有机构共同接受的标准进行机构认证和跨国认证，促进工程人才流动和教育模式创新。例如，EUR-ACE标准已成为欧洲通用基准，并被非欧洲国家逐步采用，为工程教育国际化奠定基础。,
589,产教融合垂类问题,文本,从机制层面分析，如何为工程学生提供更自主的学习选择机会？请结合工程教育特性提出具体措施。,机制层面需突破传统固定学制的束缚，通过灵活化设计为工程学生提供更多自主选择学习方式的机会。具体措施包括：1）引入弹性学分制，允许学生根据职业目标和兴趣自主选课；2）构建多路径课程结构，支持跨学科学习新兴技术领域（如人工智能、绿色能源等）；3）采用模块化教学设计，将理论课程与实践项目结合；4）推动校企联合培养机制，提供企业实习、项目实训等实践选项。这些措施能适应工程学科跨学科、实践性强和技术更新快的特性，培养创新型工程人才。,
590,产教融合垂类问题,文本,终身学习对卓越工程人才培养的意义是什么？请从个体层面分析其必要性及能力要求。,终身学习是卓越工程人才培养的核心要求，尤其在技术快速迭代的背景下。个体层面，工程人才需具备自主学习和持续学习的意识与能力，以适应知识更新和行业变革。必要性体现在：1）工程学科涉及多领域复杂理论（如控制工程需掌握线性代数、微分方程等），且技术驱动性强（如AI、5G等新兴技术要求知识同步更新）；2）静止的知识体系无法应对气候变化、能源危机等全球性挑战。能力要求包括：1）掌握高效学习方法，快速获取新知识；2）具备跨学科整合能力，将新旧知识融合应用；3）形成持续学习习惯，主动跟踪技术前沿。,
591,产教融合垂类问题,文本,如何通过产教融合培养工程师的跨文化沟通与合作能力？请结合全球工程挑战设计实施方案。,通过产教融合培养跨文化沟通与合作能力需构建校企协同的国际化培养体系。实施方案包括：1）校企共建跨国实习项目，让学生在真实国际工程环境中与多元文化背景的团队协作；2）开设跨文化沟通课程，涵盖口头汇报、书面报告等多样化沟通技巧；3）推动国际联合实验室建设，支持师生参与全球性工程问题（如气候变化、基础设施建设）的研究；4）引入国际工程认证标准（如EUR-ACE），确保课程内容对标全球需求。这些措施能帮助工程师在跨文化背景下高效沟通与合作，应对全球性挑战。,
592,产教融合垂类问题,文本,根据当前职业教育发展趋势，请阐述新一轮“双高计划”在产教融合方面的核心导向，并分析其与传统“双高计划”相比的关键转变。,新一轮“双高计划”在产教融合方面的核心导向，是从注重学校自身办学条件改善的“小逻辑”，转向服务产业发展、区域发展的大逻辑。这意味着更加强调职业教育与产业的深度融合，突出服务贡献度。与传统“双高计划”相比，关键转变体现在：一是评价标准上，将建立新的标准框架，更加注重学校服务水平；二是遴选方式上，强调双向奔赴，鼓励学校与企业共同参与；三是任务侧重上，从关注内部建设转向关注外部服务，强调对地方产业和区域经济的支撑作用。,
593,产教融合垂类问题,文本,在推进职业教育产教融合过程中，如何有效构建校企合作的利益分配机制，以确保双方的积极性和可持续性？提出至少三条建议。,构建校企合作利益分配机制的关键在于明确双方的权责，并建立长效激励机制。建议如下：1. 明确“员工+学生”双重身份，创新社保缴纳机制和财政经费分担方式，解决学徒培养主体不明、责任不清、保障不足等问题。2. 探索混合所有制办学模式，鼓励社会力量参与学校办学，实现资源共享和优势互补。3. 建立以服务贡献为导向的激励机制，将企业参与产教融合的成果纳入绩效评价体系，并给予相应的政策支持和资金奖励。,
594,产教融合垂类问题,文本,针对高职院校专业群建设中可能出现的同质化风险，提出至少两种应对策略，并说明其理论依据。,文档指出，专业群建设存在同质化风险。应对策略如下：1. 强调技术演进和产业特色化，对接现代产业体系，服务产业基础高级化、产业链现代化，根据业态或岗位需求变化，及时调整专业设置。理论依据是产业发展具有动态性，专业建设必须紧跟产业需求，避免盲目跟风。2. 推动专业群的协同进化与治理，构建共生单元，明晰共生模式，营造开放共生环境。理论依据是共生理论，强调不同主体之间的相互依赖和共同发展，通过构建良好的生态系统，提升专业群的整体竞争力。,
595,产教融合垂类问题,文本,如何理解“双师型”教师队伍建设在提升职业教育人才培养质量中的作用？阐述其核心要义和建设路径。,“双师型”教师队伍建设是提升职业教育人才培养质量的关键。其核心要义是教师既要有扎实的专业理论知识，又要有丰富的实践经验，能够将理论与实践相结合，培养适应产业发展需求的高素质技术技能人才。建设路径包括：加强教师实践经验积累，鼓励教师深入企业实践；完善教师职称评价体系，将实践经验作为重要的评价指标；创新教师培养模式，加强校企合作，共同培养“双师型”教师。,
596,产教融合垂类问题,文本,在当前职业教育发展背景下，如何有效提升职业院校的服务能力和社会贡献，使其更好地服务国家战略和区域经济发展？提出至少三条具体措施。,提升职业院校服务能力和社会贡献的具体措施如下：1. 依托区域产教融合联合体、行业产教融合共同体，解决职业教育与产业发展的适配问题。2. 聚焦服务支柱产业和中小微企业发展，围绕应用研究、技术服务、社会培训三个维度协同推进。3. 加强区域协同与校际合作，通过组建职教集团、产教融合联盟等方式，推动资源共享和优势互补，服务国际产能合作，例如建设鲁班工坊。,
597,产教融合垂类问题,文本,请解释现代产业学院在产教融合中的作用，并阐述其与传统高等院校的区别。,现代产业学院是深化产教融合的重要载体，旨在突破传统高等院校的办学模式，通过与产业深度融合，实现人才培养、技术创新和产业升级的协同发展。区别在于：传统高等院校侧重于基础理论教学和学术研究，而现代产业学院则更加注重实践教学、应用研究和成果转化，强调以产业需求为导向，共同制定人才培养方案，共建实验室和实训基地，共同开展技术研发和成果应用。现代产业学院通常由高校与龙头企业共建，实现资源共享、优势互补，提升人才培养的针对性和实效性。,
598,产教融合垂类问题,文本,如何评估一项产教融合项目是否成功？请列出至少五项关键评估指标。,评估产教融合项目成功与否，应综合考虑以下关键指标：1. **人才培养质量**：毕业生就业率、就业岗位匹配度、企业评价等；2. **技术创新产出**：共建实验室的科研成果数量、专利申请和授权数量、技术转移转化收益等；3. **产业发展贡献**：项目对企业技术升级、产品创新、市场拓展的促进作用；4. **企业参与度**：企业在项目中的投入程度、参与方式和满意度；5. **校企合作机制**：合作协议的完善程度、合作平台的稳定性、合作关系的持续性。此外，还应关注项目是否符合国家和地方产教融合政策导向。,
599,产教融合垂类问题,文本,在推进产教融合过程中，高校和企业分别面临哪些挑战？请分别列出至少三点。,高校在推进产教融合过程中面临的挑战包括：1. **体制机制障碍**：传统高校管理体制僵化，不利于与企业灵活合作；2. **师资队伍结构**：教师实践经验不足，难以满足企业需求；3. **知识产权保护**：校企合作中知识产权归属问题难以界定。企业在推进产教融合过程中面临的挑战包括：1. **投入成本较高**：参与产教融合项目需要投入资金、技术和人力资源；2. **信息不对称**：企业对高校的教学科研情况了解不足，难以精准匹配人才需求；3. **成果转化风险**：校企合作的科研成果可能难以转化为实际应用，存在一定的风险。,
600,产教融合垂类问题,文本,请设计一个“双师型”教师培养方案，以提升职业院校教师的实践能力和教学水平。,“双师型”教师培养方案应包含以下内容：1. **企业实践阶段**：教师需到相关企业进行为期至少3个月的实践，参与实际生产和技术研发，熟悉行业发展趋势和企业需求；2. **技能提升培训**：组织教师参加行业认证培训，提升专业技能水平，获得相关资格证书；3. **教学方法研修**：邀请资深教师和企业工程师进行教学方法指导，学习先进的教学理念和技术；4. **校企合作项目**：鼓励教师参与校企合作项目，将实践经验融入教学内容；5. **成果展示与交流**：定期组织教师进行教学成果展示和经验交流，促进相互学习和共同进步。,
601,产教融合垂类问题,文本,国家对于职业教育“1+X”证书制度有何政策支持？该制度在产教融合中发挥了什么作用？,国家高度重视职业教育“1+X”证书制度，将其作为提升职业教育质量、促进产教融合的重要举措。政策支持主要体现在：1. **资金支持**：中央和地方政府设立专项资金，支持职业院校开展“1+X”证书制度建设；2. **标准制定**：教育部组织制定“1+X”证书制度的规范和标准，确保证书质量；3. **试点推广**：选择一批职业院校进行试点，总结经验并逐步推广；4. **政策倾斜**：对取得“1+X”证书的毕业生在就业、升学等方面给予政策倾斜。“1+X”证书制度在产教融合中发挥了重要作用：1. **对接产业需求**：“X”证书由企业参与制定，直接反映了产业需求；2. **提升职业技能**：通过“1+X”证书，学生不仅掌握了专业基础知识，还获得了行业认可的职业技能；3. **促进就业**：持有“1+X”证书的毕业生更受企业青睐，就业竞争力更强。,
602,产教融合垂类问题,文本,德国高校在产教融合中如何确保产业需求与教育供给的有效匹配？,德国高校通过技术导向和实用性的合作模式实现供需匹配。研究型工业大学和应用技术大学深化与工业领域'产业链'适切性改革，让企业以特殊主体身份深度参与协同育人。例如慕尼黑工业大学和安贝格应用技术大学积极开展针对性强、应用性高的研究项目。同时，德国《高等教育总法》要求应用技术大学教授至少具有5年职业实践经历（其中3年在校外），25%课程由企业兼职教师承担，这些'双师型'教师负责传授企业生产实践最新趋势，协助解决学生实习、论文及就业问题，确保教育内容与产业需求紧密对接。,
603,产教融合垂类问题,文本,我国产教融合从'双元合作'到'多元协作'的实施路径有哪些具体转变？,我国产教融合实施路径实现了三个层面的转变：首先，从传统'生产—教学'交互模式转向'生产—教学—科研'为核心的多元协作模式，注重成果转化带动的科教融汇，如山东淄博高新区、西门子和莱茵科斯特共建的智能制造基地。其次，构建'职业教育—高等教育—继续教育'三教协同发展战略格局，贯通不同教育层次人才培养体系，打通'教育—科技—人才'三位一体融合发展通道。最后，以学科群为基本载体对接产业需求，根据多元场域交互建设特色学科群，促进跨学科研究与人才培养，培养服务多产业领域的高级科技人才。,
604,产教融合垂类问题,文本,产教融合型企业可以获得哪些政策制度保障？,我国通过多维政策为产教融合型企业提供制度保障：在财政税收方面，《关于深化产教融合的若干意见》和《国家产教融合建设试点实施方案》要求各级财政、税务部门给予税收优惠、财政支持、土地划拨等政策。在金融用地方面，《关于印发产教融合型企业和产教融合试点城市名单的通知》对取得成效的产教融合企业给予组合式优惠政策，在金融、用地、财税、投资等方面提供最大程度支持。在制度规范方面，建立绩效管理办法将企业纳入区域绩效评价体系，根据评价结果给予政策性支持，鼓励企业跨区域产业联合。,
605,产教融合垂类问题,文本,如何通过'四新'建设深化产教融合培养创新人才？,'四新'建设是深化产教融合、培养创新人才的重要引擎：新工科要推进'卓越工程师教育培养计划2.0'，创建产教融合资源共享平台，建立产业需求与专业设置、课程同步更新机制。新医科重点推进医学科研成果转化，搭建产业桥梁，引入实际产业案例，与医疗企业合作提供实地培训。新农科引导学生接触农业科技，与区域企业建立实践基地，邀请行业专家担任导师指导解决农业产业问题。新文科强调文科知识在社会创新中的作用，调整课程设置引入产业相关课程，培养更具创新力的文科人才。各领域需彼此协同，共同推动人才培养与产业创新同频共振。,
606,产教融合垂类问题,文本,高校产教融合标准制定应关注哪些核心要素？,高校产教融合标准制定需关注三个核心要素：首先是'四链'衔接标准，明确教育链提升人力资源供给能力、人才链增强产业转换能力、产业链促进知识吸收产出能力、创新链激发创业转化能力的行动指南。其次是'三圈'协同标准，规范高校作为创新核心力量、产业作为跃迁动力、政府作为管理者协调者的三方协同机制，包括联合机构建设标准、运作流程规范等。最后是人才流动标准，提升校企政三方人才流动可操作性，明确企业和社会导师职责权利，规范实施流程，推动专业人才与高校师生紧密协同合作，实现信息共享、标准相通的高效合作体系。,
607,产教融合垂类问题,文本,产教融合型企业认定标准是什么？,产教融合型企业是指深度参与产教融合、校企合作，在职业院校、高等学校办学和深化改革中发挥重要主体作用，行为规范、成效显著，创造较大社会价值，对提升技术技能人才培养质量，增强吸引力和竞争力，具有较强带动引领示范效应的企业。这些企业通常需具备以下特征：一是深度参与教育教学过程，包括共同制定人才培养方案、开发课程教材、建设实训基地等；二是具备较强的技术实力和产业代表性；三是能有效促进教育链、人才链与产业链、创新链的有机衔接；四是在校企合作中具有稳定投入和可持续合作机制。,
608,产教融合垂类问题,文本,如何构建现代产业学院的运行机制？,构建现代产业学院运行机制需从以下方面着手：首先，建立校企双主体治理结构，成立由校企双方共同组成的理事会或董事会，实行校企双院长负责制。其次，创新人才培养模式，实施'双导师制'，企业技术骨干与学校教师共同指导学生，开发'岗课赛证'融通的课程体系。第三，建设产学研用一体化平台，共建技术创新中心、重点实验室等科研平台，促进科技成果转化。第四，建立资源共享机制，包括设备共享、师资互聘、学分互认等。第五，完善评价激励机制，将企业参与度、学生就业质量、技术服务成效等纳入考核指标体系，形成可持续发展的长效机制。,
609,产教融合垂类问题,文本,职业教育'双师型'教师队伍建设有哪些关键举措？,职业教育'双师型'教师队伍建设的关键举措包括：一是完善准入机制，明确'双师型'教师认定标准，既要求具备扎实的专业理论知识，又需拥有相应行业企业实践经历。二是健全培养培训体系，建立教师企业实践制度，定期选派教师到企业实践锻炼，同时引进企业技术骨干担任兼职教师。三是创新评价机制，将教师企业实践、技术服务成果等纳入职称评聘和绩效考核指标。四是优化激励机制，提高'双师型'教师待遇，设立专项津贴，在评优评先、职务晋升等方面给予倾斜。五是构建校企协同培养平台，通过'校企共建教师企业实践基地'、'技能大师工作室'等载体，促进教师专业能力持续提升。,
610,产教融合垂类问题,文本,产教融合对提升新质生产力发展的战略意义是什么？,产教融合对提升新质生产力发展具有三重战略意义：首先，产教融合是构建教育科技人才一体化发展机制的核心载体，通过整合教育资源与产业资源，形成协同创新体系，为发展新质生产力提供人才支撑和智力支持。其次，产教融合促进生产要素创新配置，特别是数据、技术等新型生产要素的高效流动与优化组合，推动传统产业转型升级和战略性新兴产业培育，加速形成新质生产力。第三，产教融合有助于打通教育链、人才链与产业链、创新链的衔接堵点，通过校企协同培养适应新质生产力发展需求的高素质技术技能人才，为产业深度变革提供人力资源保障，最终实现全要素生产率显著提升和经济高质量发展。,
611,产教融合垂类问题,文本,职业院校如何深化产教融合服务区域产业转型升级？,职业院校深化产教融合服务区域产业转型升级可采取以下路径：一是精准对接区域产业需求，建立产业需求调研机制，动态调整专业结构，重点发展面向区域主导产业、战略性新兴产业和未来产业的专业集群。二是构建校企命运共同体，与龙头企业共建现代产业学院、产教融合实训基地，实现人才培养与产业需求无缝对接。三是创新技术服务模式，组建技术服务团队，面向中小企业开展技术研发、工艺改进、员工培训等服务，助力企业技术升级。四是打造产教融合信息平台，建立产业人才需求数据库、技术需求库和成果转化平台，促进供需精准匹配。五是完善协同治理机制，联合政府部门、行业协会、企业等建立产教融合联盟，形成多元协同、互利共赢的生态系统，提升服务区域产业发展的能力与水平。,
612,产教融合垂类问题,文本,请阐述产教融合对新质生产力发展的核心作用，并结合高等教育的视角进行分析。,高等教育通过培养高素质劳动者、注入创新劳动资料以及拓展劳动对象的领域，为新质生产力的形成与发展提供有力支撑。产教融合是实现这一作用的关键，它能够打破高校与产业界之间的壁垒，促进知识、技术和人才的有效流动，从而加速新质生产力的形成。具体而言，产教融合能够提升人才培养的针对性和实效性，使高校毕业生更好地适应产业发展需求；同时，产教融合也能够促进高校科研成果的转化和应用，为产业升级提供技术支撑。,
613,产教融合垂类问题,文本,针对当前高等教育在促进新质生产力形成过程中面临的“产学研融合不深入”的挑战，请提出至少三项具体的改进措施。,1. **建立常态化的产学研合作机制：** 高校应与企业建立长期稳定的合作关系，通过共建研发中心、联合实验室等方式，促进科研项目与企业需求的紧密结合。2. **完善成果转化激励机制：** 建立健全科研成果转化收益分配机制，鼓励教师和科研人员积极参与成果转化，并给予相应的奖励。3. **推动跨学科交叉融合：** 鼓励高校打破学科壁垒，加强跨学科合作，培养具备多领域知识和技能的复合型人才，以适应新质生产力发展的需求。,
614,产教融合垂类问题,文本,如何理解高等教育背景下“新质生产力”的内涵？它与传统生产力有何本质区别？,在高等教育背景下，“新质生产力”的内涵是与“新兴产业”、“未来产业”相互关联的，将教育、科技和人才进行良性循环，从而培养出新类型、新结构、高技术水平、高质量、高效率、可持续的生产力。其本质区别在于“新”，象征着高等教育正向着新型技术和新型产业的方向进行重心转移，代表着教育的前瞻性和引领性；“质”则反映了高等教育在持续的量变基础上，正在形成的高质量发展模式，强调教育的内涵式发展和品质提升。,
615,产教融合垂类问题,文本,针对高等教育发展中出现的“马太效应”，如何通过政策引导实现高等教育资源在区域间的均衡发展，从而更好地服务于新质生产力的发展？,为了缓解高等教育资源分布不均导致的“马太效应”，应采取以下措施：1. **加大对中西部高校的投入：** 增加对中西部高校的财政支持，改善办学条件，提升师资力量。2. **实施区域协同发展战略：** 鼓励东部发达高校与中西部高校开展合作，通过资源共享、人才交流等方式，提升中西部高校的整体水平。3. **完善学科评估体系：** 调整学科评估指标，更加注重高校的社会服务能力和区域特色发展，避免过度强调学科排名，从而引导高校更加注重自身特色发展。,
616,产教融合垂类问题,文本,在高等教育驱动新质生产力的过程中，如何提升教育国际化培养的质量，克服当前面临的限制？,提升教育国际化培养质量，需要从以下几个方面入手：1. **拓展国际合作渠道：** 积极与国际知名高校和科研机构建立合作关系，开展学生交换、教师互访、联合科研等项目。2. **优化留学政策：** 简化留学手续，提供更多留学资助，吸引更多优秀学生出国深造。3. **加强国际化师资队伍建设：** 吸引海外高层次人才来华任教，提升高校的国际化教学水平。4. **积极参与国际规则制定：** 加强在国际教育领域的参与度，提升我国在国际教育领域的话语权。,
617,产教融合垂类问题,文本,请阐述新质生产力对高等职业教育人才培养模式提出的新要求。,新质生产力对高等职业教育人才培养模式提出了以能力提升、岗位适应和社会服务为导向的创新应用型人才培养要求。具体包括：突破传统以技术技能适应为导向的体系，建构以创新精神为引领、数智适应为特征、技能运用为实践品质、能力提升为自我追求的现代化高素质技术技能型人才培养模式；完善高级技能型人才评价体系的准入机制和内容结构，通过个人品质塑造、基本能力培养和社会实践服务层面的现代化变革，赋予受教育者面向新质生产力的实质能力，实现传统技术人才向新质技术人才的转变。,
618,产教融合垂类问题,文本,如何通过产教融合推动高等职业教育的技术创新体系构建？,通过产教融合推动高等职业教育技术创新体系构建需遵循以下路径：一是构建以高等职业教育为主体架构的技术创新高地，推动应用型技术创新的'技术研发-技术推广-技能迭代'并行式路径；二是依托产教融合平台，实现创新技术有序化输出，服务区域经济社会发展；三是强化'以教促产、以产助教'的创新道路，通过科技成果市场转化率作为衡量标准，促进创新资源高效配置；四是聚焦制造业和民生领域生产应用型技术创新，探索生产型技术创新的'深水区'，构建与新质生产力适配的创新型生产技术体系。,
619,产教融合垂类问题,文本,高等职业教育在适配新质产业发展需求时应采取哪些专业建设策略？,高等职业教育适配新质产业发展需求的专业建设策略应包括：一是围绕新质产业战略布局，构建面向区域发展和集聚数字化内涵的特色化专业集群；二是密切专业建设与新质产业发展的耦合联系，实现专业与产业的高度契合；三是强化数字素养培养，突出受教育者在数字产业胜任力方面的技能培训；四是推动专业建设与产业结构性调整同步，探索'专业产业'深度融合路径；五是通过应用型技术创新的内生性属性联动产业创新体系，赋予新质产业创新科技内涵。,
620,产教融合垂类问题,文本,请设计一份高等职业教育赋能新质生产力的治理逻辑优化方案。,高等职业教育赋能新质生产力的治理逻辑优化方案应包含：一是以'整体数治'新治理理念推动产教协同发展，破除校企创新融通的技术壁垒和场域限制；二是以治理要素升级为变革重心，通过数字化转型推动治理模式创新；三是培育现代化治理人才，提升企业内部组织管理水平，完善产业管理制度；四是聚焦产业治理业务模式的数字化转型，构建校企在供应链管理、生产研发及市场开发等领域协同作业的治理空间；五是发挥高等职业教育智库依托作用，为产业科学化治理与高效化决策提供智力支持。,
621,产教融合垂类问题,文本,如何构建高等职业教育赋能新质生产力的长效机制？,构建高等职业教育赋能新质生产力的长效机制需从以下方面着手：一是强化顶层设计，建立'教育链-人才链-技术链-创新链-产业链'交互式运作机制；二是重塑育人方案，确立基于创新能力生成的现代产业学院人才培养模式；三是坚持创新协同，深化产学研一体化创新体系打造；四是聚焦跨界属性，提升高等职业教育在新质社会的适应性；五是创建产教融合型企业认定标准，通过政策激励推动校企深度合作；六是建立动态评估机制，定期调整优化赋能路径与资源配置。,
622,产教融合垂类问题,文本,根据国家职业教育改革实施方案，如何理解当前职业教育在数字经济发展中的战略地位？,当前职业教育在数字经济发展中具有重要的战略地位，是把握新一轮科技革命和产业变革机遇的关键。发展数字经济对底层数字人才的需求，为职业教育实现高质量发展提供了宝贵的机会窗口。职业教育需要主动响应数字经济战略，培养具备数据思维和创新能力的高素质高技能人才，以支撑数字经济和实体经济的深度融合，并为构建新发展格局提供人才保障。,
623,产教融合垂类问题,文本,在深化产教融合的过程中，企业与职业院校在合作模式上常面临哪些挑战？请结合文档内容分析。,企业与职业院校在深化产教融合的过程中，面临的主要挑战包括：商业场景落地模糊，导致学校与企业对接困难；企业对数字技术的具体应用定义模糊、要求多变，使得教育端难以精准捕捉市场动态；企业在与院校合作开展实践教学时存在顾虑，限制学生获取真实工作场景锻炼的机会；产教融合创新不足，造成教学过程与生产过程联动困难。,
624,产教融合垂类问题,文本,为了提升高素质高技能数字人才的培养质量，文档建议从哪些方面改进工学结合方法？,文档建议从以下几个方面改进工学结合方法：以实践项目和实训基地为突破口，加强实践教学；以教学资源库建设为发展载体，提升资源配置效率；提升教师的教学能力和素质，鼓励教师与企业专家进行交流与合作。通过这些措施，可以有效提升职业教育的质量，使其更好地适应数字经济的需求。,
625,产教融合垂类问题,文本,如何理解“双师型”教师在数字经济时代高素质高技能人才培养中的作用？,“双师型”教师，即既有扎实的专业知识和教学技能，又具备丰富的实践经验和行业背景，在数字经济时代的高素质高技能人才培养中发挥着关键作用。他们能够将最新的行业动态和技术发展融入教学内容，引导学生掌握前沿知识和技能，并提升学生的创新能力和实践能力。,
626,产教融合垂类问题,文本,构建高素质高技能数字人才培养体系需要从哪些维度进行教育目标的设计？,构建高素质高技能数字人才培养体系，教育目标的设计应涵盖三个维度：知识层面，深化学生对计算机科学、大数据分析、人工智能等前沿知识的理解；技能层面，提升数字技术实践操作水平和数据驱动解决问题的能力；素养层面，侧重于培养数字知识更新、数字内容创作、数字技术创新、智慧赋能等创新素养。,
627,产教融合垂类问题,文本,根据现代产业学院的建设原则，请阐述如何通过创新人才培养模式来提升新型劳动者的素质，并结合文档内容说明其在新质生产力发展中的作用。,高职现代产业学院应更新育人理念，将创造力、反思性、企业家精神等软技能作为人才培养的关键目标。通过深化校企合作、工学结合，促进课程内容与技术发展衔接、教学过程与生产过程对接，培养具备综合知识结构、更高技能水平和创新能力的应用型、复合型、创新型人才。这些新型劳动者能够熟练掌握新型生产工具，处理分析和再生产新型生产资料，从而促进知识与技能质变，为新质生产力发展提供人力支撑。,
628,产教融合垂类问题,文本,提到了高职现代产业学院赋能新质生产力发展面临的现实困境，请列举至少三点，并针对其中“学校技术创新与企业实际需求脱节”这一问题，提出具体的解决方案。,高职现代产业学院赋能新质生产力发展面临的现实困境包括：校企组织目标存在差异、学校技术创新与企业实际需求脱节、学院治理结构不完善。针对技术创新与需求脱节问题，可采取以下措施：一是健全知识产权保护机制，明确产权归属；二是修订高职院校教师考核评价制度，引导教师围绕企业实际需求开展科研；三是加强顶层设计，将产学研合作纳入学院发展战略，建立常态化沟通机制。,
629,产教融合垂类问题,文本,请解释“产教融合型企业”的概念，说明其在高职现代产业学院建设中的重要性。,产教融合型企业是指积极参与职业教育教学过程，提供实习实训基地、参与课程开发、共同培养人才的企业。文档强调高职现代产业学院是由政行企校等多方主体共同打造的，企业是重要的参与者。产教融合型企业能够为学生提供真实的职业环境，促进校企协同创新，提升人才培养质量，从而为新质生产力发展提供人才支撑和技术创新。,
630,产教融合垂类问题,文本,高职现代产业学院如何通过立地式研发推动技术创新，从而打造新型劳动资料？,高职现代产业学院应以立地式研发推动技术创新，围绕企业技术创新需求，解决生产一线亟需的关键技术难题和技术应用的“最后一步”。通过校企协同创新，将学校的知识、人才、技术资源与企业的市场需求、生产经验相结合，促进新型劳动资料的迭代升级，为新质生产力发展提供技术动力。,
631,产教融合垂类问题,文本,阐述如何构建高职现代产业学院的协同治理共同体，并说明其对新质生产力发展的意义。,构建高职现代产业学院的协同治理共同体需要完善组织架构，例如建立由各方主体选举产生的理事会，并赋予其主导权。同时，应健全专产联动机制，强化专业与产业的联动，以及建立科学合理的利益分配机制，确保各方利益的协调。这种协同治理共同体能够充分发挥高职现代产业学院各项职能，为新质生产力发展指引方向，并提供人才、技术和创新支持。,
632,产教融合垂类问题,文本,请基于CIPP评价模式，解释高职院校产教融合有效性评价的理论框架及其四个核心要素。,CIPP评价模式是高职院校产教融合有效性评价的理论基础，包括四个核心要素：背景评价（Context Evaluation）、输入评价（Input Evaluation）、过程评价（Process Evaluation）和结果评价（Product Evaluation）。该模式由斯塔弗尔比姆提出，强调评价的发展性功能，整合诊断性、形成性和终结性评价。在产教融合评价中，背景评价关注管理机制、激励机制等支持要素；输入评价评估经费投入、企业捐赠等资源投入；过程评价考察产业学院、实训基地等融合过程；结果评价聚焦人才培养、协同创新等产出成效。,
633,产教融合垂类问题,文本,分析影响高职院校产教融合有效性的关键因素及其权重排序。,根据层次分析法（AHP）权重分配，影响高职院校产教融合有效性的关键因素及其权重排序如下：一级指标中，产教融合过程有效性（0.3849）权重最高，其次是产教融合产出有效性（0.3738），产教融合支持有效性（0.2413）最低。二级指标中，培养质量（0.1669）、专业设置（0.1291）、制度支持（0.1137）、协同育人（0.1075）权重位列前四。三级指标中，专业产业匹配度（0.0724）、就业创业率（0.0712）、专业设置调整（0.0567）、培养方案制定（0.0502）权重最高，而国际影响力（0.0076）、科技平台建设（0.0076）等指标权重最低。,
634,产教融合垂类问题,文本,设计一份基于文档评价指标体系的高职院校产教融合有效性提升方案。,基于文档评价指标体系，高职院校产教融合有效性提升方案应包括：1. 强化制度支持，优化组织机构运行（权重0.0455），完善管理办法和激励制度；2. 加大经费投入，重点提升行企投入资金（权重0.0428）；3. 深化产教融合过程，重点推进专业产业匹配（权重0.0724）和协同育人（权重0.1075）；4. 提升产出成效，着力改善科技成果水平（当前平均分3.04）和国际影响力（3.05）；5. 建立“双师型”教师培养机制，提升教师企业实践能力（权重0.0084）。方案需采用德尔菲法定期评估，并通过问卷星系统实施动态监测。,
635,产教融合垂类问题,文本,解释“产教融合有效性指数模型”的计算方法及其应用价值。,产教融合有效性指数模型采用加权计算法，公式为：EI=∑(Ii×Wi)，其中Ii为三级指标平均分，Wi为对应权重系数。具体步骤包括：1. 计算各三级指标平均分（Ii=∑Iij/n）；2. 乘以权重系数（Wi）得到加权指数；3. 转换为百分制分数（ES=100/5×EI）。该模型的应用价值在于：可量化评估高职院校产教融合成效，识别薄弱环节（如科技成果、国际影响力等低分项），为政策制定和资源分配提供数据支撑，促进产教融合从“形式融合”向“实质融合”转型。,
636,产教融合垂类问题,文本,分析当前高职院校产教融合存在的突出问题及改进方向。,当前高职院校产教融合存在三大突出问题：1. 企业参与度不足，表现为行企投入资金（平均分3.38）和兼职教师比例（权重0.0055）偏低；2. 教师能力短板，教师企业实践（权重0.0084）和教学能力奖（平均分3.48）得分低；3. 产出成效薄弱，科技成果奖（平均分3.04）和国际影响力（3.05）显著滞后。改进方向包括：1. 建立产教融合型企业激励机制，落实税收优惠等政策；2. 实施“双师型”教师专项培养计划，强化企业实践考核；3. 构建校企协同创新平台，提升技术服务经费（当前平均分3.33）和专利转化能力。,
637,产教融合垂类问题,文本,请解释“产教融合能力”的概念，并阐述其对于高职院校的重要性。,产教融合能力是指高职院校能够具备高水平推进产教融合工作并达到预期目标的条件、资质和内在要求。它包含组织能力、场域能力和动态能力。对于高职院校而言，提升产教融合能力至关重要，因为它直接关系到办学水平和人才培养质量，是应对外部环境变化、提升社会认可度和吸引企业合作的关键。缺乏产教融合能力，高职院校难以有效融入产业发展，培养出适应社会需求的人才。,
638,产教融合垂类问题,文本,根据产教融合的视角，分析高职院校在校企合作中可能面临的挑战，并提出相应的应对策略。,高职院校在校企合作中面临的挑战包括：企业积极性不高、地方政府激励政策落实不到位、校企异质性组织协同的体制机制制约等。应对策略应从自身出发，强化学校内部因素，提升社会认可度和对企业的吸引力。具体包括：夯实学校综合实力，提升组织能力；增强场域能力，搭建多元化的包容场域，吸纳多形态社会资本；提升动态能力，适应外部环境变化，主动创造市场变革。,
639,产教融合垂类问题,文本,请详细描述高职院校产教融合能力评价体系中的“场域能力”，并说明如何提升该能力。,场域能力是指高职院校建构产教融合场域，推进各参与方资源整合、业务协作和资本增值的能力。它包括资源整合能力、业务协作能力和资本增值能力。提升场域能力的关键在于：加强供需耦合，实现多方协同；深化校企合作，优化业务协作机制；注重成果导向，促进资本增值和转化积累。具体措施包括：建立产教融合平台，健全制度体系，加强与政府、行业协会、科研机构的合作。,
640,产教融合垂类问题,文本,在构建现代产业学院的过程中，高职院校应如何平衡“产”与“教”的关系，以实现共赢？,在构建现代产业学院的过程中，高职院校应坚持“产”与“教”融合，但并非简单的等量齐观。应以“教”为本，服务于人才培养；以“产”为导向，满足产业需求。具体而言，要加强专业设置与产业发展的对接，共同开发课程体系和教学资源；鼓励企业参与人才培养全过程，提供实习实训机会；建立利益共享机制，促进知识、技术、人才等资源的互通互换。,
641,产教融合垂类问题,文本,阐述高职院校提升产教融合动态能力的关键举措。,提升高职院校产教融合动态能力的关键举措包括：一是加强对客体变化的适应性，即根据产业变化动态调整专业设置、教学安排等；二是提升主动创造市场变革的能力，例如牵头成立产教融合组织、制定行业标准、开展社会公益服务等。具体措施包括：建立灵活的教学机制，鼓励教师参与企业实践，加强与企业的技术合作，提升学校的创新能力。,
642,产教融合垂类问题,文本,根据国家政策，现代产业学院建设的关键要素有哪些？,根据文件内容，现代产业学院的建设需要遵循以下关键要素：以产业园区为依托载体，政府、企业、学校以及科研机构等多方参与，具有人才培养、创新创业、社会服务和促进产业经济发展功能，并实行实体化运作。,
643,产教融合垂类问题,文本,市域产教联合体与传统产教合作模式的主要区别是什么？,市域产教联合体作为一种新型产教融合组织形态，区别于传统的产教合作模式在于其组织目标的区域性、治理主体的多样性、组织资源的丰富性以及运行机制的健全性，能够更好地服务于区域经济社会发展，促进教育链、人才链与产业链、创新链的有机衔接。,
644,产教融合垂类问题,文本,在构建市域产教联合体过程中，如何有效协调各参与主体的利益？,协调各参与主体利益的关键在于围绕培育和供给优质技术技能人才这一共同利益取向，建立和健全相关制度与标准，明确不同主体的权、责、利，形成共同的“行动者网络联盟”，实现多方共赢。,
645,产教融合垂类问题,文本,国家在政策层面如何推动市域产教联合体的建设？请列举相关政策文件。,国家层面通过一系列政策文件推动市域产教联合体建设，包括：2022年12月中共中央办公厅、国务院办公厅印发的《关于深化现代职业教育体系建设改革的意见》，2023年4月教育部办公厅印发的《关于开展市域产教联合体建设的通知》，以及2023年由国家发展改革委等八部门颁布的《职业教育产教融合赋能提升行动实施方案(2023-2025 年)》和教育部颁布的《关于加快推进现代职业教育体系建设改革重点任务的通知》等。,
646,产教融合垂类问题,文本,如何理解市域产教联合体构建中的“四链”有机衔接？,“四链”有机衔接指的是促进教育链、人才链与产业链、创新链的有机衔接。市域产教联合体通过整合教育资源与产业资源，实现信息和知识的整合与共享，有助于实现知识生产模式的转换和解决人才供需结构性矛盾，从而促进“四链”的协同发展。,
647,产教融合垂类问题,文本,根据国家政策导向，请阐述高质量发展背景下深化职业教育产教融合的战略意义。,高质量发展背景下深化职业教育产教融合，是实现职业教育高质量发展的关键环节，内嵌于高质量发展的时代命题中。其战略意义在于：构建高度适应产业发展的职业教育体系，提升人才培养的针对性和实效性；建立产教协同共赢的职业教育产教关系，促进人才链、教育链、产业链、创新链的衔接融合；打造具有中国特色的职业教育产教融合模式，为经济结构转型升级提供重要支撑。产教融合是职业教育的再社会化，是促进学习者知识融合和技能形成的重要途径。,
648,产教融合垂类问题,文本,请详细解释“政产学市”在职业教育产教融合中的角色定位及相互关系。,职业教育产教融合由“政产学市”四大核心要素组成。其中，“政”指政府管理部门，负责宏观引导与政策支持；“产”指行业企业，提供实践教学基地、参与人才培养方案制定等；“学”指职业院校，负责知识传授和技能培训；“市”指市场，是产教融合的最终导向和检验标准。这四个主体通过协同合作，形成利益共同体，共同推动职业教育与产业的深度融合。其关系是相互依存、相互促进的，共同构建和谐的生态圈。,
649,产教融合垂类问题,文本,如何理解现代产业学院在深化产教融合中的作用？其与传统校企合作的区别是什么？,现代产业学院是深化产教融合、校企合作的新载体和新模式。它是一种深层次、立体化、全方位的校企合作办学模式，集人才培养、产品生产、科技创新于一体。与传统校企合作相比，产业学院具有治理体系多元化、服务面向产业化、教育功能综合化等特征。产业学院更强调产教融合的集成化和系统化，能够更好地服务于区域产业发展，提升人才培养质量。,
650,产教融合垂类问题,文本,在推动职业教育产教融合过程中，应如何完善微观体制机制？,完善产教融合中的微观体制机制，应从以下几个方面入手：一是建立健全校企合作的利益分配机制，确保双方都能从合作中获益；二是完善人才培养的评价体系，更加注重实践能力和职业素养的培养；三是建立灵活多样的办学模式，鼓励学校和企业共同开发课程、共建实验室等；四是加强对产教融合的政策支持和资金投入，为产教融合提供保障。,
651,产教融合垂类问题,文本,分析产教融合对提升职业教育适应性的具体体现。,产教融合通过以下几个方面提升职业教育的适应性：一是构建高度适应产业发展的职业教育体系，使专业设置和课程内容与产业需求紧密结合；二是促进职业教育与产业的协同发展，加速科技成果转化和应用；三是培养具有创新精神和实践能力的高素质技术技能人才，满足产业转型升级的需求；四是推动职业教育向更加开放、灵活、多元的方向发展，适应不断变化的社会需求。,
652,产教融合垂类问题,文本,根据国家政策，如何理解“双师型”教师队伍建设在职业教育高质量发展中的战略意义？,“双师型”教师队伍是职业教育高质量发展的关键，是加快推进职业教育现代化的基础性工作和职业教育类型优化的关键基础。国家政策从强调内涵提升、明确基本标准等方面，旨在解决职业教育缺乏高素质“双师型”教师的瓶颈，提升职业教育的整体质量和竞争力。,
653,产教融合垂类问题,文本,针对企业高技能人才进入职业院校任教面临的障碍，请提出至少三项具体的制度设计建议。,1. 实施职业院校专业实践教学教师资格证书制度，降低学历要求，以技能和技艺为遴选条件。2. 建立专业实践教学教师培训制度，为企业高技能人才提供职业教育教学理论和实践培训，并进行资格认证。3. 建立校企高技能人才双向交流机制，允许实践教学教师定期回企业更新知识技能，并提供相应的支持和保障。,
654,产教融合垂类问题,文本,目前，职业技术师范教育在“双师型”教师培养中面临哪些挑战？如何通过开放型人才培养体系来突破这些挑战？,职业技术师范教育面临培养规模不足、无法满足职业教育发展需求等挑战。通过构建开放型人才培养体系，吸纳应用型高校加入职教师资培养，可以扩大培养规模，利用应用型高校的优势，培养更贴近产业需求的“双师型”教师。,
655,产教融合垂类问题,文本,在提升职业学校教师学历方面，国家有哪些政策支持？这些政策对解决职业教育师资队伍结构性问题有何帮助？,国家出台政策鼓励在职教师提升学历，如开展职业学校教师专业学位研究生定向培养，允许优秀应届本科毕业生免试攻读职业技术教育硕士。这些政策有助于改善职业教育师资队伍的学历结构，提升教师的整体素质，缩小与普通高中教师学历差距。,
656,产教融合垂类问题,文本,如何理解和构建“产教融合”背景下职业院校产业导师实施机制？其核心要素有哪些？,产教融合背景下，产业导师实施机制的核心在于建立校企之间的紧密合作关系，吸引企业技术和管理人才参与职业教育教学。核心要素包括：明确产业导师的职责和标准，建立健全的选聘、培训、考核和激励机制，以及保障产业导师在学校的教学和实践活动顺利开展的制度环境。,
657,产教融合垂类问题,文本,产教融合型企业在申报国家认证时需要满足哪些核心条件？,根据产教融合型企业建设标准，企业需满足以下核心条件：1）独立或联合举办职业院校或深度参与校企合作；2）承担学生实习实训任务，年接收实习生占企业用工比例不低于10%；3）参与专业建设和课程开发，提供“双师型”教师实践岗位；4）开展现代学徒制或新型学徒制培养；5）企业投入职业教育的经费不低于企业职工工资总额的1.5%。,
658,产教融合垂类问题,文本,高职院校如何构建产教融合评价指标体系来监测融合发展水平？,高职院校产教融合评价指标体系应包含两大子系统：1）高职教育发展系统（权重50%）：涵盖经费投入（生均财政拨款、教学设备值等）、师资投入（生师比、双师素质教师比例等）、企业投入（实践设备值、兼职教师课时量等）和学生就业（本省就业率、月收入等）维度；2）产业发展系统（权重50%）：包括产业规模（GDP、工业增加值等）、产业质量（研发投入占比、技术市场成交额等）、产业效率（劳动生产率、建设用地效率等）和产业可持续（单位GDP能耗等）维度。采用熵值法确定权重，通过耦合协调度模型计算融合发展水平。,
659,产教融合垂类问题,文本,地方政府应采取哪些措施提升区域产教融合发展水平？,地方政府应从四方面推进产教融合：1）政策保障：落实产教融合型企业“金融+财政+土地+信用”组合式激励，将产教融合纳入区域发展规划；2）结构调整：优化专业结构与区域产业匹配度，重点发展现代产业学院和市域产教联合体；3）技术创新：推动企业技术中心与高职院校实验室共建，提升“双师型”教师技术创新能力；4）区域协调：实施东部带动中西部策略，建立跨区域产教融合协作机制，缩小“东高西低”发展差距。,
660,产教融合垂类问题,文本,现代产业学院与传统校企合作模式有哪些本质区别？,现代产业学院具有三大本质特征：1）实体化运作：由校企共建共管，具有独立法人资格或相对独立运行机制，而非临时性项目合作；2）深度融合：企业深度参与人才培养全过程，包括专业设置、课程开发、教学实施和质量评价，实现“课岗赛证”融通；3）利益共享：建立校企共同投入、风险共担、收益共享的长效机制，企业通过技术转化、人才储备获得实质回报，学校通过产教融合提升人才培养质量。,
661,产教融合垂类问题,文本,在高质量发展背景下，职业教育改革如何实现从“谋业”向“人本”的转变？,职业教育实现“人本”转变需采取以下路径：1）功能定位升级：从单纯就业导向转向服务人的全面发展，强化思想政治教育和职业素养培养；2）培养模式创新：推广“1+X”证书制度，将职业技能等级标准融入人才培养方案，实现学历教育与职业培训融合；3）评价体系改革：建立以学生发展为中心的评价机制，关注学生可持续发展能力、创新创业能力和职业适应能力；4）资源供给优化：增加“双师型”教师比例，建设集教学、培训、鉴定、生产于一体的实训基地，为学生提供个性化发展支持。,
662,产教融合垂类问题,文本,储能科学与工程作为新兴交叉学科，在人才培养中面临哪些主要挑战？,储能科学与工程是由动力工程及工程热物理、化学工程与技术、电气工程、材料科学与工程、管理科学与工程等多学科渗透融合形成的交叉学科，其人才培养面临的主要挑战包括：1）学科覆盖面广、知识结构复杂，现有育人体系难以支撑；2）多学科理论体系相对独立，容易导致知识机械叠加；3）储能领域技术人才缺口庞大，已成为制约产业发展的最大软肋；4）高端专业人才严重短缺，现有培养模式难以满足产业快速发展需求。,
663,产教融合垂类问题,文本,产教融合协同育人模式在储能专业人才培养中具有哪些战略意义？,产教融合协同育人模式在储能专业人才培养中的战略意义主要体现在：1）有利于构建完整的储能知识体系，并将知识融入具体实践；2）通过教育链、人才链、创新链、产业链四链融合，推动储能领域核心技术突破；3）为我国实现'双碳'目标培养急需的高层次人才；4）助力实现储能领域高水平科技自立自强和关键核心技术自主可控的战略目标。,
664,产教融合垂类问题,文本,如何构建有效的产教融合协同育人模式？请从校企合作、实习实训基地和企业导师队伍三个方面说明。,构建有效的产教融合协同育人模式需要重点推进三方面工作：1）深化校企合作：以科研合作为基础，探索定向输送毕业生、联合培养、学历提升专项等三种范式，建立稳定深入的校企合作关系；2）共建实习实训基地：聚焦本科生实习实训、研究生专业实践和企业职工技能提升，形成系统的培训体系和课程体系，打造'数据共享、能力共建、人才共培、基地共用'的新局面；3）加强企业导师队伍建设：聘任企业导师参与课程讲授、联合培养模式探索，通过共建实验室等方式让企业导师切实参与人才培养全过程。,
665,产教融合垂类问题,文本,请为高职院校设计一份提升产教融合水平的年度工作重点方案。,高职院校提升产教融合水平的年度工作重点方案应包括：1）深化校企合作机制：与行业龙头企业共建现代产业学院，建立校企联合招生、联合培养、一体化育人的长效机制；2）加强'双师型'教师队伍建设：实施教师企业实践计划，引进行业企业技术骨干担任兼职教师，建立校企人员互聘共用机制；3）共建实践教学基地：与企业共建集教学、实训、科研、社会服务于一体的实习实训基地，开发基于企业真实生产过程的项目化教学资源；4）推进人才培养模式改革：推行'订单班''现代学徒制'等培养模式，将企业技术标准、生产规范等融入课程体系；5）服务产业发展：面向企业员工开展技能培训和继续教育，参与企业技术攻关和产品研发。,
666,产教融合垂类问题,文本,请阐述产教融合中'三协同八融合'人才培养体系的核心内涵及其在应用型高校中的实践意义。,'三协同八融合'人才培养体系是产教融合深度发展的创新模式，其核心内涵包括：1）'三协同'指协同办学、协同育人、协同创新的校企协同机制；2）'八融合'指培养方案、课程体系、教材建设、实践基地、实习实训、师资队伍、运行管理、质量评价八个维度的深度融合。在应用型高校实践中，该体系通过'专微融合'机制（专业教育+微专业集群）破解传统培养周期与技术迭代的时空错配问题，通过'双师型'师资队伍建设和'现代产业学院'平台实现校企资源双向流动，推动教育链与产业链有机衔接，为产业转型升级提供高质量人才支撑。,
667,产教融合垂类问题,文本,分析当前地方应用型高校深化产教融合面临的主要瓶颈，并提出相应的解决策略。,当前地方应用型高校深化产教融合面临三大瓶颈：1）全要素融合与主体协同的'碎片化'，表现为校企合作松散、企业参与度低；2）企业深度融入教育教学的'不确定性'，受制于利益分配机制和企业发展波动；3）技术迭代需求与工程实践能力'缺位'，课程体系滞后于产业变革。解决策略包括：1）构建'三层级'管理模式（校级战略设计、院级平台建设、专业层面创新），完善制度保障；2）推行'专微融合'人才培养模式，通过微专业集群实现快速响应产业需求；3）建立校企'双导师制'和'双师型'教师培训基地，强化工程实践能力培养；4）构建基于OBE理念的全流程质量保障体系，确保产教融合成效。,
668,产教融合垂类问题,文本,如何理解'现代产业学院'在产教融合中的功能定位？请结合政策背景和实践案例说明其建设要点。,'现代产业学院'是产教融合的新型组织形式，功能定位在于：1）构建紧密对接产业链、创新链的学科专业体系；2）实现教学、科研、培训的互动融合；3）形成校企资源共享机制。政策层面，《国家产教融合建设试点实施方案》明确支持建设示范性产业学院。实践要点包括：1）以产业需求为导向，如上海工程技术大学的'城市轨道交通现代产业学院'获评上海市示范；2）采用'引企驻校、引校进企、校企一体'模式共建生产性实训基地；3）实施校企'双主体'管理，共同制定培养方案；4）建立'特区学院'特殊政策，探索人财物自主管理，实现人才培养与产业需求的精准对接。,
669,产教融合垂类问题,文本,请设计一份高职院校推进产教融合的年度工作重点方案，要求涵盖目标、任务和保障措施。,"高职院校产教融合年度工作重点方案：
一、总体目标：构建'校企命运共同体'，实现专业群与产业链深度对接，提升学生就业竞争力。
二、核心任务：1）专业建设：建立专业动态调整机制，对接区域支柱产业改造传统专业；2）课程改革：推行'岗课赛证'融通，开发模块化课程体系；3）实践基地：建设'厂中校、校中厂'生产性实训基地，实现'教学做一体化'；4）师资队伍：实施'双师型'教师培养计划，企业实践不少于60学时/年；5）合作模式：探索'产业学院+学徒制'培养模式，推广'1+X'证书制度。
三、保障措施：1）组织保障：成立产教融合工作领导小组，建立校企联席会议制度；2）制度保障：制定《产教融合项目管理办法》《企业导师聘任标准》；3）经费保障：设立专项经费，按生均标准补贴企业实习岗位；4）质量监控：构建'企业满意度+就业率+技能证书获取率'三维评价指标体系。",
670,产教融合垂类问题,文本,请概述国务院办公厅《关于深化产教融合的若干意见》中关于校企育人主体地位的规定。,《国务院办公厅关于深化产教融合的若干意见》明确提出校企育人“双重主体”的地位，强调学校和企业在人才培养中承担共同责任。意见要求健全高等教育学术人才和应用人才分类培养体系，提高应用型人才培养比重，并促进教育链、人才链与产业链、创新链的有机衔接。,
671,产教融合垂类问题,文本,结合当前高等教育发展趋势，分析行业特色高校深化产教融合对人才培养的必要性。,新时代经济社会发展对应用型人才提出了更高要求，行业特色高校应紧密围绕产业需求，强化实践教学，完善以应用型人才为主的培养体系。深化产教融合能够有效提升人才培养质量，推动高校育人制度改革，为产业发展提供高质量人力资源保障，并实现教育、科技、人才协同联动。,
672,产教融合垂类问题,文本,请详细阐述“双师型”教师队伍建设在产教融合背景下的重要性，并提供一种可行的建设模式。,“双师型”教师队伍是产教融合的关键。他们既要有扎实的理论功底，又要有丰富的实践经验，能够将最新的产业知识融入教学内容。一种可行的建设模式是“一生双师百企千人”模式，即依托高校教师发展中心，推动导师梯队建设与企业人才培养基地建设相结合，实现学生在企业一线增长才干，教师到企业一线提升能力，学校和企业协同开展科技攻关。,
673,产教融合垂类问题,文本,如何理解“产教融合”人才培养评价体系中的“成效性”要求？请提出构建此类评价体系的关键步骤。,“成效性”要求意味着人才培养评价应以培养目标达成情况为导向，关注人才培养的实际效果。构建此类评价体系的关键步骤包括：1) 明确目标导向、需求导向；2) 引入行业协会、领头企业等多元主体参与评价；3) 建立社会需求侧数据、学习成果侧数据获取机制；4) 运用量化分析方法对产教融合人才培养过程和成效进行动态评估。,
674,产教融合垂类问题,文本,国家发展改革委等八部门联合印发的《职业教育产教融合赋能提升行动实施方案（2023—2025 年）》的核心目标是什么？,《职业教育产教融合赋能提升行动实施方案（2023—2025 年）》的核心目标是深入推进职业教育产教融合，通过提升职业教育与产业发展的深度融合度，赋能职业教育高质量发展，为经济社会发展提供更有力的技术技能人才支撑。,
675,产教融合垂类问题,文本,根据《国家产教融合建设试点实施方案》，试点布局的目标产教融合型城市数量是多少？,根据《国家产教融合建设试点实施方案》，通过5年左右的努力，试点布局50个左右产教融合型城市。,
676,产教融合垂类问题,文本,产教融合型企业在试点建设中的核心任务是什么？,产教融合型企业的核心任务是在全国建设培育1万家以上，并建立产教融合型企业制度和组合式激励政策体系，发挥企业主体作用，促进教育和产业资源要素集聚融合。,
677,产教融合垂类问题,文本,如何通过产教融合创新机制推动高等教育改革？,通过健全以企业为重要主导、高校为重要支撑、产业关键核心技术攻关为中心任务的高等教育产教融合创新机制，促进教育链、人才链与产业链、创新链有机衔接。,
678,产教融合垂类问题,文本,试点城市在推进产教融合改革中应重点先行先试哪些方面？,试点城市应重点在完善发展规划和资源布局、推进人才培养改革、降低制度性交易成本、创新重大平台载体建设、探索发展体制机制创新等方面先行先试。,
679,产教融合垂类问题,文本,请为高职院校设计一份提升产教融合水平的年度工作重点方案。,1. 对接区域产业需求，优化专业设置；2. 深化校企合作，共建产教融合实训基地；3. 推进'双师型'教师队伍建设；4. 探索工学交替人才培养模式；5. 参与产教融合型企业评价与激励机制建设。,
680,产教融合垂类问题,文本,《职业教育产教融合赋能提升行动实施方案（2023-2025年）》中，针对产教融合型企业，除了数量目标（1万家）外，在制度建设方面提出了哪些具体要求？,《方案》要求健全完善产教融合型企业制度和组合式激励政策体系，包括“金融+投资+财税+土地+信用”的“五位一体”政策体系，例如引导保险机构开发相关保险产品，提供投资额度支持（高职院校每所不超过8000万元，中职院校每所不超过3000万元），以及允许企业以资本、技术、管理等要素依法参与办学并享有相应权利，保障企业投入能够产生回报。,
681,产教融合垂类问题,文本,在构建产教深度融合发展格局的背景下，如何提升企业参与产教融合的内生动力？请结合《方案》内容，从培养内容和培养方式两个方面阐述。,《方案》提出，通过深化校企合作提升企业参与产教融合的内生动力。在培养内容上，引导企业深度参与专业规划、教材开发、教学设计、课程设置等；在培养方式上，实行校企联合招生、委托培养、订单培养和学徒制培养等方式，有利于行业企业锁定人才。,
682,产教融合垂类问题,文本,针对中小微企业在产教融合中面临的挑战，国家在《方案》中采取了哪些创新举措？,《方案》明确提出创新搭建产教融合平台载体，解决中小微企业开展校企合作能力不足的问题。具体措施包括支持有条件的产业园区和职业院校、普通高校合作举办混合所有制分校或产业学院，打造以产业园区为基础的市域产教融合联合体，将产教融合作为一项园区服务功能，以及支持产业融合新型载体与科研院所开展协同创新。,
683,产教融合垂类问题,文本,《方案》中提到的“1+3+1”工作布局分别代表什么？,"""1+3+1""分别代表“1个效应、3个着力、1个激励”。“1个效应”指接续推进产教融合建设试点，发挥突破和引导带动作用；“3个着力”指围绕职业院校、实训基地和校企合作促使产业需求更好地融入人才培养全过程；“1个激励”指加强政策组合的激励作用，完善落实激励赋能政策体系。",
684,产教融合垂类问题,文本,如何理解《方案》中提出的“产业需求更好融入人才培养全过程”？说明具体操作方向。,《方案》强调产业需求融入人才培养全过程，具体操作方向包括：深化校企合作，引导企业深度参与专业规划、教材开发、教学设计、课程设置等；实行校企联合招生、委托培养、订单培养和学徒制培养等方式；优化实训基地建设，优先考虑重点产业领域，开辟审批绿色通道；以及通过“1+3+1”的工作布局，确保人才培养与产业发展紧密结合。,
685,产教融合垂类问题,文本,国家产教融合建设试点旨在解决什么核心问题？请结合文件内容阐述其战略意义。,国家产教融合建设试点旨在解决教育链、人才链与产业链、创新链脱节的问题。其战略意义在于通过深化产教融合，促进教育优先发展、人才引领发展、产业创新发展、经济高质量发展相互贯通、相互协同、相互促进，是推动经济社会高质量发展的战略性举措。,
686,产教融合垂类问题,文本,根据该文件，国家产教融合建设试点需要重点关注哪些任务？,国家产教融合建设试点需要重点关注以下任务：完善发展规划和资源布局、推进人才培养改革、降低制度性交易成本、创新重大平台载体建设、探索体制机制创新。试点城市要紧密围绕产教融合制度和模式创新，统筹开展试点，落实支持政策，加强组织实施。,
687,产教融合垂类问题,文本,省级政府和试点城市在推荐试点城市时，需要提交哪些材料？提交时间是什么时候？,省级政府和试点城市在推荐试点城市时，需要提交以下材料：试点城市名单（省级政府推荐一个试点城市，直辖市推荐一个市辖区或国家级新区作为试点核心区，计划单列市整体纳入试点）、试点城市建设方案、改革问题清单、政策清单。提交时间为2019年11月20日前，报国家发展改革委、教育部。,
688,产教融合垂类问题,文本,文件鼓励各地在国家产教融合型城市建设试点工作之外，同步开展哪些工作？其目的是什么？,文件鼓励各地按《实施方案》要求，自行同步开展省域内试点城市建设培育工作，并认真做好省域内开展产教融合型行业、企业试点工作的组织实施和协调推进。目的是为了统筹做好第一、二批国家产教融合型城市建设试点工作衔接，尽快将改革向全国推开。,
689,产教融合垂类问题,文本,国家产教融合建设试点强调了哪些主体在产教融合中的作用？,国家产教融合建设试点强调了城市承载作用、行业聚合作用和企业主体作用。省级政府和试点城市要充分发挥这些作用，统筹开展试点，落实支持政策，加强组织实施。,
690,产教融合垂类问题,文本,根据《教育强国建设规划纲要(2024—2035年)》，如何构建中国特色的职业教育体系以支撑高水平科技自立自强？,"根据《教育强国建设规划纲要(2024—2035年)》，构建中国特色职业教育体系以支撑高水平科技自立自强主要体现在以下几个方面：
1. **塑造多元办学、产教融合新形态**：深入推进省域现代职业教育体系新模式试点，落实地方政府统筹发展职业教育主体责任。建强市域产教联合体、行业产教融合共同体，优化与区域发展相协调、与产业布局相衔接的职业教育布局。
2. **提升职业学校关键办学能力**：优化实施高水平高等职业学校和专业建设计划，建设一批办学特色鲜明的高水平职业本科学校。加快推动职业学校办学条件全面达标。实施职业教育教学关键要素改革，系统推进专业、课程、教材、教师、实习实训改革，建设集实践教学、真实生产、技术服务功能于一体的实习实训基地。
3. **优化技能人才成长政策环境**：加大产业、财政、金融、就业等政策支持，新增教育经费加大对职业教育支持。积极推动职业学校毕业生在落户、就业、参加招录（聘）、职称评聘、晋升等方面与普通学校毕业生享受同等待遇。落实“新八级工”制度，提高生产服务一线技能人才工资水平。
4. **深化产教融合与科教融汇**：鼓励企业举办或参与举办职业教育，推动校企在办学、育人、就业等方面深度合作。健全德技并修、工学结合育人机制，在产业一线培养更多大国工匠。通过高等研究院开辟振兴区域发展新赛道，促进高水平高校、优势学科与重点行业和头部企业强强联合，构建人才培养、科学研究和技术转移为一体的产教融合科教融汇新样本。",
691,产教融合垂类问题,文本,产教融合'四轮驱动'体系包含哪些核心单元？请简要说明各单元的功能定位。,产教融合'四轮驱动'体系包含四个核心单元：1）政策系统驱动单元：处于第一层级，负责宏观战略引导、制度部署和条件保障，对其他单元发挥引导作用；2）产业协同驱动单元：基于产业视角完善校企合作制度，重点解决'校热企冷'问题，推动教育链与产业链融合；3）数字技术驱动单元：利用虚拟仿真、数字孪生等技术创新产教融合载体，促进教学与产业实践深度融合；4）市域主体驱动单元：贯穿其他单元，通过政府、院校、企业等多主体联动发挥支撑、服务和连接功能，形成共建共管共享的产教融合新模式。,
692,产教融合垂类问题,文本,职业院校如何构建'1+4'全方位协作机制来深化产教融合？请具体说明实施要点。,职业院校构建'1+4'全方位协作机制需以产业需求为出发点，从四个维度实施：1）组织体系重构：支持跨协会、跨联盟、跨区域的产教融合组织创新，引导更多行业企业深度参与；2）内容体系重塑：以实践为导向，推动企业深度参与专业规划、教材开发、教学设计，实现教育教学内容与生产实际融合；3）方法体系重建：在企业技术类专业全面推行现代学徒制和企业新型学徒制，建立校企联合培养机制；4）模式创新：建立集人才培养、团队建设、大师培育于一体的发展模式，纵深推进产业链和人才链深度融合，助力区域产业高质量发展。,
693,产教融合垂类问题,文本,在推进产教融合过程中，数字技术能发挥哪些关键作用？请结合具体应用场景说明。,数字技术在产教融合中发挥三方面关键作用：1）创新教学载体：通过虚拟仿真平台构建3D课程资源，利用VR设备创设真实生产场景，如国家智慧教育平台已上线1173个专业教学资源库和6700余门在线精品课，实现沉浸式实训；2）打破时空限制：数字孪生技术重构知识图谱，支持泛在化学习，如职业院校通过远程协作平台实现东西部院校联合培养；3）赋能资源整合：搭建人才供需信息平台和共性技术服务平台，如武汉市通过'物联网专业+龙头企业+产教融合企业+N个中小企业'的校企合作模式，精准对接产业需求，解决人才供需结构性矛盾。,
694,产教融合垂类问题,文本,地方政府如何通过'1+31'阶梯型顶层设计推动产教融合政策落地？请说明具体实施路径。,地方政府实施'1+31'阶梯型顶层设计需分两个层面推进：1）中央政府'1'核心设计：立足中国式现代化宏观视角，系统谋划产教融合管理机制、信息交流、利益分配等，通过立法健全制度保障，完善实施条例细则，破除'两张皮'痼疾；2）省级政府'31'补充设计：协调发改委、教育厅等多部门，出台符合区域特色的产教融合指导文件，动态调整'金融+财政+土地+信用'组合式激励政策。例如，截至2022年6月全国已认定21个国家产教融合试点城市，校企共建实训基地2.49万个，年均增幅8.6%，形成政策落地实践样本。,
695,产教融合垂类问题,文本,在产教融合评价指标体系中，投入变量主要包含哪些维度？,"投入变量主要包含以下五个维度：
1. 体制机制：如牵头组建职教集团数量、混合所有制办学经费、企业年报发布数量。
2. 专业建设：如匹配本区域支柱和紧缺产业的专业占比、实施企业新型学徒制等培养方式专业比例、省级及以上现代学徒制项目数量。
3. 课程建设：如专业（技能）课程中校企合作开发课程所占比例、校企合作开发教材比例。
4. 实训基地建设：如企业提供的校内实践教学设备值（生均）、合作企业中建立校外实训基地的企业占比、校外实践基地中校企共建共享生产性实训基地占比。
5. ""双师""队伍建设：如""双师""素质专任教师比例、行业导师占折合教师数的比例、校内专任教师中本学年具有行业或企业一线工作经历的比例。",
696,产教融合垂类问题,文本,基于《2023中国职业教育质量年度报告》的数据分析，我国高职教育产教融合质量呈现怎样的区域分布特征？,"数据显示，我国高职教育产教融合质量分布不均衡，东部地区明显优于中部和西部地区。具体表现为：
1. 东部地区在产教融合指数的投入、产出和综合得分方面均居全国前列，浙江、江苏等省份表现突出。
2. 中部和西部地区产教融合质量相对较低，提升空间较大。
3. 从企业参与程度看，东部地区在企业提供的实践教学设备、校企合作开发教材比例等指标上优势明显；中部地区在实施企业新型学徒制等培养方式上表现较好；西部地区在毕业生留校就业比例和横向技术服务到款额等指标上略有优势。
4. 东部地区在混合所有制办学经费和生均实践教学设备值等投入指标上大幅领先，而中部和西部地区在这些方面亟需加大投入。",
697,产教融合垂类问题,文本,在构建产教融合质量评价指标体系时，研究者是如何确定指标权重的？,"研究者采用层次分析法（AHP）来确定各指标的权重。具体步骤如下：
1. 首先对指标进行归一化处理，消除量纲对数据分析的影响。
2. 对部分指标（如牵头组建职教集团数量等）进行分档赋分。
3. 构建三个层次的评价指标体系（一级指标、二级指标、三级指标）。
4. 根据萨蒂的9级计分法对不同评价指标的重要性进行两两比较，构建判断矩阵。
5. 对判断矩阵的每一列进行归一化，分别计算一级指标、二级指标、三级指标的权值。
6. 进行一致性检验，确保评价结果的科学性和有效性。",
698,产教融合垂类问题,文本,产教融合质量评价指标体系中的产出变量主要包含哪些内容？,"产出变量主要包含以下两个方面的内容：
1. 育人成效：包括专业平均接受企业订单学生数、本学年接受合作企业设立奖学金总值、对口实习学生比例、直接就业的应届毕业生中专业对口就业比例、应届毕业生在校企合作单位就业比例、用人单位满意度、毕业三年内毕业生满意度。
2. 服务企业成效：包括为合作企业提供技术服务合同年收入、与合作企业联合申报科技成果数量、横向技术服务到款额、横向技术服务产生的经济效益、是否在省市级媒体或央媒宣传合作企业优秀案例。",
699,产教融合垂类问题,文本,如何通过产教融合评价指标体系提升高职教育对产业发展的服务能力？,"通过产教融合评价指标体系，可以从以下方面提升高职教育对产业发展的服务能力：
1. 强化体制机制创新，推动多元主体协同，如通过混合所有制办学模式和企业新型学徒制等，激发企业参与办学的动力。
2. 优化资源配置，加强专业与产业、岗位的对接，建设生产性实训基地，提升“双师”队伍素质。
3. 注重育人成效，提高毕业生专业对口就业比例和用人单位满意度，增强人才供给与产业需求的匹配度。
4. 深化技术服务，通过横向技术服务和联合申报科技成果，直接为企业提供经济价值和技术支持，推动科教融汇。
5. 统筹区域发展，针对中西部地区薄弱环节，加大政策支持和资源投入，缩小区域差距，实现全国范围内的高质量发展。",
700,产教融合垂类问题,文本,请解释现代产业学院在产教融合中的作用，并结合案例说明其运作模式。,现代产业学院是产教融合的重要载体，旨在以区域产业经济为纽带，以龙头企业人才需求为导向，建立校企双主导、共建共管共享的教育模式。其作用在于打破传统教育与产业需求的脱节，实现人才培养与产业发展的高度协同。运作模式通常包括：一是校企共建课程体系，确保教学内容紧贴产业前沿；二是共聘师资，引入企业工程师担任兼职教师，实现“双师型”教学；三是共建实训基地，提供真实的生产环境供学生实践；四是共研发项目，鼓励学生参与企业技术攻关。例如，浙江经济职业技术学院与物产中大集团创办的物流产业学院，探索了“嵌入式产业学院”和“股份制产业学院”模式，通过股份制改革明确权责利，提升了学院的市场活力和可持续发展能力。,
701,产教融合垂类问题,文本,如何理解“三教”改革在提升职业教育人才培养质量中的作用？请结合案例说明。,“三教”改革，即课程改革、教材改革和教学方法改革，是提升职业教育人才培养质量的关键。课程改革强调以岗位需求为导向，构建模块化、项目化的课程体系；教材改革强调校企合作开发教材，确保内容贴近产业实际；教学方法改革强调实践教学的重要性，推行工学结合、项目教学、案例教学等。例如，深圳信息职业技术学院围绕深圳集成电路产业需求，产教科融合互促，校企合作开发项目化课程资源，对标岗位技能打造教学团队，以赛促学促教，提升了人才培养质量。,
702,产教融合垂类问题,文本,在推进产教融合过程中，如何平衡企业与院校的利益关系？请提出至少三种政策建议。,平衡企业与院校的利益关系是产教融合的关键挑战。政策建议如下：一是建立利益共享机制，通过政府补贴、税收优惠等方式，降低企业参与产教融合的成本，并确保企业在人才培养成果中获得合理回报；二是完善产权制度，明确校企合作中知识产权、成果转化等方面的权益分配，避免纠纷；三是建立风险分担机制，对于产教融合项目可能存在的风险，政府、学校和企业共同承担，降低企业参与的风险。此外，还应加强政策宣传，引导企业认识到参与产教融合的长期价值，而非仅仅关注短期经济效益。,
703,产教融合垂类问题,文本,请分析企业牵头推进产教融合的优势与挑战，并提出相应的应对策略。,企业牵头推进产教融合的优势在于其对产业需求有着最直接的了解，能够精准对接人才培养与产业发展。同时，企业拥有资金、技术和管理经验，能够为产教融合提供有力支持。然而，企业也面临着教育理念与学校差异、人才培养周期与企业需求不匹配等挑战。应对策略包括：一是加强与院校的沟通与合作，建立长期稳定的合作关系；二是建立灵活的人才培养机制，缩短培养周期，提高人才培养效率；三是积极参与课程开发和教材编写，确保教学内容与产业需求紧密结合；四是建立完善的质量评价体系，对人才培养效果进行评估和改进。,
704,产教融合垂类问题,文本,如何利用现代信息技术推动产教融合的数智化发展？请列举至少三种应用场景。,现代信息技术是推动产教融合数智化发展的重要引擎。应用场景包括：一是构建“云端”实训基地，利用虚拟现实（VR）、增强现实（AR）等技术，为学生提供沉浸式的实训体验，突破时间和空间的限制；二是建立人才培养大数据平台，通过对学生学习行为、技能掌握情况等数据的分析，实现个性化学习和精准教学；三是搭建校企协同创新平台，利用云计算、人工智能等技术，促进校企在技术研发、产品创新等方面的合作，实现资源共享和协同发展。此外，还可以利用在线教育平台，实现远程教学和培训，扩大产教融合的覆盖面。,
705,产教融合垂类问题,文本,国家产教融合试点城市在推动职业教育发展方面有哪些关键政策支持？,国家产教融合试点城市获得政策支持包括：制定专门的产教融合城市试点方案，明确产教融合发展空间布局；培育产教融合型企业，给予政策倾斜；支持职业院校建设高水平专业群和实训基地；推动校企共建特色专业学院和示范学院；建立产教融合协调工作机制，如产教融合行业协会和职业教育联席会等。以广州为例，通过'一轴三区多支点'布局，打造北部、中部、南部三个产教融合集聚区，并培育了南方电网、南方航空等国家级产教融合型企业。,
706,产教融合垂类问题,文本,职业院校如何通过'四个优化'策略提升专业与产业的匹配度？,职业院校可通过'四个优化'提升专业与产业匹配度：一是优化发展定位，以行业企业需求为导向；二是优化专业结构，根据产业急需增设新兴专业、撤并滞后专业，如广州近三年增设新能源汽车、人工智能等118个专业，撤并112个传统专业；三是优化空间布局，通过职教园区建设实现集群化发展，如广州科教城形成三大专业组团；四是优化合作机制，建立'政校行企'协同育人体系，包括共同制定人才培养方案、共建实训基地、实施'订单班'培养等模式。,
707,产教融合垂类问题,文本,产教融合型企业如何深度参与职业教育人才培养过程？,产教融合型企业可通过以下方式深度参与人才培养：1)共建师资队伍，选派技术骨干担任'双师型'教师；2)共同制定人才培养方案和课程标准；3)共建实训基地和产业学院，如广州校企共建22个特色专业学院；4)实施'订单班'培养，从入学起按企业标准培养学生；5)参与教学评价和教材开发；6)提供实习岗位和就业渠道。以广汽等企业为例，与广州市交通运输职业学校合作48个深度项目，构建'校企合作命运共同体'，实现精准育人。,
708,产教融合垂类问题,文本,职业教育国际化发展有哪些有效路径？,职业教育国际化发展路径包括：1)响应'一带一路'倡议，开展境外技术培训，如广州铁路职业技术学院为非洲培训4684名铁路技术人员；2)建立海外分院和培训中心，如广州番禺职业技术学院在巴基斯坦设立珠宝学院；3)输出专业教学标准，广州共输出177个专业标准；4)开展中外合作办学项目，广州实施10个中外合作项目；5)建立国际工作站，如广州市旅游商务职业学校在葡萄牙设立粤菜师傅工作站；6)依托区域合作战略，推进穗港澳职业教育合作，共建培训学校和实训基地。,
709,产教融合垂类问题,文本,如何构建可持续的产教融合长效机制？,构建可持续产教融合长效机制需：1)完善政策体系，如广州制定《产教融合城市试点方案》明确'一轴三区多支点'布局；2)建立协调机构，成立产教融合行业协会，形成'政府搭台、院校参与、企业推进'工作机制；3)培育产教融合型企业，广州有526家企业纳入省级储备库；4)创新治理模式，如广州铁路职业技术学院探索理事会治理改革；5)深化利益联结，通过技术服务、技能培训等实现校企共赢，广州近三年开展技术服务394项，培训14.76万人次；6)建立评价激励机制，评选产教融合实训基地和示范学院，广州已评选63家实训基地。,
710,产教融合垂类问题,文本,当前数字经济发展背景下，产教融合型企业应具备哪些核心特征？,产教融合型企业需具备三大核心特征：一是深度参与人才培养全过程，包括参与课程设计、能力指标构建及教学实施；二是具备产业资源转化能力，能将企业真实项目、技术方案、生产场景转化为教学资源；三是建立校企协同机制，通过双导师制、案例教学等方式实现产业需求与教育供给的精准对接。根据《中国数字经济发展研究报告（2024）》，这类企业能有效缓解数字人才缺口，特别是‘人工智能+产业’等复合型人才的培养。,
711,产教融合垂类问题,文本,如何构建基于OBE理念的多维度产教融合质量评价体系？,构建OBE导向的产教融合质量评价体系需分三步实施：首先建立课程与能力映射矩阵，明确产业需求指标与课程体系的关联权重；其次设计分层评价机制，内部评价包括学生成绩达成度、同行专家评估，外部评价涵盖用人单位满意度、毕业生职业发展跟踪；最后实施数据驱动改进，通过教务云平台动态采集课程数据，结合行业反馈持续优化培养方案。该体系需确保评价主体多元化、数据来源多维化、改进措施精准化。,
712,产教融合垂类问题,文本,现代产业学院在推进课程资源数智化建设时应采取哪些关键措施？,现代产业学院推进课程资源数智化需采取四项关键措施：一是构建基于知识图谱的课程资源库，整合课件、企业案例、实训工具等多元资源；二是开发智能教学助手，利用大模型技术实现智能答疑、学习路径规划、试题自动生成等功能；三是建立校企资源协同机制，将产业技术方案、生产场景等实时转化为教学资源；四是实施分层分类支持，针对普通班、卓越班等不同层次学生提供个性化学习服务。这些措施能显著提升教学资源适配性和自主学习体验。,
713,产教融合垂类问题,文本,高职院校如何设计跨学科产教融合课程体系以适应产业数字化转型？,高职院校设计跨学科产教融合课程体系应遵循‘三模块一矩阵’框架：模块化课程体系包括专业基础模块（如程序设计、数据结构）、高阶技术模块（如人工智能、区块链）、跨专业融合模块（如‘AI+交通’‘智能+制造’）；能力映射矩阵需明确产业岗位能力指标与课程知识点的对应关系；实施路径上采用双导师协同、企业案例教学、科创中心实践三位一体模式。该体系能有效解决学科交叉薄弱、实践脱节等问题，提升学生解决复杂工程问题的能力。,
714,产教融合垂类问题,文本,产教融合背景下，‘双师型’教师队伍建设的关键路径是什么？,建设‘双师型’教师队伍需通过三路径协同推进：一是校企双向流动机制，选派教师到企业实践锻炼，同时引进产业导师参与教学；二是能力提升工程，组织教师参与产业技术培训、工程案例开发，掌握前沿技术应用能力；三是激励保障体系，建立双师资格认证标准，在职称评定、绩效考核中向产教融合成果倾斜。根据《产业数字人才研究与发展报告（2023）》，这种队伍结构能有效缩短人才培养与产业需求的适配周期。,
715,产教融合垂类问题,文本,产教融合中企业参与的主要驱动力是什么？如何通过产教融合机制有效激发企业创新？,企业参与产教融合的主要驱动力是创新，这是校企需求匹配中最核心且最具挑战性的环节。有效激发企业创新的途径包括：1）建立以应用型为导向的创新机制，满足企业应用型创新需求；2）构建协同创新、持续创新和保障创新的三维互动机制；3）秉持价值共创理念，确保企业在合作中的主体地位和资本价值。通过场域理论视角，产教融合需要实现产业场域与职业教育场域的深度融合，使企业能根据场域背景规律实施创新行动。,
716,产教融合垂类问题,文本,产教融合赋能企业创新的三维互动机制具体包含哪些内容？如何保障这些机制的有效运行？,产教融合赋能企业创新的三维互动机制包括：1）协同创新机制：校企共同推进科研项目，整合优势资源降低研发不确定性；2）持续创新机制：建立长期合作关系，支持企业在现有基础上渐进式突破；3）保障创新机制：通过政府、产业协会等多方主体提供财政、政策等风险保障措施。保障机制有效运行的关键在于：确立企业平等主体地位，彰显创新行动资本价值，并建立'企业先赢'的价值分配原则，确保企业能从合作中获得实际经济价值、教育价值和社会价值。,
717,产教融合垂类问题,文本,现代产业学院建设中应如何体现产教融合的价值共创理念？请从创新原则、载体和形式三方面说明。,现代产业学院建设中体现价值共创理念需把握三个维度：1）创新原则：树立'利他性'原则，优先保障企业创新利益，建立合作共赢的长效机制；2）创新载体：构建'双师型'教学团队，整合高职院校科研力量与企业实践资源，形成混合式创新载体；3）创新形式：通过科研项目实现成果转化与价值转化双重目标，既产生经济效益又提升教育价值。产业学院作为产教融合型组织，需充分发挥场域融合优势，使校企双方在应用型创新中实现资本价值最大化。,
718,产教融合垂类问题,文本,产教融合型企业参与职业教育的主要困境是什么？如何通过政策设计激发企业参与动力？,产教融合型企业参与的主要困境包括：1）创新行动中企业投入资本远高于院校，但收益存在不确定性；2）现有机制中企业主体地位不突出，存在'校热企冷'现象；3）科研项目成果转化率低，价值实现周期长。政策设计应从三方面激发动力：1）建立产教融合型企业认证制度，给予税收减免、财政补贴等实质性激励；2）完善应用型创新评价体系，将横向课题、成果转化等纳入院校考核指标；3）构建多元保障机制，通过政府购买服务、风险补偿基金等方式降低企业创新风险，形成'创新投入-价值回报'的良性循环。,
719,产教融合垂类问题,文本,我国产教融合共同体建设经历了哪几个阶段的形态演进？各阶段的主要特征是什么？,"我国产教融合共同体建设经历了三个阶段的形态演进：
1. 初级阶段（项目合作式共同体）：
   - 合作主体较少，局限于少数企业、院校和政府
   - 合作关系松散，通常因具体项目临时组建
   - 目标明确但领域狭窄，主要围绕特定项目展开
   - 缺乏规范化运行和管理机制，协同效应较低
2. 当前阶段（校企联盟式共同体）：
   - 具有稳定的合作关系和长期互信机制
   - 实现资源共享与互补，形成合作共赢局面
   - 推动产学研深度融合，促进人才培养与产业需求结合
   - 形成共同目标与共享价值，提升成员影响力
3. 未来阶段（生态圈型共同体）：
   - 多主体参与，形成广泛多样化的合作网络
   - 覆盖大区域、宽领域，具有更大创新潜力
   - 依赖信息平台支撑，实现多元主体实时互动
   - 形成教育链、人才链与产业链、创新链有机衔接的生态链
   - 注重长期可持续发展，建立利益平衡机制",
720,产教融合垂类问题,文本,当前产教融合共同体建设面临哪些现实困境？应如何优化路径？,"当前产教融合共同体建设面临的主要现实困境包括：
1. 内部职责不清晰，管理不完善，治理结构不健全
2. 利益共赢机制难以实现，合作模式单一
3. 跨区域政策和资源整合难度大
4. 政府行政推动为主，市场化运作不足
5. 产教'条块分割'壁垒依然存在，'合而不深'问题突出
6. 企业参与校企融合的活力不足
优化路径建议：
1. 加强政策供给和财政支持：
   - 完善政策法律体系，明晰多元主体办学职责
   - 制定操作层面具体规定，细化实施步骤和标准
   - 加强跨区域政策配套和协同
   - 加大财政支持力度，设立专项资金，拓展资金渠道
2. 鼓励和引导组织变革：
   - 推动职业院校战略目标、组织架构等全面调整
   - 形成恰适的产教融合共同体组织形态
   - 为企业参与人才培养全过程提供保障
3. 建立高效信息交流平台和沟通协调机制：
   - 构建跨区域信息平台，促进经验分享和资源互补
   - 打造教育和产业信息交互平台，打破信息壁垒
   - 建立专班工作机制，开展行业调研
4. 推进实体化运行和市场化运作：
   - 鼓励创新合作实体，突破产权制度障碍
   - 建立市场化运行机制，引入市场化方式
   - 加强市场导向的校企合作项目培育",
721,产教融合垂类问题,文本,如何设计一个高效的产教融合共同体组织架构？需要考虑哪些关键要素？,"设计高效的产教融合共同体组织架构需要考虑以下关键要素：
1. 组织形态选择：
   - 根据融合阶段和实际需求选择恰当形态
   - 初级阶段可采用项目合作式，当前阶段适合校企联盟式
   - 未来发展方向是生态圈型共同体
2. 治理结构设计：
   - 设立理事会或董事会作为决策机构
   - 组建专门工作组或委员会推动具体项目
   - 建立权责对等的管理机制
3. 多元主体参与：
   - 纳入政府、行业、企业、学校、科研机构等多元主体
   - 明确各主体角色和责任分工
   - 建立平等合作和互惠共赢原则
4. 运行机制建设：
   - 建立稳定的合作机制和长期合作规划
   - 制定资源共享与互补的具体规则
   - 设计利益分配和风险共担机制
5. 支撑系统构建：
   - 搭建信息交流平台，促进资源流动
   - 建立绩效评价体系，监测运行效果
   - 设立专家智库提供专业指导
6. 可持续发展保障：
   - 注重各方利益平衡
   - 建立自主调适的合作机制
   - 通过共同目标和价值观维系长期稳定合作",
722,产教融合垂类问题,文本,请解释现代产业学院在产教融合体系中的定位和作用，并阐述其与传统高等院校的区别。,现代产业学院是高职院校深化产教融合的重要载体，是院校、企业、产业园区等合作共建的创新型人才培养机构。其定位是紧密围绕产业发展需求，提供定制化、专业化的人才培养方案，实现人才、技术、项目、资本等要素的深度融合。与传统高等院校不同，现代产业学院更加注重实践教学、校企协同育人、产学研合作，以及人才培养与产业升级的紧密结合，旨在培养具有创新创业能力和产业应用能力的“产业技术人才”。,
723,产教融合垂类问题,文本,如何评估产教融合政策的有效性？请列出至少三个关键评估指标，并说明其评估方法。,"评估产教融合政策的有效性需要多维度考量。三个关键指标包括：
1. **学生就业质量**: 评估指标包括毕业生的就业率、就业岗位的技术含量、薪资水平以及职业发展前景。评估方法：毕业生跟踪调查、企业反馈、行业数据分析。
2. **企业参与度**: 评估指标包括企业在课程开发、实习实践、师资培训等方面的参与程度和投入资源。评估方法：企业参与项目数量、企业投入资金额、企业对人才培养的满意度调查。
3. **人才培养与产业需求匹配度**: 评估指标包括人才培养方案与产业发展规划的契合度、毕业生技能与企业用工需求的匹配度。评估方法：行业专家评估、企业用人需求调查、课程内容评估。",
724,产教融合垂类问题,文本,请设计一份高职院校提升“双师型”教师队伍建设水平的实施方案，包括目标、措施和预期效果。,"**目标**: 在未来三年内，高职院校“双师型”教师比例提升至60%以上，教师的实践经验和教学能力显著增强，满足产业发展对高素质技术技能人才培养的需求。
**措施**: 
1. **企业实践锻炼**: 鼓励和支持教师到企业进行实践锻炼，参与企业项目，了解产业发展动态。
2. **校企联合培训**: 组织教师与企业专家共同开展培训，提升教师的实践技能和教学水平。
3. **职称评定改革**: 在职称评定中，将教师的实践经验和企业项目成果作为重要参考依据。
4. **引进企业技术专家**: 聘请企业技术专家担任兼职教师，分享实践经验，提升教学质量。
5. **建立激励机制**: 对积极参与企业实践锻炼、承担企业项目、提升实践技能的教师给予奖励。
**预期效果**: 教师的实践经验显著增强，教学内容更加贴近产业需求，人才培养质量得到提升，毕业生就业竞争力增强。",
725,产教融合垂类问题,文本,在产教融合背景下，如何构建有效的职业教育产学研合作机制？请从合作模式、知识产权处理和成果转化三个方面进行阐述。,"构建有效的职业教育产学研合作机制需要系统设计：
1. **合作模式**: 建立多元化的合作模式，包括：
   - **订单培养**: 企业提出人才培养需求，学校根据需求制定培养方案，企业提供实践基地和项目支持。
   - **产学研合作实验室**: 院校与企业共同建设实验室，开展技术研发和人才培养。
   - **技术创新中心**: 院校与企业共同设立技术创新中心，推动技术成果转化和产业升级。
2. **知识产权处理**: 明确知识产权归属和收益分配原则，建立健全知识产权保护机制。通常采用“产学研合作，共同拥有”的原则，收益按照贡献比例进行分配。
3. **成果转化**: 建立成果转化平台，推动科技成果向现实生产力转化。可以采取技术转让、技术咨询、合作开发等方式，实现成果的商业化应用。同时，建立成果转化激励机制，鼓励科研人员积极参与成果转化。",
726,产教融合垂类问题,文本,请分析当前职业教育面临的产教融合挑战，并提出相应的对策建议。,"当前职业教育面临的产教融合挑战主要包括：
1. **信息不对称**: 院校与企业之间信息沟通不畅，难以准确了解对方的需求。
2. **利益冲突**: 院校和企业在人才培养目标、培养模式等方面存在利益差异。
3. **体制机制障碍**: 院校和企业在管理体制、运行机制等方面存在差异，影响合作效率。
4. **师资队伍建设滞后**: 教师实践经验不足，难以满足产业发展对人才培养的需求。
对策建议：
1. **搭建信息共享平台**: 建立产教融合信息共享平台，促进院校与企业之间的信息交流。
2. **构建利益共同体**: 建立利益共享机制，鼓励院校和企业共同参与人才培养和技术创新。
3. **深化体制机制改革**: 破除体制机制障碍，建立灵活高效的合作模式。
4. **加强师资队伍建设**: 鼓励教师到企业实践锻炼，提升实践技能和教学水平。",
727,产教融合垂类问题,文本,请阐述产教融合的本质内涵及其在职业教育中的核心作用。,产教融合的本质是不同类型知识的相互融合、技术技能的跨界积累与创新，主线是‘人才链—价值链—创新链’的融合。其核心作用在于通过产教协同规划、校企共担育人责任、人才育用衔接等方式，实现教育链与产业链的有机衔接，是职业教育培养高质量技术技能人才的必由路径，也是服务新质生产力形成的关键举措。,
728,产教融合垂类问题,文本,如何理解产教融合中技术技能形成的五个重要特征？请结合职业教育实践说明。,技术技能形成的五个特征包括：1. 整合性：各类知识相互依存与整合，需构建结构化知识体系；2. 情境性：强调‘在哪里用就在哪里学’，依赖职业场景学习；3. 实践性：‘用什么学什么’，通过实操内化技能；4. 动态性：技能需在师徒共同体中‘边做边学’；5. 弱迁移性：技能高度依赖特定情境，需长期浸润式培养。职业教育应通过工学交替、现代产业学院等模式强化这些特征。,
729,产教融合垂类问题,文本,设计一份高职院校推进产教融合的年度工作方案，需包含关键举措和保障机制。,"年度工作方案：
1. 深化校企协同育人：建立‘双师型’教师企业实践基地，推行校企联合招生、共同培养的订单班模式；
2. 建设产业学院：对接区域主导产业，组建‘专业集群—产业集群’双集群平台；
3. 推进课程改革：开发基于工作过程的模块化课程，引入企业真实项目；
4. 完善治理机制：成立产教融合理事会，明确企业参与办学的权责；
5. 保障措施：设立专项经费，建立产教融合型企业认证激励制度，优化教师评价体系。",
730,产教融合垂类问题,文本,分析产教融合型企业认定政策对职业教育校企合作的意义。,产教融合型企业认定政策通过制度设计强化企业育人主体地位，其意义在于：1. 激励企业深度参与人才培养，如提供实训岗位、共建课程；2. 推动校企资源双向流动，实现‘校中厂’‘厂中校’实体化运作；3. 促进职业教育与产业需求精准对接，破解‘两张皮’问题；4. 为企业提供税收优惠等政策支持，形成‘育人—兴产’良性循环，是产教融合从‘形式合作’走向‘实质融合’的关键抓手。,
731,产教融合垂类问题,文本,如何理解产教融合中的教育相对性原则？在实践中有哪些注意事项？,教育相对性原则强调校企合作中需保持教育的独立性，企业资源需经教育化改造，工作任务需经教学化转化。实践注意事项包括：1. 避免简单用企业生产流程替代教学计划；2. 校企合作项目需符合学习者认知规律，如设计渐进式任务；3. 建立企业导师与教师协同备课机制；4. 开发适合教学的企业案例库；5. 通过学分银行等制度实现工作经历与学习成果的互认。,
732,产教融合垂类问题,文本,根据国家政策，如何理解产业教师在深化产教融合中的角色定位？,产业教师是深化产教融合的关键力量，其角色定位超越了传统兼职教师，是企业技术和管理人才到学校任教的重要载体。国家层面鼓励并支持企业人员到学校任教，通过特设岗位计划等方式，旨在将产业实践经验直接融入人才培养过程，打破人才培养供给侧与产业需求侧之间的失衡。产业教师的角色不仅限于教学，还包括合作研究、参与项目等，是实现科教融汇的重要桥梁。,
733,产教融合垂类问题,文本,在现代产业学院建设中，如何有效保障产业教师的权益，解决其法律地位不明的问题？,解决产业教师法律地位不明的问题，需从完善教师资格认定机制入手。可探索“先上岗，再考证”的预认定方式，或在《教师法》修订中明确职业教育教师的例外规定。同时，建立完善的权利救济体系，赋予产业教师申诉权，并完善校内申诉、行政复议、司法救济等多元化解机制。借鉴“旋转门”机制，明确产业教师在不同工作场域的权利保障，避免因身份特殊而无法获得应有权益。,
734,产教融合垂类问题,文本,请设计一个高职院校提升产教融合水平的年度工作重点方案，包含具体措施。,"高职院校提升产教融合水平的年度工作重点方案：
1. **师资队伍建设：** 扩大产业教师队伍规模，通过特设岗位计划引进企业技术专家，并建立长聘机制，提升其稳定性。同时，加强对产业教师的培训，提升其教学能力。
2. **课程体系改革：** 联合企业共建“订单式”课程，将产业需求融入课程标准，确保人才培养与产业发展同步。
3. **校企合作平台建设：** 建立现代产业学院，深化与企业的合作，实现资源共享、优势互补。
4. **实践教学基地建设：** 拓展校外实践教学基地，确保学生有充分的实践机会，提升其职业技能。
5. **评价体系完善：** 建立以就业为导向的评价体系，将产教融合成果纳入学校整体绩效考核。",
735,产教融合垂类问题,文本,在产业教师职称评定方面，与传统教师职称评定相比，有哪些需要特别关注的差异和创新点？,产业教师职称评定需突破传统以论文、学历为导向的评价体系。应更加注重产业教师的实践经验、技术能力和对产业发展的贡献。创新点包括：将职业技能竞赛成绩、指导学生实习成果、专利成果、教案等作为评价指标；建立多元化的评价专家组，包括企业技术专家、行业领军人物等；探索建立与企业职称相衔接的职称评定机制，鼓励产业教师积极参与产业实践。,
736,产教融合垂类问题,文本,“旋转门”机制在产业教师制度保障中如何应用？其核心优势和潜在风险分别是什么？,“旋转门”机制在产业教师制度保障中，是指企业技术人员到高校任教，再回到企业继续实践工作的动态流动。核心优势在于：促进了教育与产业的深度融合，实现了人才的双向流动，提升了人才培养的质量和效率。潜在风险在于：可能存在利益冲突，需要建立完善的监管机制，避免权力滥用和不正当竞争；需要明确产业教师在不同工作场域的职责和权利，避免因身份模糊而引发纠纷。,
737,产教融合垂类问题,文本,在产教融合背景下，地方高校在实践育人体系建设中面临的主要困境有哪些？,"地方高校在产教融合过程中面临以下三个主要困境：
1. 人才培养供需不匹配：存在“两张皮”“冷热不均”等现象，高校毕业生就业困难与当地企业招聘不到合适人才并存，人才供给侧与产业需求侧的矛盾日益突出。
2. 实践条件更新不及时：传统的实验教学方式存在重结果轻过程、内容单一缺少工程背景、实践条件不足等问题。企业参与人才培养意愿不强且深度不足，往往只是通过讲座等方式参与，合作多为短期行为，实习岗位缺乏真实场景锻炼和创新实践。
3. 产教过程质量缺管控：企业很少直接参与过程管理（如实习实践参与情况和效果评价），往往由专业直接进行考核管理。高校应与企业对人才培养过程和结果进行及时有效沟通，共同履行监督职责。",
738,产教融合垂类问题,文本,如何构建地方高校的实践育人体系以推进产教深度融合？,"构建地方高校实践育人体系应从以下四个维度出发，推进产教深度融合：
1. 做实平台，打造跨界育人联盟：利用区域产业聚集优势，建立校企合作平台（如苏州大学EE校企合作联盟），明确高校和企业双主体作用，形成“产业主导，行业指导，就业导向”的跨界联动机制。
2. 需求导向，重构实践教学体系：以产业需求为导向，邀请产业界专家与学术委员会共同论证，从“课内实验、课外实践、校外实习、社会实践”四个维度重构实践教学体系，培养学生的实践动手能力和创新意识。
3. 优势互补，共建实践育人资源：从实验课程资源、实验教学平台、实习实践基地、科技创新平台、动态专家库、人文实践资源六个板块进行优化整合，实现校企资源共享。
4. 深化改革，完善育人评价体系：建立多元化实践育人质量保障体系，包括内部监控（如形成性评价、过程化管理）、外部评价（如企业评价、用人单位反馈、第三方评价）和反馈系统，确保育人质量持续改进。",
739,产教融合垂类问题,文本,在产教融合实践中，如何建立动态的产教融合师资队伍？,"建立动态的产教融合师资队伍需采取“内育外引”的方式，统筹专兼结合的产教融合师资队伍。具体措施包括：
1. 保障机制：制定产教融合的人才引育及其激励政策，保障机制的可持续发展。
2. 教师流动：鼓励专业教师通过项目合作等方式走进企业，了解行业真实需求和实际运行情况；同时邀请行业专家和企业工程师给从事相关专业教师进行工程现场教学和工程案例分解。
3. 企业导师遴选：依托校企合作联盟，定期选拔、考核和补充企业导师队伍。企业导师主要分为三类：专家型（行业专家、企业高管）、技术型（技术专家和技术负责人）、导师型（企业一线工程师），分别参与专业指导、实践教学策划实施及学生实训指导考核。",
740,产教融合垂类问题,文本,地方高校如何通过产教融合评价体系保障实践育人质量？,"地方高校通过构建多元化实践育人质量保障体系和持续改进的反馈机制来保障实践育人质量，具体分为三个部分：
1. 内部监控：包括对各类实验课程的形成性评价、对课外科技活动的过程化管理（开题、中期、答辩）、对校内外实训教学团队（含企业导师）的评价（从参与情况、创新能力、沟通协作、解决问题、实践应用能力等多角度）、以及学生在实践过程中的自评和互评。
2. 外部评价：包括直接参与产教融合人才培养的企业评价、用人单位对毕业生的反馈评价、毕业生质量跟踪调查，以及由学校委托的第三方评价机构的独立评价。
3. 反馈系统：形成闭合保障体系。专业实验课的考核与评价结果用于持续改进专业实验课程质量和实践教学体系；企业、用人单位等对毕业生的外部评价用于评价培养目标的合理性，并反馈用于人才培养目标的修订。",
741,产教融合垂类问题,文本,请解释职业教育'五金'建设的具体内涵及其在产教融合中的核心作用。,职业教育'五金'建设包括'金专、金课、金师、金地、金教材'五个方面。'金专'指顶尖专业建设，要求专业链与产业链紧密对接；'金课'是高质量课程，注重理论与实践结合；'金师'指'双师型'教师，需具备企业实践经验；'金地'指产教融合实训基地，需实现与企业生产零对接；'金教材'是校企合作编写的新形态教材。在产教融合中，'五金'是共同体的新基建任务，通过资源共享和优势互补，提升人才培养质量。,
742,产教融合垂类问题,文本,职业院校如何通过产教融合共同体建设'双师型'教师队伍？请说明具体操作流程。,职业院校应严格'双师型'教师标准，具体流程包括：1）选派青年教师到合作企业一线挂职锻炼，累计五年不少于6个月；2）以国家级教师教学能力大赛、职业技能大赛为主线，推进教师能力提升计划；3）开展团队专业教学法改革和课程开发技术培训；4）引入企业大国工匠进校园讲座，建立校企人才双向流动机制。通过产教融合共同体，实现教师实践能力与教学水平的协同提升。,
743,产教融合垂类问题,文本,分析产教融合实训基地建设中的'三高三难'问题及解决方案。,'三高三难'指实训基地建设中的高投入、高损耗、高风险，以及难实施、难观摩、难再现问题。解决方案包括：1）借鉴德国'双元制'和意大利现代学徒制，将课堂教学与生产实践结合；2）开发虚拟仿真实训项目，替代难以实施的实体实训；3）引入工学交替模式，整合校内实训基地与校外企业资源；4）构建校企'双元'培养平台，实现实习实训与企业生产环节零对接。,
744,产教融合垂类问题,文本,请为高职院校设计一份基于产教融合的专业动态调整方案。,方案设计如下：1）依托产教融合共同体，定期调研产业链人才需求变化；2）建立专业设置预警机制，对与产业脱节的专业（如港口机械技术）予以撤销；3）对接高端装备制造产业需求，增设新兴专业（如分布式发电与智能微电网技术）；4）与龙头企业共建人才培养联盟，制定岗位能力标准；5）通过现代产业学院（如华为技术学院、中科航天产业学院）推动专业集群建设。,
745,产教融合垂类问题,文本,产教融合背景下，新形态教材开发有哪些创新模式？,新形态教材开发模式包括：1）活页式教材，教学内容可增减，顺序可调换；2）工作手册式教材，适应项目化教学；3）立体化数字教材，支持移动端随时访问；4）虚拟仿真教材，融入数字化资源；5）校企联合开发，以岗位核心能力为目标，融入新技术、新工艺。例如《数控设备维护与维修》等1+X证书配套教材，通过校企合作编写，被评为国家级规划教材。,
746,产教融合垂类问题,文本,职业本科院校在实施校企协同育人时，如何构建专业与产业需求的对接机制？,职业本科院校应通过以下机制实现专业与产业需求对接：1）建立专业建设指导委员会，吸纳企业专家参与；2）校企共同制定人才培养方案，及时调整课程体系；3）推行订单班培养模式，构建'公共课+专业核心课程+企业课'的特色课程体系；4）定期开展产业调研，将新标准、新技术、新工艺融入教学内容；5）实施引企入校、引校进企项目，实现教学环境与工作环境的深度融合。,
747,产教融合垂类问题,文本,现代产业学院作为产教融合的重要载体，其建设应遵循哪些核心原则？,现代产业学院建设应遵循四大核心原则：1）平等参与原则，校企双方地位对等；2）资源共享原则，共建实训基地、课程体系和师资队伍；3）责任共担原则，共同承担人才培养责任；4）利益对等原则，建立互利共赢的分配机制。通过这些原则，产业学院能够构建紧密对接产业需求的产教融合生态链，涵盖高技能型人才培养、实训室建设、教师培养、员工培训和学生就业等全方位功能。,
748,产教融合垂类问题,文本,如何提升职业院校'双师型'教师队伍的实践能力？,提升'双师型'教师队伍实践能力的有效途径包括：1）建立教师工作室制度，在企业设立教师实践工作站；2）实施校企人员互聘，聘请企业一线技术人员担任兼职教师；3）组织教师定期到企业实践，参与企业技术研发项目；4）开展'双师型'教师专项培训，强化实践教学能力；5）建立教师实践能力评价体系，将企业实践经历纳入考核指标。通过这些措施，促进教师理论教学与实践教学的深度融合。,
749,产教融合垂类问题,文本,产教融合型企业参与职业教育能获得哪些政策支持？,产教融合型企业可获得以下政策支持：1）税收优惠，符合条件的企业可享受教育费附加减免等税收政策；2）财政补贴，参与校企合作项目可获得政府专项经费支持；3）人才激励，企业技术人员到校任教可享受职称评审绿色通道；4）用地保障，产教融合项目用地可享受优先安排；5）金融支持，可获得低息贷款或融资担保；6）评优表彰，表现突出的企业可被授予'产教融合示范企业'称号。这些政策旨在激发企业参与职业教育的积极性。,
750,产教融合垂类问题,文本,职业院校如何构建'产学研用'一体化的人才培养模式？,构建'产学研用'一体化人才培养模式的路径包括：1）共建技术创新平台，校企联合开展技术研发项目；2）实施'教学做一体化'课程改革，将科研项目转化为教学案例；3）建立创新创业实践基地，孵化学生创业团队；4）推行'以赛促创'机制，联合企业开展创新创业竞赛；5）构建成果转化机制，推动师生创新成果产业化应用；6）建立'产学研用'协同评价体系，综合评估人才培养质量。通过这些措施，实现人才培养、科学研究、社会服务和创新创业的有机融合。,
751,产教融合垂类问题,文本,根据我国职业教育政策，产教融合型企业在校企协同育人中扮演什么角色？,产教融合型企业是校企协同育人的核心主体，通过资源共享、责任共担、利益对等原则，与职业院校共建产业学院、开发课程、建设实训基地，共同制定人才培养方案和评价标准，实现人才培养与产业需求的精准对接。,
752,产教融合垂类问题,文本,职业本科院校如何解决专业设置与企业岗位需求不匹配的问题？,职业本科院校可通过建立专业建设指导委员会吸纳企业专家参与，共同制定人才培养方案；及时调整课程体系，融入新技术、新工艺；推行订单班培养，构建'公共课+专业核心课+企业课'的特色课程体系，实现专业人才培养与企业岗位需求无缝对接。,
753,产教融合垂类问题,文本,请设计一份高职院校深化产教融合的年度工作计划。,1. 组织建设：成立校企合作委员会，建立多部门协同管理机制；2. 平台搭建：推进'校中厂''厂中校'建设，共建校内外实训基地；3. 课程改革：联合企业开发课程标准，建设双师型教师队伍；4. 人才培养：实施订单培养，开展企业课堂实践教学；5. 创新创业：共建创新创业基地，举办校企联合竞赛；6. 评价机制：建立校企协同育人质量评价体系，实现多方共赢。,
754,产教融合垂类问题,文本,产教融合背景下，'双师型'教师队伍建设的关键措施有哪些？,关键措施包括：1. 聘请企业一线技术骨干和管理人员担任兼职教师；2. 建立教师企业实践制度，定期安排教师到企业挂职锻炼；3. 校企共建教师发展中心，开展联合培训；4. 引入企业真实项目，提升教师实践教学能力；5. 建立双师型教师激励机制，将企业实践经历纳入职称评审体系。,
755,产教融合垂类问题,文本,如何通过产教融合提升职业教育的就业质量？,通过以下路径提升就业质量：1. 校企共同制定人才培养标准，实现'以销定产'；2. 建立教学实习就业共同体，实现招生与招聘同步；3. 推行任务式培养模式，缩短岗位适应期；4. 开展创新创业教育，提升学生就业竞争力；5. 构建校企协同育人信息化平台，实现精准就业推荐。,
756,产教融合垂类问题,文本,在产教融合视域下，构建高职专业群课程体系的核心目标是什么？,在产教融合视域下，构建高职专业群课程体系的核心目标是解决人才培养供给侧与产业需求侧不匹配的问题。具体包括：明确不同层次的课程目标（如通识课程、专业基础课程、专业核心课程等），对接岗位标准和工作过程开发课程内容，以及通过校企双元育人培养符合产业发展需求的复合型技术技能人才。此外，还需消除产教“合而不融”的现象，确保课程内容与产业新技术、新工艺、新标准同步更新，以适应产业转型升级的需求。,
757,产教融合垂类问题,文本,当前高职院校专业群课程体系建设面临的主要挑战有哪些？,当前高职院校专业群课程体系建设主要面临以下挑战：1. 课程定位不清与价值目标错位，导致公共课与专业课之间缺乏连贯性；2. 课程内容与产业发展脱节，未能及时融入新技术、新工艺和新标准；3. 课程体系融通不足，缺乏纵向衔接和跨层次沟通；4. “双创”教育内容专业性缺失，与专业课程结合不紧密；5. 课程评价系统缺失，企业参与度不足，评价标准不完善。,
758,产教融合垂类问题,文本,如何通过“三教”改革深化产教融合在课程体系建设中的作用？,深化产教融合在“三教”改革中的作用主要体现在以下三个方面：1. 师资队伍：校企双方通过“师资共享、互兼互派、权责一体”的机制，共建高水平“双师型”队伍，落实教师企业实践和轮训制度；2. 教材开发：编写具备“活页式、工作手册式、立体信息化”特点的教材，对接岗位标准和企业需求，支持课程内容的动态调整；3. 教学方法：采用项目式、模块化教学，结合虚拟仿真实训和企业真实环境，开展理实一体化教学，以学生为中心提升岗位适应能力。,
759,产教融合垂类问题,文本,铁道机车专业群课程体系重构的具体路径有哪些？,铁道机车专业群课程体系重构的具体路径包括：1. 明确不同层次的课程目标，对接专业层面和课程层面要求；2. 对接岗位标准和工作过程开发课程内容，将职业资格证书要求融入课程考核标准；3. 对接岗位群开发专业群课程体系，采用“底层共享、中层互融、高层互选”的逻辑构建课程结构；4. 校企合作开展“三教”改革，优化师资、教材和教学方法；5. 建立完善的课程诊改与评价体系，确保课程体系持续优化。,
760,产教融合垂类问题,文本,请解释党的二十大报告中首次提出的'科教融汇'概念及其在职业教育中的战略意义。,党的二十大报告首次提出'科教融汇'概念，指明了职业教育高质量发展的新方向。科教融汇具有多重理论逻辑：历史逻辑上，是高等教育、职业教育发展的必然趋势；内涵逻辑上，是宏观、中观、微观的有机统一；价值逻辑上，是支撑国家战略、产业转型、人的发展的重要基点。在职业教育领域，科教融汇要求通过教育促进科技、科技引领教育，实现协同发展，培养具有创新素质和创新能力的技术技能型人才，为教育强国、科技强国、人才强国建设提供支撑。,
761,产教融合垂类问题,文本,高职院校在实施科教融汇过程中面临哪些主要挑战？应采取哪些应对策略？,高职院校实施科教融汇面临内外两方面的挑战。外部挑战包括：职业教育社会认可度不高、企业参与度低意愿不强、政府投入不足经费有限、科教资源相对分散。内部挑战体现在：融汇理念欠缺、类型特色不明、科研转化不足、反哺教学能力较弱。应对策略包括：1）行动导向：更新发展理念，明确高职院校科教融汇的时代定位，优化政策环境，营造合作共赢环境；2）强化师资团队：优化'双师型'教师结构，搭建教学科技创新团队，加强师资科创能力培养；3）建设协同平台：融合多元主体，汇聚多方资源，体现多重功能；4）完善评价机制：明晰评价主体，优化评价导向，强化评价反馈，注重评价周期。,
762,产教融合垂类问题,文本,如何构建产教融合背景下的高职院校科教融汇协同平台？请说明其关键要素和功能定位。,构建产教融合背景下的高职院校科教融汇协同平台，关键在于体现多元主体共建、多方资源整合、多样功能发挥。关键要素包括：1）融合多元主体：形成政府主导、学校参与、企业合作、行业协作的多方参与模式，统筹制定建设目标、发展规划和保障措施；2）汇聚多方资源：发挥高职院校面向产业、服务产业的比较优势，实现信息、技术、人才、资金、项目等资源的共建共享；3）体现多重功能：搭建'服务产业、教学育人、科学研究、实验实训、创新发展'五位一体的综合型平台。功能定位是促进各类科教资源整合、不同主体合作协同、高职院校科研成果产出转化应用，提升关键办学能力，主动融入技术创新、成果转化、产业应用。,
763,产教融合垂类问题,文本,请分析当前我国产教融合应用型高校在政策层面存在的主要问题，并指出其缺乏系统性的具体表现。,"根据宋立秋的文章分析，当前我国产教融合应用型高校在政策层面存在以下主要问题：
1. 政策重复性与宏观化：除少数地区外，多数地方性政策文件是对国家《关于深化产校融合的若干意见》的重复，停留在宏观指导建议的层面，缺乏针对性和可操作性。
2. 缺乏可操作性与针对性：地方政策未能与本地经济发展和产业特点紧密结合，导致政策无法有效落地。
3. 机制设计不完善：在构建利益决策机制、师资保障机制和监督机制时，缺乏系统性设计，与当地实际情况关联性不足，仍有较大的完善空间。",
764,产教融合垂类问题,文本,比较德国双元制、美国CBE模式和英国现代学徒制三种模式在人才培养标准方面的异同。,"三种模式在人才培养标准上各有侧重，但核心均强调产业需求：
1. 德国双元制：以获得毕业资格和技能证书为标准。学生需在学校完成理论学习和学位证书获取，同时必须经过企业实训取得技能证书。标准依赖于完善的职业教育法治体系和观念保障。
2. 美国CBE模式：以岗位需求作为人才培养标准，聚焦能力素质。由学校牵头，联合企业、行业共同探讨岗位能力需求，制定培养方案。标准包括文化课、学术研究课与职业能力专业课程，强调重知尚技。
3. 英国现代学徒制：以行业需求为重要标志，重视实践能力。标准与职业教育和高等教育相联，学生毕业后可接受高等教育并获得学位。标准由行业需求制定，注重营造良好的实习实训条件。",
765,产教融合垂类问题,文本,针对高校层面存在的师资队伍结构不合理问题，提出具体的改进策略。,"针对高校层面师资队伍结构不合理的问题，文章提出了以下改进策略：
1. 完善双师型教师队伍梯度建设：提升教师队伍素质，激发教师的创新意识和团队精神。
2. 探索企业教师进课堂机制：积极引入企业导师，要求行业和企业兼职教师不仅具备行业知识和专业技能，还要通过教育教学培训和资格评定后方可进课堂。
3. 优化师资队伍结构配置：在年龄层次、学历层次、知识层次和专业层次上进行合理配置。不仅要关注本院系教师结构，还要注重企业和行业兼职教师的比例、学历和能力要素。
4. 建立长效激励动力：通过职称、奖金、荣誉等形式，促进高校教师将产教融合关键能力内化为专业素养。",
766,产教融合垂类问题,文本,阐述如何通过顶层管理设计来提升应用型高校的人才培育成效。,"文章提出通过以下三个方面的顶层管理设计来提升应用型高校人才培育成效：
1. 制定和完善激励政策：地方政府应因地制宜地制定产教融合激励政策，建立一套适合本地产业和经济情况、具有科学性和指导性的政策体系，以引导企业主动投身产教融合。
2. 落实行动指南：在产教融合项目的各个阶段（启动、执行、检验复盘）提供指导和监督。制定相应的财政制度、教育经费制度、企业用人制度和校企合作制度，积极营造社会氛围，树立优秀项目标杆。
3. 落实保障机制：包括强化实现机制、过程约束机制和评估反馈机制。在项目初期协助设计，中期搭建校企合作平台，后期设计评估反馈体系并配合奖惩机制，确保项目顺利推进。",
767,产教融合垂类问题,文本,分析发达国家产教融合模式对我国的启示，以及我国应用型高校在人才培养理念上存在的差距。,"发达国家产教融合模式对我国的主要启示包括：
1. 以产业需求为主旨的人才培育理念：德国、美国、英国都将产业需求作为人才培养方向标，而我国应用型高等教育仍停留在传统的理论知识灌输为主，未形成以产业需求为主旨的理念，导致人才教育与产业发展脱节。
2. 完善的政策支持：包括明确的主体、方式、标准和保障措施，以及通过税收优惠、专项资金等激发企业内生动力的政策。
3. 产学对接的办学机制：产业与教育教学紧密结合，将产业环境融入教学，使学生获得真正有用的知识和技能。
我国应用型高校在人才培养理念上存在的差距是：尚未改变传统的以理论知识灌输为主的教育理念，缺乏以产业需求为导向的育人观，这直接导致了人才培养效果不佳和人才供给与产业需求错配。",
768,产教融合垂类问题,文本,我国产教融合政策发展历程中，有哪些关键政策文件及其核心内容？,我国产教融合政策发展历程中的关键文件包括：2014年国务院《关于加快发展现代职业教育的决定》首次提出'产教融合、特色办学'；2017年国务院办公厅《关于深化产教融合的若干意见》明确将产教融合贯穿人才开发全过程，形成'政府、行业、企业、学校和社会协同推进'格局；2022年新修订的职业教育法将产教融合从政策导向上升为法律规定；2022年12月《关于深化现代职业教育体系建设改革的意见》提出'一体、两翼、五重点'改革举措；2023年《深化产教融合赋能提升行动实施方案（2023-2025年）》提出建立产教融合试点城市体系并给予'金融+财政+土地+信用'组合式激励。,
769,产教融合垂类问题,文本,如何构建行业产教融合共同体？请说明其组织架构和运行机制。,行业产教融合共同体应由企业牵头，联合学校、科研机构共同建设。以国家轨道交通装备行业产教融合共同体为例，其组织架构包括：普通高校（9所）、职业院校（34所）、龙头企业及其子公司（中国中车及49家所属制造类子公司）和产业集聚地区教育行政部门（5个）。运行机制需实现'优势互补、资源共享、联合育人、协同创新、融合发展'，主要目标有两个：一是校企合作培养企业产业需要的人才，二是合作解决企业产业发展中的技术、工艺、产品等问题，最终形成企业与院校共享优质资源、实现技术升级和人才创新培养的多方共赢局面。,
770,产教融合垂类问题,文本,高职院校如何提升产教融合实效？请从师资建设、课程改革和科研创新三方面提出具体措施。,高职院校提升产教融合实效的具体措施包括：师资建设方面，提高'双师型'教师比例（当前已超50%），组织教师深入企业实践参与项目，积累真实教学案例；课程改革方面，对接产业需求动态调整专业（2021年专业目录调整幅度近60%），建设企业真实环境的实习实训基地（全国已有2.49万个），推广现代学徒制试点（覆盖1000多个专业点）；科研创新方面，改变传统轻科研倾向，加大科技创新和技术开发力度，满足企业技术升级需求，通过市域产教融合联合体和行业产教融合共同体等平台，促进产学研协同创新。,
771,产教融合垂类问题,文本,产教融合型企业可获得哪些政策激励？这些激励措施如何落地实施？,产教融合型企业可获得'金融+财政+土地+信用'的组合式激励。具体实施路径为：首先通过国家产教融合建设试点工作，企业被纳入国家或地方产教融合型企业认证目录（截至2023年全国已培育5247家地方产教融合型企业）；其次在试点城市体系内（国家已确定首批21个试点城市，计划再遴选30个左右），企业可享受金融支持、财政补贴、土地优惠和信用激励等政策；最后通过参与市域产教融合联合体、行业产教融合共同体等新型载体建设，深化产教融合取得显著成效的企业，按规定获得相应激励。但政策落地仍需完善配套法律体系（如公司法、劳动法调整），并解决企业对土地、税收政策到位的顾虑。,
772,产教融合垂类问题,文本,当前产教融合面临的主要挑战及应对策略是什么？,当前产教融合面临的主要挑战及应对策略包括：一是法律体系不完善，需调整公司法、劳动法等相关法律，形成与新职业教育法衔接的配套法律体系；二是政策落地难，企业作为办学主体存在土地、税收政策不到位等顾虑，需明确政策实施细则并加强执行监督；三是校企利益不契合，企业重'用人'轻'育人'，需建立校企利益共享机制，明确'政府、行业、企业、学校各方'在人才培养中的责任；四是职业院校科研能力薄弱，应加大科研投入，通过产教融合平台推进科技创新和技术开发；五是产业升级带来人才新要求，需动态调整专业设置（全国职业学校已开设1349个专业和12余万个专业点），培养'适销对路'的技术技能人才。,
773,产教融合垂类问题,文本,在国家推进产教融合的宏观战略背景下，如何理解产教融合从初级阶段向高级阶段演进的历史使命？,"产教融合的历史使命经历了从职业教育校企合作到区域产业集群与学科集群融合，再到整个教育体系与产业系统变革的演进过程。
1. **初级阶段**：主要解决职业教育人才培养滞后于新产业技术变革的问题，服务“制造强国”等国家战略。
2. **中级阶段**：打造区域科技创新体系，与区域经济社会同步发展。
3. **高级阶段**：上升到整个教育体系与整个产业系统发展方式的变革，是国家产业结构转型升级、教育改革和人才开发整体制度设计，是国家整个产业系统与整个教育系统融合，成为国家发展战略的有机组成部分。
这一演进被赋予了多重新的历史使命：推动高等教育创新引领大国崛起，确立创新驱动的新产业经济发展方式；实现“人口红利”向“工程师红利”的新经济发展模式；以及中国主动应对未来全球战略竞争、中美综合国力之争与发挥全球影响力的关键力量。",
774,产教融合垂类问题,文本,当前产教融合在从概念改革走向行动实施的过程中面临哪些主要现实问题？,"推动产教融合从概念改革进入行动实施阶段，主要面临以下四个方面的现实问题：
1. **整体机制设计不完善**：缺乏对产教“两张皮”问题的整体性、系统性机制设计与应对举措。
2. **认知误区**：各方主体仍停留在“校企合作协同育人”的初级阶段，导致产教融合局限于点对点的项目对接，难以统筹建立置于经济带与产业带框架中的融合形式，实效性有限。
3. **项目实施困境**：人财物落实不到位；产业需求不明确；人才培养、科技研发中的学科导向思维依然占据主导地位；产学研协同契合度不足；实施内容与达成目标存在落差。
4. **高校面临的挑战**：传统的封闭式办学模式使得高校对产业技术创新需求不敏感，缺乏将产业界创新需求转化为高校科技研发、学科建设及教育教学改革动力的能力。",
775,产教融合垂类问题,文本,构建产教融合长效机制需要从哪些维度进行制度设计？,"构建产教融合的长效机制需从国家整体设计到具体运行机制进行多维度的制度安排：
1. **国家层面设计**：设计“学术型二元制教育体系”与“学徒制二元教育体系”，建立“跨校企合作教育与培训中心”制度及组织体系，使其作为实体化、常态化、规范化的组织载体，承担能力培养、技术转移和事务服务职能。
2. **运行机制**：构建教育和产业统筹融合发展的整体框架，将产教融合纳入国家发展战略和产业经济发展战略，形成包含实体经济、科技创新、现代金融、人力资源等要素的集成创新产业体系。
3. **区域层面**：构建区域产业集群与学科集群融合机制，形成区域性科技创新体系，在区域规划中明确产教融合要求，统筹优化高等教育结构和产业结构。
4. **融资机制**：构建（教育）科技研究—科技金融资本—产业技术创新的融资机制，通过科技金融为产教协同育人、科技研发与成果转化提供可持续融资。
5. **激励机制**：构建“项目制”财政激励机制，激励高校变革发展战略，优先建设与产业链、创新链、人才链相契合的学科专业集群。
6. **主体激活**：通过科技创新政策与人才政策，激励龙头企业创办产教融合型研究院或制造业创新中心，打造“基础研究链-技术创新链-产业链”路径。
7. **人才机制**：建立产教趋同化的人才评价与共享流通机制，以及跨领域交互任职的兼容机制，推进各类人才互认互通。",
776,产教融合垂类问题,文本,国家层面关于产教融合的主要政策文件有哪些？它们分别针对哪些方面进行了规定？,国家层面关于产教融合的主要政策文件包括：2017年国务院办公厅印发的《关于深化产教融合的若干意见》（国办发〔2017〕95号），该文件明确指出深化产教融合是推进人力资源供给侧结构性改革的迫切要求，旨在促进教育链、人才链与产业链、创新链有机衔接；2019年国家发展改革委、教育部等部门印发的《国家产教融合建设试点实施方案》（发改社会〔2019〕1558号），该方案明确了产教融合试点城市的建设要求；2023年国家发展改革委、教育部、人力资源和社会保障部等部门联合印发的《职业教育产教融合赋能提升行动实施方案（2023—2025年）》（发改社会〔2023〕699号），该方案旨在完善产教融合制度机制，形成职业教育与产业发展良性互动的新格局。,
777,产教融合垂类问题,文本,如何构建以需求为导向的人才培养结构调整机制？,构建以需求为导向的人才培养结构调整机制需要采取以下措施：一是加快推进教育'放管服'改革，注重发挥市场机制配置非基本公共教育资源作用，强化就业市场对人才供给的有效调节；二是完善职业教育毕业生就业质量年度报告发布制度，把市场供求比例、就业质量作为学校设置调整学科专业、确定培养规模的重要依据；三是严格实行专业预警和退出机制，引导学校对设置雷同、就业连续不达标专业，及时调减或停止招生。,
778,产教融合垂类问题,文本,现代学徒制在产教融合中发挥什么作用？如何有效实施现代学徒制？,现代学徒制在产教融合中是强化校企双主体协同育人的重要突破口，能有效提升人才培养与校企融合度。有效实施现代学徒制需要：一是围绕现代学徒制的导师标准和学徒标准，结合企业标准，对教学标准、课程标准和评价标准等方面展开深入思考与细致阐述；二是促进校企双方共同建立现代学徒制标准，探索具有地方特色的现代学徒制模式；三是通过定向班与现代学徒制等方式开展人才培养，实现与市场需求和产业发展的高度适应。,
779,产教融合垂类问题,文本,产教融合型企业如何参与职业教育？有哪些合作模式？,产教融合型企业参与职业教育的方式多样，主要包括：一是与职业院校开展深度合作，共同打造教学实训车间、建造公共实训基地、构建校企合作共同体和示范性职业教育集团；二是通过定向班与现代学徒制等方式参与人才培养，特别是数字技术类等产业急需领域的人才培养；三是参与职业教育活动周和全国职业院校技能大赛等赛事活动，提供技术支持和实践平台；四是允许和鼓励职业院校向行业企业和社会培训机构购买创新创业、前沿技术课程和教学服务，实现资源共享。,
780,产教融合垂类问题,文本,职业院校如何提升专业与产业的契合度？,职业院校提升专业与产业契合度可采取以下措施：一是完善专业建设'正负面清单'制度，优化产业专业布局；二是推动职业教育学科专业建设与产业转型升级相适应，发展产业急需紧缺学科专业，如网络信息安全、移动应用技术与服务、物联网技术等；三是主动适应经济结构和产业变革，加大先进制造、'双碳'、养老托育等国家战略和民生重点领域的专业布点；四是严格实行专业预警和退出机制，及时调整或停止就业连续不达标的专业招生。,
781,产教融合垂类问题,文本,人工智能技术如何赋能产教融合中的课程体系动态适配？,人工智能技术通过数据分析和智能算法实现课程体系从静态设计向动态优化转变。其核心路径包括：1）实时监测行业需求变化并快速调整课程内容，缩短技能更新与课程供给的时间差；2）通过智能匹配算法将企业技能需求转化为课程开发建议，提供全链条优化支持；3）构建个性化学习路径，根据学生知识基础和职业目标自动生成定制化学习方案；4）整合全球技能需求数据，设计兼具本土特色和国际适应性的课程模块。这种动态适配机制使课程体系始终与产业前沿保持一致，实现了教育供给侧改革创新。,
782,产教融合垂类问题,文本,现代产业学院在产教融合中如何构建多维度评价机制？,现代产业学院构建多维度评价机制的关键在于人工智能驱动的精准评估体系，主要包括：1）全程动态追踪能力，通过收集学习过程多维度数据（课堂表现、实践成绩等）生成学生能力全景画像；2）突破单一理论成绩限制，将团队协作、问题解决等软技能纳入评价范畴；3）提供针对性实时反馈，如指出具体操作问题并推送相关学习资源；4）建立联合评价平台，整合学校、企业、学生多方数据，实现多主体协同评价。这种机制不仅全面反映学生综合素质，也为校企协同育人提供科学依据，增强了产教协作深度。,
783,产教融合垂类问题,文本,职业教育数字化转型中，虚拟现实与数字孪生技术如何实现教学场景重构？,虚拟现实与数字孪生技术通过虚实结合路径重构教学场景：1）VR技术构建高度沉浸式虚拟实训环境，如虚拟工厂可让学生反复演练设备组装、故障排除等复杂操作，规避真实场景的高成本和高风险；2）AR技术将教学与真实环境融合，例如汽车维修专业学生可通过AR设备实时查看机械结构和操作指导；3）数字孪生技术建立企业数字化镜像，如高职院校基于真实生产线数据构建实训平台，使学生能模拟优化生产流程。这些技术打破了教学实践物理限制，提升了学生操作熟练度和产业适应力，实现了教育链与产业链的无缝对接。,
784,产教融合垂类问题,文本,产教融合型企业如何通过数据赋能优化人才培养全过程？,产教融合型企业通过数据赋能优化人才培养全过程的具体路径包括：1）动态捕捉产业链需求，利用人工智能分析行业趋势、岗位技能缺口等数据，为课程设计提供实时参考；2）实施模块化课程设计，将复杂行业技能分解为关联知识模块，与企业联合开发如'智能系统应用'等针对性课程；3）构建个性化学习路径，根据学生职业目标和能力倾向定制培养方案，自动匹配实训项目；4）建立校企数据共享机制，将企业生产数据、市场案例等直接引入教学，设计案例式课程。这种数据驱动模式使人才培养从'经验导向'转向'精准导向'，显著提升毕业生岗位适配能力。,
785,产教融合垂类问题,文本,高职院校推进人工智能时代产教融合生态协同应采取哪些战略举措？,高职院校推进人工智能时代产教融合生态协同的战略举措应聚焦四个维度：1）构建产教融合智能平台，实现教育链与产业链精准对接，将企业需求映射到课程设计、教学内容和实践实训各环节；2）打造资源共享生态，通过数据平台实现校企间信息流、技术流和资源流无缝衔接，企业定制岗位实训计划，学校实时调整教学内容；3）推动教学模式转型，将企业真实案例嵌入课堂，利用数字孪生技术让学生参与虚拟生产管理，实现'教学-实训-就业'一体化；4）完善联合评价体系，建立闭环反馈机制，企业参与评价设计与实施，共同优化课程与岗位设计。这些举措形成系统化育人模式，放大教育与产业协同效应。,
786,产教融合垂类问题,文本,请阐述新工科建设背景下，高校开展产教融合对人工智能人才培养的战略意义。,新工科建设强调以产业需求为导向，推动高校人才培养与产业发展深度融合。在人工智能领域，产教融合能够有效解决高校课程体系与产业技术发展脱节的问题，通过引入企业真实项目、技术资源和师资力量，提升学生实践能力和创新能力。这不仅能够培养出更符合产业需求的高素质人工智能人才，还能促进高校科研成果的转化应用，加速人工智能技术的产业化进程，从而提升国家在人工智能领域的竞争力。,
787,产教融合垂类问题,文本,请详细描述现代产业学院在产教融合中的运作模式，并分析其优势与挑战。,现代产业学院是产教融合的重要载体，其运作模式通常包括：校企共建课程体系、共聘师资、共建实训基地、共研发项目、共推人才等。优势在于能够实现人才培养与产业发展紧密对接，提升人才培养质量和效率，促进科技成果转化。挑战包括：校企双方利益诉求差异、管理机制不健全、知识产权保护问题、以及对教师和学生参与产教融合的激励不足等。,
788,产教融合垂类问题,文本,如何构建产教融合型企业，使其成为职业教育的重要实践教学基地？请给出具体的操作步骤。,构建产教融合型企业需要以下步骤：1) 明确企业发展战略与人才需求，与高校沟通合作意向；2) 建立校企合作协议，明确双方权利义务；3) 共同开发符合产业需求的课程体系和实训项目；4) 建立企业导师队伍，参与学生教学实践；5) 完善实训基地建设，提供先进的设备和技术支持；6) 建立人才评价和认证机制，确保人才质量；7) 建立长效合作机制，持续改进和优化产教融合模式。,
789,产教融合垂类问题,文本,教育部发布的《高等院校人工智能创新行动计划》中，关于产教融合的具体要求有哪些？,《高等院校人工智能创新行动计划》强调要加快实施“卓越工程师教育培养计划”(2.0版)和新工科建设，鼓励重视人工智能与工学、理学等专业的融合，探索“人工智能+X”的人才培养模式。具体要求包括：加强与企业合作，共建产教融合基地；鼓励高校与企业联合开发课程，开展实习实践；支持高校建设人工智能创新平台，促进科研成果转化；推动人工智能专业认证体系建设，提升人才培养质量。,
790,产教融合垂类问题,文本,双师型教师在产教融合教学中扮演什么角色？如何提升高职院校教师的双师素质？,双师型教师是产教融合教学的关键力量，他们既要具备扎实的理论知识，又要拥有丰富的实践经验。在产教融合教学中，双师型教师能够将企业实际问题引入课堂，指导学生进行项目实践，提升学生的实践能力和创新能力。提升高职院校教师的双师素质需要：1) 鼓励教师到企业实践锻炼；2) 邀请企业工程师到高校授课；3) 建立教师企业互访制度；4) 开展双师型教师培训；5) 完善教师评价体系，将实践经验作为重要的评价指标。,
791,产教融合垂类问题,文本,人工智能赋能下职业教育产教融合的内涵变化主要体现在哪些方面？,人工智能赋能下职业教育产教融合的内涵变化主要体现在三个方面：一是以服务产业与区域发展为核心，从注重自身办学条件改善转向服务产业与区域经济发展的大逻辑；二是以主体互联为机制，通过智能管理手段打破校企间的组织壁垒，形成纵向贯通与横向协作的组织形式；三是以资源共享与利益互融为内容，基于全产业链融合与职业教育的'五金'建设，实现校企间知识与技术双向流动。,
792,产教融合垂类问题,文本,如何通过数据交互重构产教融合的供需平衡？,通过数据交互重构产教融合供需平衡需从数据层和网络层入手：数据层需对产教需求数字化改造，全面采集、处理、分享职业教育与产业资源的信息，打破信息壁垒；网络层需搭建自适应系统，通过智能处理技术实现智能互联，基于数据分析精准定位需求，实现跨企业、跨行业、跨地区的数据共享，动态识别并匹配产教需求。,
793,产教融合垂类问题,文本,职业教育产教融合智能体的构筑包括哪些关键环节？,职业教育产教融合智能体的构筑包括平台层和安全层两个关键环节：平台层需搭建云平台形成虚实相融的全过程育人链、政校行企协同链以及教育链与产业链的链链联动；安全层需以数字信任为纽带，通过区块链技术的非对称加密、共识机制、智能合约等保障数据安全、合作安全和产品安全，重塑产教利益融合。,
794,产教融合垂类问题,文本,人工智能赋能下职业教育产教融合的生态重构需关注哪些核心要素？,人工智能赋能下职业教育产教融合的生态重构需关注三大核心要素：目标导向（实现产教供需平衡、多元主体互联、资源共享与利益相融）、技术架构（数据层、网络层、平台层、安全层四层结构）和应用场景（技术研发融合、数智化生产融合、消费融合、网络化协同融合）。三者相互支撑、相互赋能，共同推动产教融合新生态的构建。,
795,产教融合垂类问题,文本,提升职业教育产教融合智能治理能力与水平可采取哪些具体措施？,提升职业教育产教融合智能治理能力与水平可采取以下措施：一是探索以智能算法为核心的网络互联机制，建立利益需求识别与满足机制；二是依托互联网与物联网技术构建网络协同模式，完善多元主体间合作机制；三是构建数智化诊断平台，将人才培养与区域经济的'紧密度'和行业需求的'适配度'作为评价指引，结合数据分析结果优化资源配置。,
796,产教融合垂类问题,文本,分析当前产教融合人才培养中存在的主要问题及其具体表现。,"当前产教融合人才培养存在“融而不紧”“融而不深”“融而不广”三个主要问题：
1. **融而不紧**：表现为教育链与产业链、供应链、人才链、价值链衔接脱节，包括专业布局不合理、实训内容不全面、忽视学生个性化发展以及对价值增值过程重视不够。
2. **融而不深**：表现为校企合作层次不够，行业标准和动态融入不深，企业参与专业规划、教材开发等环节不足，且数字化工具与教学融合深度不够。
3. **融而不广**：表现为参与对象局限于少数院校和企业，人才培养对象主要面向学生而忽视企业员工，合作范畴多集中在教学实施，缺乏协同创新实践。",
797,产教融合垂类问题,文本,阐述人工智能技术在赋能产教融合人才培养中的核心优势是什么。,"人工智能赋能产教融合人才培养的核心优势体现在“全面、全程、全员”三个方面：
1. **全面赋能**：通过建构人工智能大模型平台，优化教学、科研、实践、管理、服务等环境，提供智能助教、助管、助研等服务，解放教师并提升育人成效。
2. **全程赋能**：覆盖从入学到毕业的全过程，提供不受时空限制的自适应知识信息和诊断策略，实现人才培养的精准性和实用性。
3. **全员赋能**：涉及教师、学生和管理人员，通过智能教学助手和教育助理，促进教师协同、学生协同和管理人员协同，提升各方能力。",
798,产教融合垂类问题,文本,详细说明人工智能赋能产教融合人才培养的“六共”应用模式。,"人工智能赋能产教融合人才培养的“六共”应用模式包括：
1. **共研**：共同研制高技能人才标准、研究“人工智能+”专业建设方案及教学实施计划。
2. **共建**：共同建设大模型平台、师资队伍、数字化资源、实验实训环境及专项实践项目。
3. **共享**：共同享用信息、资源和服务，特别是实验实训设施设备与教学资源的开放共享。
4. **共育**：联合培育学生与企业员工，实现多类教学主体的协同导学及多类学习主体的协作学习。
5. **共治**：通过线上线下协同联动治理，整合多方主体资源，实现跨边界的协同治理。
6. **共赢**：最终形成产教良性互动、校企优势互补的生态，实现多方共赢。",
799,产教融合垂类问题,文本,如何利用人工智能技术解决产教融合中“融而不深”的问题？,"为解决“融而不深”问题，可利用人工智能技术建构智能教学助手，拓展产教融合的深度：
1. 促进个性化内容生成与学习路径规划；
2. 拓展智能化虚拟教学环境与教学场景应用；
3. 实现教育教学全过程全方位的评估反馈与科学管理决策；
4. 赋能企业深度参与专业规划、资源开发、教学设计等环节，将企业需求融入教育教学全过程。",
800,产教融合垂类问题,文本,在人工智能赋能下，职业院校与企业如何共同建设产教融合的师资队伍？,"职业院校与企业可共同建设由三类教师协同工作的教学队伍：
1. **实体教师协同**：通过建设虚拟教研室，促进职业院校专业教师与企业技术专家的开放式团队合作。
2. **人工智能导师应用**：利用人工智能技术建设虚拟教师分身、智能备课助手、教务助理、科研助理和管理助理等，提升实体教师的教学效率和质量。
3. **多元主体互补**：实现人工智能导师与实体教师的有效互补，形成协同化、智能化的导学、助学、促学与督学体系。",
801,产教融合垂类问题,文本,请阐述'一体两翼'在职业教育产教融合中的战略意义及其核心内涵。,'一体两翼'是深化职业教育产教融合的核心战略布局，其中'一体'指职业教育体系本身，'两翼'分别指市域产教联合体和行业产教融合共同体。其战略意义在于通过系统性重构产教关系，实现教育链、人才链与产业链、创新链的有机衔接。核心内涵包括：1) 以区域经济为导向，通过市域联合体提升职业教育与地方经济的适配度；2) 以行业需求为牵引，通过跨区域行业共同体推动产业转型升级；3) 构建多层级治理结构，形成政府主导、多元协同的现代化治理体系。,
802,产教融合垂类问题,文本,如何构建职业教育产教融合的实体化运行机制？请结合实践案例说明关键要素。,构建职业教育产教融合实体化运行机制需聚焦四个维度：1) 治理结构：采用'理事会-秘书处-专业委员会'三级架构，如苏州吴中经开区联合体实行'党委领导、理事会决策、职业经理人负责制'；2) 资源整合：通过'一图谱四清单三平台'实现供需匹配，如天津经开区生物医药联合体绘制人才图谱并建立需求清单；3) 制度保障：出台专项政策明确权责，如义乌市发布12项制度规范联合体运作；4) 数字赋能：运用VLF生成式大模型打通产业-职业-教育数据链。关键要素包括明确企业治理权、建立成本共担机制及构建'规划-协调-实施-评价'闭环体系。,
803,产教融合垂类问题,文本,分析中国特色现代学徒制在产教融合中的创新实践及其对高技能人才培养的作用。,中国特色现代学徒制是产教融合微观层面的重要创新，其核心在于构建校企双元育人体系。创新实践体现在三方面：1) 身份融合：学生兼具理论学习者与实践参与者双重身份，通过'工学交替'实现知行合一；2) 课程重构：企业将生产项目转化为教学内容，如金华某学院设置'精益管理'课程对接行业标准；3) 双师协同：通过教师与企业导师互聘互用，优化资源配置。对高技能人才培养的作用表现为：强化技术实践文化融合，提升岗位适配性；通过分层分段教学实现精准培养；将工匠精神培育融入全流程，培育兼具创新能力和职业素养的新质生产力支撑人才。,
804,产教融合垂类问题,文本,职业教育产教融合治理体系面临哪些挑战？如何通过政府主导完善治理效能？,当前职业教育产教融合治理体系面临三大挑战：1) 治理主体缺位导致协同效率低下；2) 制度创新滞后难以适应产业快速迭代；3) 文化融合不足影响资源整合深度。通过政府主导完善治理效能的路径包括：1) 法律保障：构建产教融合专项法规体系，如天津市出台《职业教育产教融合促进条例》；2) 激励机制：实施'金融+财政+土地+信用'组合式政策，如山东省推出10项激励措施；3) 平台建设：建立区域产教融合中心与信息发布平台，打破数据孤岛；4) 数字治理：运用大数据技术建立动态监测评价体系，实现资源配置精准化。,
805,产教融合垂类问题,文本,请为高职院校设计一份以'四链融合'为核心的产教融合年度工作方案。,"高职院校产教融合年度工作方案（基于'四链融合'）：
1. 产业链对接行动：
   - 开展区域产业图谱分析，建立专业-产业适配度评估指标
   - 每季度更新企业技术需求清单与人才缺口报告
2. 教育链重构计划：
   - 组建校企混编专业建设委员会，重构30%核心课程
   - 推行'项目导师制'，将企业真实案例转化为教学项目
3. 创新链协同工程：
   - 建设校级技术创新中心，与企业共建3个联合实验室
   - 实施'专利转化进课堂'计划，年转化技术成果5项
4. 人才链优化机制：
   - 完善'双师型'教师评价标准，企业实践经历占比不低于40%
   - 建立中高本贯通培养通道，开发模块化课程体系
保障措施：设立产教融合专项基金，实施'月调度、季评估'制度，将企业满意度纳入绩效考核。",
806,产教融合垂类问题,文本,当前产教融合中存在'校热企冷'困境，其根本原因是什么？如何通过价值共创理论解决这一问题？,产教融合中'校热企冷'困境的根本原因在于校企双方的价值冲突。企业和高职院校作为不同性质的机构，在合作中遵循的价值目标不同：企业以盈利为行动目标，而高职院校是非盈利性质的教育机构。价值共创理论为解决这一困境提供了重要视角，通过整合不同主体的资源优势实现整体利益最大化。具体路径包括：1）在行动起点上实现需求对应，包括人才培养层面的基础需求、专业建设层面的深层需求和科研创新层面的高阶需求；2）在行动推进中实现利益提升，如匹配人才培养供给与生产规模需求、深化专业建设与技能人才水平、提升科研创新项目服务效益；3）在行动固化上构建价值共同体，遵循'企业先赢'的价值原则，发挥品牌效应，促进人才培养、专业建设和科研创新的功能融合。,
807,产教融合垂类问题,文本,企业参与产教融合的行动路径包含哪三个关键维度？每个维度具体实施要点是什么？,企业参与产教融合的行动路径包含三个关键维度：行动起点、行动推进和行动固化。1）行动起点：基于价值共创视域下的需求对应，包括三个层次：人才培养层面的基础需求对应（企业提供实习场所和技术人员，高职院校为企业输送技能人才）；专业建设层面的深层需求对应（企业参与专业建设确保人才培养质量，高职院校以企业岗位需求为导向）；科研创新层面的高阶需求对应（企业提供研发平台和技术前沿，高职院校提供科研团队和技术创新支持）。2）行动推进：基于价值共创视域下的利益提升，包括：人才培养供给与生产规模需求的匹配（通过'校校企合作'模式扩大人才供给）；专业建设深度与技能人才水平的提升（企业深度参与专业建设，拔高行业人才水平）；科研创新项目与服务效益的实现（企业投入研发平台，高职院校提供技术服务，形成双赢机制）。3）行动固化：基于价值共创视域下的共同体建设，包括：遵循'企业先赢'的价值原则；发挥招生就业、专业建设与行业发展的品牌效应；实现人才培养、专业建设和科研创新的功能融合。,
808,产教融合垂类问题,文本,现代产业学院建设中，如何设计'双师型'教师队伍培养机制以促进产教深度融合？,现代产业学院建设中，'双师型'教师队伍培养机制设计应遵循以下原则：1）构建校企双向流动机制：建立教师企业实践制度，要求专业教师每三年累计不少于6个月企业实践；同时聘请企业技术骨干担任产业导师，形成'学校教师+企业导师'双导师制。2）完善能力提升体系：设立'双师型'教师培训基地，开展技术技能培训、教学方法研修和行业标准学习；实施教师企业实践项目，参与企业技术研发和工艺改进。3）创新评价激励机制：将企业实践经历、技术研发成果、学生职业能力培养成效纳入教师考核评价体系；在职称评聘、绩效分配等方面向'双师型'教师倾斜。4）深化产教协同育人：推动教师参与产业学院课程开发，将企业真实项目、技术标准转化为教学内容；组建校企混编教学团队，共同实施教学过程。通过以上机制，促进教师既具备扎实理论教学能力，又掌握前沿技术技能，有效支撑产教深度融合。,
809,产教融合垂类问题,文本,产教融合型企业认定标准通常包含哪些核心指标？政府对这些企业有哪些激励政策？,产教融合型企业认定通常包含以下核心指标：1）参与深度：企业深度参与职业院校人才培养全过程，包括专业建设、课程开发、实践教学等环节；2）资源投入：企业投入产教融合的经费占企业培训经费比例（通常不低于30%），提供实习岗位数量（一般不低于企业技术岗位总数的10%）；3）合作成效：接收职业院校实习生就业率、合作开发教学资源数量、共同开展技术攻关项目数等；4）制度建设：建立专门负责产教融合的管理机构，制定校企合作管理制度等。政府对产教融合型企业的激励政策主要包括：1）财税支持：按投资额一定比例给予抵免（通常不超过30%），符合条件的可享受教育费附加减免；2）金融支持：优先获得产教融合专项贷款，享受利率优惠；3）用地保障：企业投资兴办职业教育的用地可按教育用地管理，享受优惠地价；4）人才激励：企业技术人员到职业院校任教可享受教师同等待遇，参与职称评审时企业实践经历同等认可；5）荣誉激励：授予'产教融合示范企业'称号，在政府购买服务、项目招标中给予优先考虑。,
810,产教融合垂类问题,文本,根据《职业教育产教融合赋能提升行动实施方案(2023—2025年)》，分析产教融合面临的核心困境及其解决路径。,产教融合面临的核心困境是'校热企冷'，即企业参与动力不足。解决路径包括：1. 以价值共创理念为出发点，明确企业价值目标（如人才培养质量、科研利润）；2. 推动高职院校改革，包括实习模式优化、师资管理创新（如强化'双师型'教师实践考核）；3. 建立职教共同体，实现专业建设与行业动态、招生规模与就业质量、科研服务与企业转型升级的深度对接。,
811,产教融合垂类问题,文本,设计一份高职院校提升企业参与产教融合积极性的年度工作方案。,年度工作重点方案：1. 价值共创机制建设：校企共同制定人才培养标准，明确企业收益指标（如实习留任率≥70%、科研成果转化利润≥20%）；2. 师资改革：将企业实践纳入教师考核，职称评聘降低学术成果权重，增加专业技术资格占比；3. 科研服务优化：依托企业研发平台开展横向课题，建立'专利-技术服务-利润'转化闭环；4. 职教共同体构建：联合重点企业建设现代产业学院，实现招生-实习-就业一体化管理。,
812,产教融合垂类问题,文本,分析'价值共同体'在产教融合中的战略意义及实现条件。,战略意义：1. 解决'合而不融'问题，通过价值目标统一保障合作持续性；2. 形成'招生就业'和'专业建设'双向促进机制，提升校企核心竞争力。实现条件：1. 高职院校需以行业需求为导向动态调整专业；2. 企业需参与技术人才标准制定，获得行业话语权；3. 建立稳定的利益分配制度（如科研利润分成、人才输送奖励）。,
813,产教融合垂类问题,文本,阐述'双师型'教师在产教融合科研合作中的核心作用及培养路径。,核心作用：1. 提供企业所需的技术服务（如专利研发、工艺优化）；2. 促进科研成果转化，实现科研经费与利润的价值共创。培养路径：1. 人事制度改革：将企业实践与教学科研同等考核；2. 职称评聘改革：降低学术成果权重，强化专业技术资格认证；3. 搭建校企双向流动平台（如企业专家兼职授课、教师定期入驻企业）。,
814,产教融合垂类问题,文本,结合价值共创理论，解释企业参与产教融合的三层动力机制。,三层动力机制：1. 基础动力（人才培养）：通过实习留用和定向就业降低招聘成本（如企业期待实习留任率≥50%）；2. 深层动力（科研创新）：利用高职院校研发平台和技术服务实现技术升级与利润增长；3. 长久动力（价值共同体）：通过专业建设标准制定获得行业话语权，形成'招生-就业-产业升级'的生态闭环。,
815,产教融合垂类问题,文本,根据《关于深化现代职业教育体系建设的意见》，行业产教融合共同体的核心建设目标是什么？,根据《关于深化现代职业教育体系建设的意见》，行业产教融合共同体的核心建设目标是支持龙头企业和高水平高等学校、职业学校牵头，组建学校、科研机构、上下游企业等共同参与的跨区域产教融合共同体，以推动职业教育高质量发展，促进教育链、人才链与产业链、创新链的有机衔接。,
816,产教融合垂类问题,文本,行业产教融合共同体中，政府、职业院校、企业分别扮演什么角色？,在行业产教融合共同体中，政府是政策供给者和保障者，负责制定政策法规、提供资金支持和监管机制；职业院校是人才培养的主体和资源连接者，需围绕产业需求调整课程、建设实践基地并邀请行业专家参与教学；企业则是技术创新的策源地和知识流动的动力来源，需深度参与专业规划、课程构建并提供产业实践平台，同时为员工提供技能升级服务。,
817,产教融合垂类问题,文本,当前行业产教融合共同体面临的主要困境有哪些？,当前行业产教融合共同体面临三大困境：1）共生单元游离之困：多元主体协同共治局面尚未形成，政策执行力度不足，各主体协作意识薄弱；2）共生模式转型之困：能量分配均衡格局尚未达成，合作呈现间断性和随机性，利益分配不对称；3）共生环境优化之困：政策支持难以落地、法律保障缺位、社会对职业教育文化认同存在偏差，制约了共同体的可持续发展。,
818,产教融合垂类问题,文本,如何优化行业产教融合共同体的共生机制？,优化共生机制需构建多方联动机制：1）政府作为“把舵者”，制定配套政策并协调多元主体利益；2）行业组织作为“链接者”，搭建人才供需信息平台并提供实时监督反馈；3）校企双方作为“主导者”，深化协同育人，职业院校需定制化培养人才并提供员工培训，企业需参与实训基地建设并融入人才培养全流程；4）科研机构作为“驱动者”，开展技术攻关并推动成果转化，打破产学研用壁垒。,
819,产教融合垂类问题,文本,对称性互惠共生模式在行业产教融合共同体中的重要性是什么？,对称性互惠共生模式是行业产教融合共同体中最稳固的行为共生模式，其重要性在于通过优势互补、利益高度协同和资源高效共享，实现共生单元间的深度整合。该模式要求各主体建立充分的沟通机制和利益互补机制，确保需求响应充分、利益分配均衡，从而提升合作持续性和稳定性，最终达成互利共赢的良性生态。,
820,产教融合垂类问题,文本,什么是产教融合型企业的认定标准？,产教融合型企业是指深度参与产教融合、校企合作，在人才培养、技术创新、资源共享等方面发挥引领作用的企业。其认定标准通常包括：1. 企业与职业院校或高校建立长期稳定的合作关系；2. 参与职业院校人才培养方案制定、课程开发、实训基地建设等；3. 提供技术支持、师资培训或实习岗位；4. 在产学研协同创新中取得显著成效；5. 符合国家或地方相关政策要求。具体标准需参照《关于深化产教融合的若干意见》等政策文件。,
821,产教融合垂类问题,文本,如何构建现代产业学院？请提供操作指南。,构建现代产业学院需遵循以下步骤：1. 明确产业定位：对接区域主导产业或新兴产业链，确定专业方向；2. 组建多元主体：联合政府、行业企业、科研院所等共建实体化运营平台；3. 创新体制机制：建立‘校企双元’治理结构，明确权责分工；4. 共建资源平台：整合企业真实项目、技术标准、师资等资源；5. 重构课程体系：基于岗位能力标准开发‘岗课赛证’融通课程；6. 深化协同育人：实施‘双导师制’、现代学徒制等培养模式；7. 完善评价机制：建立以产业贡献度为核心的质量评价体系。参考案例：常州信息职业技术学院智能制造产业学院。,
822,产教融合垂类问题,文本,分析市域产教联合体对区域经济发展的战略意义。,市域产教联合体对区域经济发展的战略意义体现在：1. 人才适配：通过‘产教城’一体化布局，实现人才培养与产业需求精准匹配；2. 产业升级：推动产学研用深度融合，加速科技成果转化和产业技术迭代；3. 资源整合：统筹政府、企业、院校资源，形成‘政校企研’协同创新生态；4. 区域协调：促进职业教育与区域经济良性互动，助力产业梯度转移和集群发展；5. 模式创新：探索‘多跨协同’‘三融铸局’等特色范式，为全国提供可复制经验。典型案例包括无锡市集成电路产教联合体、长春汽车产业集群产教联合体。,
823,产教融合垂类问题,文本,职业院校如何提升‘双师型’教师队伍建设水平？,提升‘双师型’教师队伍建设水平需采取以下措施：1. 完善准入机制：将企业实践经历作为招聘和晋升的必要条件；2. 创新培养模式：建立‘教师企业实践流动站’，实施‘校企互聘’计划；3. 强化激励机制：设立专项经费支持教师参与技术研发和项目攻关；4. 搭建发展平台：组建‘大师工作室’‘技能传承创新平台’；5. 改革评价体系：突出实践教学和技术服务能力权重。参考案例：天津铁道职业技术学院通过‘跨界·链式·融合’模式培养轨道交通‘双师型’团队。,
824,产教融合垂类问题,文本,设计一份高职院校产教融合年度工作重点方案。,高职院校产教融合年度工作重点方案：1. 机制建设：修订《校企合作管理办法》，建立产教融合型企业动态评价机制；2. 平台搭建：重点建设2-3个产业学院，升级3个实训基地；3. 课程改革：开发5门‘岗课赛证’融通课程，编写2套活页式教材；4. 师资提升：选派10名教师赴企业实践，引进5名企业技术骨干；5. 人才培养：扩大现代学徒制试点规模，合作开发1个新专业；6. 社会服务：开展企业职工培训200人次，技术服务项目3项；7. 评价改进：引入第三方评估，形成年度质量报告。参考指标：学生就业对口率≥90%，企业满意度≥95%。,
825,产教融合垂类问题,文本,国家产教融合型企业的评选标准是什么？,国家产教融合型企业的评选标准参照省级标准实施，具体要求包括：1. 企业主营业务需与教育领域高度相关；2. 具备完善的产教融合机制和人才培养体系；3. 在校企合作、实训基地建设、技术创新等方面有实质性投入；4. 能够有效推动产业转型升级和人才培养质量提升。例如，广州入选的南方电网、南方航空等企业均符合上述标准。,
826,产教融合垂类问题,文本,如何构建‘一轴三区多支点’的产教融合发展空间布局？,构建‘一轴三区多支点’的产教融合发展空间布局需遵循以下步骤：1. 以广深港、广珠澳科技创新走廊为发展轴，串联重点区域；2. 打造北部、中部、南部三个产教融合聚集区，形成区域协同效应；3. 依托价值创新园区等关键节点，布局多个产教融合支点；4. 通过政策引导和资源整合，实现空间布局与产业需求的精准对接。广州的实践表明，该布局有助于优化资源配置，提升产教融合效能。,
827,产教融合垂类问题,文本,产教融合型企业如何参与现代学徒制试点？,产教融合型企业参与现代学徒制试点的操作流程包括：1. 与职业院校签订合作协议，明确人才培养目标和方案；2. 共同制定课程标准，确保教学内容与企业需求匹配；3. 企业派遣技术骨干担任兼职教师，提供实训岗位；4. 学生实行工学交替，理论学习与企业实践相结合；5. 建立考核评价机制，确保培养质量。例如，广州的部分企业已通过该模式与高职院校合作，显著提升了人才培养的针对性和实效性。,
828,产教融合垂类问题,文本,产教融合型行业培育对区域经济转型升级的作用是什么？,产教融合型行业培育对区域经济转型升级的作用主要体现在：1. 通过产业链与教育链的深度融合，推动产业结构优化升级；2. 培养适应新兴产业需求的高素质技术技能人才，缓解人才短缺问题；3. 促进产学研协同创新，加速科技成果转化；4. 形成行业示范效应，带动产业链上下游企业共同发展。广州计划到2025年培育10个以上产教融合型行业，正是为了发挥上述作用，为区域经济高质量发展提供支撑。,
829,产教融合垂类问题,文本,高职院校如何设计产教融合实训基地的建设方案？,高职院校设计产教融合实训基地建设方案需遵循以下原则：1. 需求导向：紧密对接区域产业和岗位需求，确定实训内容；2. 校企共建：引入企业资源，共同投资建设和运营管理；3. 功能复合：兼顾教学实训、技能鉴定、技术研发等多种功能；4. 智能化升级：融入新技术，提升实训的先进性和适应性。例如，广州按‘一中心、三区、七点’布局建设的公共实训基地体系，总规模达21万平方米，可同时提供2万个实训工位，充分体现了上述设计原则。,
830,产教融合垂类问题,文本,请解释国家产教融合型企业和国家产教融合试点城市在政策层面享有哪些具体的激励措施。,根据《关于印发产教融合型企业和产教融合试点城市名单的通知》，国家产教融合型企业和国家产教融合试点城市按规定享受产教融合领域相关投融资和财税等组合式激励政策。具体激励措施细节需参考相关配套政策文件，但总体方向是为深化产教融合提供政策支持，促进教育链、人才链与产业链、创新链的深度融合。,
831,产教融合垂类问题,文本,请简述国家层面推动产教融合的总体目标和核心路径。,国家层面推动产教融合的总体目标是贯彻落实党中央、国务院关于深化产教融合的决策部署，促进教育链、人才链与产业链、创新链的深度融合、有机衔接。核心路径包括：建立城市为节点、行业为支点、企业为重点的改革新路径新机制，重点聚焦完善发展规划和资源布局、推进人才培养改革、降低制度性交易成本、创新重大平台载体建设、探索体制机制创新等任务。,
832,产教融合垂类问题,文本,作为地方发展改革和教育部门，在推进产教融合试点工作中，需要重点关注哪些方面？,地方发展改革和教育部门在推进产教融合试点工作中，需要重点关注以下几个方面：发挥国家产教融合型企业和国家产教融合试点城市的示范引领作用；完善发展规划和资源布局；推进人才培养改革；降低制度性交易成本；创新重大平台载体建设；探索体制机制创新；统筹开展试点，落实支持政策，加强组织实施，确保如期实现试点目标。,
833,产教融合垂类问题,文本,该通知中提及的《国家产教融合建设试点实施方案》（发改社会〔2019〕1558号）在本次通知中起到了什么作用？,《国家产教融合建设试点实施方案》（发改社会〔2019〕1558号）是本次通知的依据和指导文件。本次通知是在该方案的基础上，通过印发《国家产教融合型企业名单》和《国家产教融合试点城市名单》，进一步落实和深化产教融合工作，并明确了相关要求和措施。,
834,产教融合垂类问题,文本,国家在产教融合工作中，对企业和城市分别提出了哪些具体要求？,对国家产教融合型企业的要求是：认真落实《国家产教融合建设试点实施方案》要求，切实深化产教融合，促进教育链、人才链与产业链、创新链深度融合、有机衔接。对国家产教融合试点城市的要求是：同样要认真落实《国家产教融合建设试点实施方案》要求，并发挥示范引领作用，建立新的改革路径和机制，统筹开展试点，落实支持政策，加强组织实施。,
835,产教融合垂类问题,文本,广东省产教融合建设试点的主要目标是什么？请从城市、行业、企业三个维度具体说明。,广东省产教融合建设试点的主要目标包括：1）城市维度：到2025年，在珠三角9市中至少培育5个市级试点城市，粤东粤西粤北地区至少各培育1个市级试点城市，县（市、区）级试点城市达到10个左右；2）行业维度：建设培育30个以上具有示范带动作用的产教融合型行业，其中制造业相关行业20个以上，现代农业、现代服务业相关行业10个以上；3）企业维度：建设培育1000家以上产教融合型企业，重点打造200个以上产教融合创新平台和实训基地。通过试点探索构建促进产教融合的制度框架和体制机制，完善组合式激励政策体系。,
836,产教融合垂类问题,文本,作为一家制造业企业，如何申请成为广东省产教融合型试点企业？需要满足哪些核心条件并履行哪些义务？,申请成为广东省产教融合型试点企业需满足以下核心条件：1）深度参与校企合作，在职业院校、高等学校办学和深化教育改革中发挥重要主体作用；2）由行业组织、企业或合作学校提出试点申请。试点企业需履行的主要义务包括：1）原则上按不低于职工总数的2%安排专业对口岗位接纳学生实习；2）加大职工教育培训投入，与职业院校、高等学校合作建立劳动者终身学习培训体系；3）联合职业院校、高等学校和产业园区共建产业学院、企业工作室、教学工厂；4）安排一定比例专业技术岗位供学校教师实践，推动教师与企业工程技术人员、高技能人才双向流动。,
837,产教融合垂类问题,文本,请设计一份粤港澳大湾区产教融合协同发展的实施方案框架，需包含资历对接、平台建设及政策支持三个核心模块。,粤港澳大湾区产教融合协同发展实施方案框架应包含：1）资历对接模块：推动粤港澳资历框架对接，开展学校特定课程学分互认，逐步实现专科学历、职业资格、专业技术、职业技能等级互通；探索与港澳地区开展职业技能等级认定试点；试点港澳职业院校与广东职业院校合作办学，颁发两地学历证书。2）平台建设模块：支持共建粤港澳大湾区特色职业教育园区；鼓励港澳职业院校、高等学校来粤共建实习实训基地；建设一批粤港澳青年创新创业基地；支持粤港澳大湾区职业教育产教联盟发展。3）政策支持模块：支持在粤港澳投资企业申报建设产教融合型企业，按规定享受政策支持；鼓励粤港澳大湾区内的企业建立技能等级与基本薪酬、岗位职级挂钩的激励机制；举办'创青春'粤港澳大湾区青年创新创业大赛，促进港澳青年来粤就业创业。,
838,产教融合垂类问题,文本,广东省在产教融合领域实施的'三项工程'具体指什么？这些工程在人才培养方面有哪些特色举措？,广东省在产教融合领域实施的'三项工程'是指'粤菜师傅'工程、'广东技工'工程和'南粤家政'工程。在人才培养方面的特色举措包括：1）'粤菜师傅'工程：加快粤菜产业品牌建设，健全粤菜质量管理、标准和评价认定体系，推动校企合作培养'粤菜名厨'，促进人才成长与粤菜产业协调发展。2）'广东技工'工程：积极推动大中型制造业企业面向技工院校开展招生即招工的'校企双制'技工培养，并纳入新型学徒制补贴范围；支持制造业企业自行开展员工技能培训；引导规模以上企业开展高技能人才培训、自主评价认定；完善技能竞赛制度，推动企业、行业建立首席技师制度。3）'南粤家政'工程：加强服务标准化、规范化建设，扶持一批诚信、正规、优质的家政服务企业，打造一批省级家政服务培训示范基地。,
839,产教融合垂类问题,文本,根据《职业教育法》修订内容，分析职业教育如何通过产教融合赋能新质生产力发展？,《职业教育法》明确职业教育是与普通教育具有同等重要地位的教育类型，其类型性特征驱动新质生产力的形成。通过产教融合，职业教育实现劳动力再生产、技术研发推动科技进步，并通过职普融通、产教融合、科教融汇催生先进生产力，成为加快形成新质生产力的关键因素。具体路径包括：培养高素质技术技能人才作为新质生产力的实践主体；推动产业深度转型升级；构建多元主体办学机制，实现生产要素创新性配置。,
840,产教融合垂类问题,文本,农业高职院校在推进产教融合实体化集群建设时，应如何落实'两翼'质量工程的具体要求？,农业高职院校需重点落实行业产教融合共同体和市域产教联合体建设：1）行业层面：牵头建设涉农产教融合共同体（如'国家智慧农业'共同体），通过委托培养、订单班等形式培养复合型人才；开展行业共性技术研发转化，解决'卡脖子'难题；构建共享教育资源库和虚拟仿真实训基地。2）市域层面：依托产业园区推进实体化运作，需明晰产权权责、健全管理制度（财务/信息披露/利益分配等）、设立透明化运营基金；重点建设产业学院，为现代学徒制提供组织保障，实现'生产与教育'深度融合。,
841,产教融合垂类问题,文本,设计一份高职院校提升产教融合水平的年度工作方案，需包含政策利用、模式创新和质量保障三方面内容。,【政策利用】1）对接国家《职业教育产教融合赋能提升行动方案（2023-2025）》，争取省级'金融+财政+土地+信用'组合激励政策；2）申报产教融合型企业，落实税收优惠等激励措施。【模式创新】1）推行混合所有制产业学院，实施中国特色学徒制；2）建立'专业设置集群化'机制，动态对接产业链需求；3）建设数字化职教平台，启动数据基座建设。【质量保障】1）制定'四链对接'考核指标（教育链、专业链、产业链、创新链）；2）完善双师型教师评价体系，将企业实践纳入职称评审；3）建立第三方评估机制，重点监测学生技能与市场需求匹配度。,
842,产教融合垂类问题,文本,分析职业教育适应性特征在新质生产力形成中的作用机制，并举例说明农业领域的实践路径。,职业教育适应性特征通过以下机制赋能新质生产力：1）需求响应机制：动态调整专业布局与课程内容，使人才培养与产业升级同步；2）技术转化机制：推动新技术、新工艺进课堂，实现教学过程与生产过程无缝衔接；3）生态协同机制：通过产教融合共同体整合资源，降低创新成本。农业领域实践路径包括：1）培养'懂技术、善经营、能创新'的乡土人才，开展'土专家'培育工程；2）建设'智能农机装备'等产教融合共同体，推广数字农业技术；3）依托市域联合体建立产业学院，实现'耕读教育'与现代农业技术融合，破解农业老龄化难题。,
843,产教融合垂类问题,文本,结合'科教融汇'理念，阐述农业高职院校如何构建'产科教协同'的创新体系。,构建'产科教协同'创新体系需从三方面突破：1）理念革新：将科研育人纳入教师考核指标，设立'教学型/科研型/技术型'岗位分类评价；2）制度保障：建立三级科研基金，改革职称评审破除'四唯'束缚，推行科研项目终身责任制；3）教学融合：推动科研成果进课堂（如地方标准制定案例）、科研方法进实训，建设'研训创一体'专业群。例如，辽宁农业职业技术学院通过'农业新品种培育'项目实现科研-教学-产业转化闭环，培养学生'大国三农'情怀，解决科教'两张皮'问题。,
844,产教融合垂类问题,文本,根据国家产教融合型企业名单，分析产教融合型企业的主要行业分布特征及其对职业教育的战略意义。,国家产教融合型企业名单显示，企业主要分布于能源（如国家电网、中国中车）、制造（如中国机械工业、海尔集团）、信息技术（如腾讯科技、联想集团）、交通运输（如中国南方航空、中国铁路工程）和金融服务（如中国工商银行）等行业。这种分布反映了产教融合型企业以实体经济和高新技术产业为主体的特征，对职业教育的战略意义在于：通过企业深度参与人才培养，推动职业教育与产业需求对接，培养适应产业升级的高素质技术技能人才，同时促进教育链、人才链与产业链、创新链的有机衔接。,
845,产教融合垂类问题,文本,企业申报国家级产教融合型企业的基本条件及政策激励措施有哪些？,根据相关政策，企业申报国家级产教融合型企业的基本条件包括：在区域内具有行业代表性、积极参与校企合作、具备稳定的产教融合实践案例和成效。政策激励措施主要包括：1）纳入产教融合型企业认证目录，享受‘金融+财政+土地+信用’的组合式激励；2）优先参与国家重大项目申报；3）在职业教育领域获得政策支持和资源倾斜；4）通过产教融合项目提升企业社会影响力和人才储备。这些措施旨在鼓励企业深度参与职业教育，形成校企协同育人的长效机制。,
846,产教融合垂类问题,文本,设计一份高职院校提升产教融合水平的年度工作重点方案。,高职院校提升产教融合水平的年度工作重点方案应包括：1）深化校企共建：与至少3家产教融合型企业共建产业学院或实训基地，开发模块化课程；2）强化‘双师型’教师队伍建设：选派教师到企业实践锻炼，引进企业技术骨干担任兼职教师；3）推动技术创新：与企业联合申报技术攻关项目，促进科研成果转化；4）优化人才培养模式：推行‘工学交替’、‘订单班’等培养模式，提高学生实践能力；5）完善评价机制：建立以学生就业质量、企业满意度为核心的产教融合成效评价体系。,
847,产教融合垂类问题,文本,分析现代产业学院在产教融合中的作用及建设路径。,现代产业学院是产教融合的重要载体，其作用在于：整合校企资源，实现教育链、产业链、创新链的深度融合；推动人才培养模式改革，培养复合型、创新型技术技能人才；促进科研成果转化，服务区域产业升级。建设路径包括：1）明确校企双方权责，建立理事会治理结构；2）围绕产业需求设置专业课程，开发特色教材；3）共建实训平台和创新创业基地；4）引入企业真实项目作为教学案例；5）建立动态调整机制，适应产业发展变化。,
848,产教融合垂类问题,文本,产教融合型企业认定标准中的‘深度参与校企合作’具体指哪些内容？,产教融合型企业认定标准中的‘深度参与校企合作’主要包括以下内容：1）与职业院校或高校共同制定人才培养方案，参与课程开发和教材编写；2）为学生提供实习实训岗位，并配备企业导师进行指导；3）参与‘双师型’教师队伍建设，接收教师到企业实践；4）通过捐赠设备、设立奖学金等方式支持职业教育发展；5）与院校共建产业学院、实训基地或技术创新中心；6）参与职业教育评价标准制定，反馈产业人才需求变化。这些内容体现了企业在人才培养全过程中的实质性参与，而非形式化合作。,
849,产教融合垂类问题,文本,国家产教融合建设试点的总体目标是什么？请从政策层面解读其战略意义。,国家产教融合建设试点的总体目标是：通过5年左右的努力，试点布局建设50个左右产教融合型城市，在试点城市及其所在省域内打造形成一批区域特色鲜明的产教融合型行业，在全国建设培育1万家以上的产教融合型企业，建立产教融合型企业制度和组合式激励政策体系。其战略意义在于促进教育链、人才链与产业链、创新链有机衔接，推动教育优先发展、人才引领发展、产业创新发展、经济高质量发展相互贯通、相互协同、相互促进，基本解决人才供需重大结构性矛盾，增强教育对经济发展和产业升级的服务贡献。,
850,产教融合垂类问题,文本,企业参与产教融合型建设可享受哪些政策激励？请列举具体措施。,企业参与产教融合型建设可享受以下政策激励：1. 试点企业兴办职业教育符合条件的投资，可按投资额30%的比例抵免当年应缴教育费附加和地方教育附加；2. 深化产教融合取得显著成效的试点企业，可纳入产教融合型企业认证目录，享受‘金融+财政+土地+信用’的组合式激励；3. 社会力量举办教育可适用各项财税、投资、金融、用地、价格优惠政策；4. 鼓励制造业企业为新增先进产能和新上技术改造项目配套建设实训设施；5. 允许符合条件的试点企业在岗职工以工学交替等方式接受高等职业教育，支持校企共招联合培养专业学位研究生。,
851,产教融合垂类问题,文本,如何推进产教融合校企合作人才培养改革？请结合政策要求提出操作路径。,推进产教融合校企合作人才培养改革的操作路径包括：1. 将培育工匠精神纳入中小学劳动教育内容；2. 以生产性实训为关键环节，探索职业教育人才培养新模式；3. 推动企业深度参与校企协同育人，实现职业院校人才培养与企业联盟、行业联合、园区联结；4. 在技术类专业全面推行现代学徒制和企业新型学徒制；5. 推动企业构建规范化的技术课程、实习实训和技能评价标准体系；6. 健全需求导向的人才培养结构动态调整机制，建立紧密对接产业链、服务创新链的学科专业体系；7. 提高规模以上工业企业参与校企合作比例，推动大企业参与职业教育和专业学位研究生教育办学。,
852,产教融合垂类问题,文本,请设计一份高职院校提升产教融合水平的年度工作重点方案。,高职院校提升产教融合水平年度工作重点方案：1. 深化校企协同育人机制：与行业龙头企业共建实体化产教融合集团（联盟），推行现代学徒制，开发企业主导的课程体系；2. 建设高水平实训基地：依托重点产业需求，校企共建共享专业化产教融合实训基地，优先满足先进制造业、战略性新兴产业等人才需求；3. 强化‘双师型’教师队伍建设：落实教师企业实践锻炼制度，设立产业导师特设岗位，促进校企人才双向流动；4. 创新服务平台建设：参与区域性产教融合信息服务平台建设，推动技术课程和实训教学服务购买；5. 完善评价激励机制：建立体现产教融合发展导向的教育评价体系，将校企合作成效纳入绩效考核；6. 加强政策对接：积极申报产教融合型企业认证，争取‘金融+财政+土地+信用’组合式激励政策支持。,
853,产教融合垂类问题,文本,产教融合型城市试点建设应遵循哪些原则？请分析其对区域协调发展的意义。,产教融合型城市试点建设应遵循以下原则：1. 统筹部署、协调推进：坚持政府主导，发挥市场作用，形成各方协同共进的工作格局；2. 优化布局、区域协作：根据国家区域发展战略和产业布局，重点支持有建设基础、改革意愿、带动效应的城市，东部地区城市需开展结对帮扶和对口支援；3. 问题导向、改革先行：集中力量破除体制障碍，打通改革落地‘最后一公里’；4. 有序推进、力求实效：坚持实事求是、扶优扶强，促进建设试点与经济结构调整、产业转型升级紧密结合。其对区域协调发展的意义在于：通过试点城市的示范引领，带动中西部地区发展，促进区域教育资源与产业布局优化配置，推动形成东中西部协同推进的产教融合新格局，助力打赢脱贫攻坚战，实现区域经济高质量发展。,
854,产教融合垂类问题,文本,国家产教融合试点城市名单中包含哪些具有代表性的城市？,根据国家产教融合试点城市名单，具有代表性的城市包括：天津市津南区、河北省唐山市、辽宁省沈阳市、中国（上海）自由贸易区临港新片区、江苏省常州市、浙江省杭州市、浙江省宁波市、安徽省合肥市、福建省泉州市、江西省景德镇市、山东省济南市、山东省青岛市、河南省郑州市、湖北省襄阳市、湖南省长株潭城市群、广东省广州市、广东省深圳市、广西壮族自治区柳州市、四川省宜宾市、陕西省咸阳市、新疆维吾尔自治区巴音郭楞蒙古自治州。这些城市涵盖了东、中、西部及不同类型的行政区域，体现了国家在推进产教融合战略上的广泛布局。,
855,产教融合垂类问题,文本,产教融合试点城市在职业教育发展中扮演什么角色？,产教融合试点城市是国家深化产教融合、校企合作的重要载体。通过在这些城市开展试点，旨在打破学校与企业之间的壁垒，促进教育链、人才链与产业链、创新链的有机衔接。试点城市能够先行先试，探索建立校企合作的长效机制，为全国范围内的职业教育改革和人才培养模式创新提供可复制的经验和范本，从而提升区域产业竞争力，推动经济社会高质量发展。,
856,产教融合垂类问题,文本,企业参与产教融合试点项目通常面临哪些挑战？,尽管国家大力推动产教融合，企业参与仍可能面临以下挑战：1. **成本与收益不平衡**：企业投入设备、师资或场地进行人才培养，短期内难以看到直接的经济回报；2. **机制不健全**：缺乏稳定的合作模式和利益分配机制，导致合作易流于形式；3. **人才匹配度**：学校培养的人才与产业实际需求存在脱节，导致“招工难”与“就业难”并存；4. **政策落实难度**：虽然名单中有试点城市，但具体的激励政策（如税收优惠、金融支持）在基层落地时可能存在执行偏差。,
857,产教融合垂类问题,文本,如何利用产教融合试点城市的资源提升双师型教师队伍素质？,利用产教融合试点城市的资源提升双师型教师素质，可采取以下措施：1. **建立产业学院**：依托试点城市的高校与企业共建现代产业学院，让教师定期进入企业挂职锻炼，参与真实项目研发；2. **聘请企业专家**：从合作企业聘请技术骨干担任兼职教师，承担专业课教学和实践指导任务；3. **开展联合教研**：组织校企双方教师共同开发课程标准、教材和实训项目，实现理论与实践的深度融合；4. **参与行业培训**：鼓励教师参与行业协会组织的专业培训，及时更新行业前沿知识和技能。,
858,产教融合垂类问题,文本,根据国家产教融合建设试点方案，国家产教融合型企业和试点城市在哪些方面享受政策激励？,国家产教融合型企业和国家产教融合试点城市，按规定享受产教融合领域相关投融资和财税等组合式激励政策。,
859,产教融合垂类问题,文本,国家发展改革委和教育部对国家产教融合试点城市和企业有哪些指导和监督要求？,国家发展改革委和教育部要求各地发展改革和教育部门发挥国家产教融合型企业和国家产教融合试点城市的示范引领作用，建立城市为节点、行业为支点、企业为重点的改革新路径新机制，并加强政策统筹、协调推进和督促检查，适时组织开展实施情况评估。,
860,产教融合垂类问题,文本,国家产教融合试点城市在推进产教融合过程中，应重点关注哪些任务？,国家产教融合试点城市应重点聚焦完善发展规划和资源布局、推进人才培养改革、降低制度性交易成本、创新重大平台载体建设、探索体制机制创新等任务，统筹开展试点，落实支持政策，加强组织实施，确保如期实现试点目标。,
861,产教融合垂类问题,文本,国家产教融合试点方案强调教育链、人才链与哪些链条的深度融合？,国家产教融合试点方案强调教育链、人才链与产业链、创新链的深度融合、有机衔接。,
862,产教融合垂类问题,文本,国家产教融合试点城市在信息公开方面有哪些要求？,国家产教融合试点城市应组织企业和城市发布产教融合年度报告，及时公布工作经验、典型案例、取得成效等，切实发挥产教融合引领作用。,
863,产教融合垂类问题,文本,当前产教融合面临的主要困境是什么？如何破解'校热企冷'现象？,产教融合当前面临的主要困境是'校热企冷'和'合而不融'现象。破解这一困境需要从三个层面入手：宏观层面完善政策激励机制，明确企业在产教融合中的价值目标；中观层面构建校企合作长效机制，建立校企利益共同体；微观层面创新合作模式，通过现代产业学院、产教融合型企业等载体，实现校企在人才培养、专业建设、科研创新等方面的深度对接。关键是要让企业在参与过程中实现人力资本价值提升、技术创新需求满足等核心利益，从而提高企业参与的积极性。,
864,产教融合垂类问题,文本,企业参与产教融合的行动路径包含哪些关键环节？,企业参与产教融合的行动路径包含四个关键环节：1）行动路径基础：从高技能人才就业需求、合作培养需求、专业建设需求和科研创新需求四个维度建立校企对应关系；2）行动路径推进：通过多元空间产教融合（如校校企合作模式）、高技能人才培养成就动机（社会责任、教育价值、人力资本价值）、专业建设效果分析和科研项目阶段性管理实现价值提升；3）行动路径挑战：应对人才流失、培养合作问题、专业建设困境和技术应用创新困境；4）行动路径固化：从人才就业、人才培养、专业建设和科研创新四个维度实施改革措施，形成长效机制。,
865,产教融合垂类问题,文本,高职院校如何通过产教融合提升专业建设质量？,高职院校通过产教融合提升专业建设质量需把握三个关键点：一是强化专业适应性，根据产业场域需求动态调整专业设置，确保人才培养与产业发展同频共振；二是深化产教互动，在师资队伍建设上引入'双师型'教师培养机制，在课程建设上融入企业技术标准和真实项目，在实训基地建设上采用校企共建共享模式；三是建立质量评价体系，从职业教育场域和产业场域双重维度评估专业建设成效，重点关注毕业生就业质量、企业满意度和技术创新贡献度，形成'专业-产业-就业'的良性循环。,
866,产教融合垂类问题,文本,产教融合中如何实现科研创新的价值共创？,产教融合中实现科研创新价值共创需要建立完整机制：前期进行科研项目风险评估，确保研究方向符合企业实际需求；中期建立保障机制，包括校企联合实验室、技术应用创新平台等载体，配备专业技术团队和研发资金；后期开展效果评价，重点关注技术转化率和经济效益。关键是要培育技术应用创新人才，推动基于企业真实需求的科研项目开发，形成'企业出题、院校解题、成果共享'的创新链条。通过这种模式，企业获得技术创新支持，院校提升科研能力，实现校企双赢的价值共创格局。,
867,产教融合垂类问题,文本,请设计一份提升企业参与产教融合积极性的政策建议方案。,提升企业参与产教融合积极性的政策建议方案应包含四个维度：1）财税激励政策：对认定为产教融合型企业的给予税收减免、财政补贴，特别对高技能人才培训成本给予专项补助；2）人才支持政策：建立'双师型'教师企业实践制度，允许企业技术专家到院校兼职任教，同时保障企业优先录用优秀毕业生；3）平台建设政策：支持校企共建现代产业学院、技术创新中心等载体，对产教融合实训基地建设给予土地、资金支持；4）评价激励机制：将企业参与产教融合情况纳入社会责任评价体系，对表现突出的企业给予品牌推广和政府采购优先权。通过系统性政策设计，形成企业'愿意参与、能够参与、有效参与'的良好生态。,
868,产教融合垂类问题,文本,新质生产力锻造对职业教育提出的核心要求是什么？,新质生产力锻造要求职业教育通过三方面提供驱动力：一是通过科技创新赋能，满足新质生产力对'新介质'劳动资料的需求；二是以人才培养方式创新满足对'高素质'劳动者的需求；三是以产教融合关系创新满足对'新料质'劳动对象的需求。这要求职业教育在科技赋能、人才培养和产教融合三个维度进行系统性创新。,
869,产教融合垂类问题,文本,当前职业教育服务新质生产力锻造面临的主要困境有哪些？,职业教育服务新质生产力锻造面临三方面实然困境：一是'新介质'劳动资料支持不足，表现为科技创新思维受限、创新动力不足和成果转化机制尚未形成；二是'高素质'劳动者支撑不足，存在技术技能型人才培养数量不足、培养质量不高和评价体系不完善等问题；三是'新料质'劳动对象引领不足，行业产业参与程度低、产教互融模式有待改进、互融深度不足。,
870,产教融合垂类问题,文本,如何构建产教融合共同体以服务新质生产力发展？,构建产教融合共同体需要采取三方面措施：第一，明确行业组织在产教融合中的指导地位与责任，建立政府、行业、企业、学校多元协同机制；第二，打破产教融合平台'分散化'运行模式，促进各层级、各部门间的有效对接；第三，深化产教互融深度，推动职业院校科研导向转向实践应用，建立科研成果转化激励机制，特别要加强对新兴产业和未来产业的科研支持。,
871,产教融合垂类问题,文本,职业教育如何通过人才培养创新支撑人力资本跃升？,职业教育支撑人力资本跃升需从三方面创新人才培养体系：一是扩大技术技能型人才培养规模，畅通升学渠道，建立人才供需高效信息沟通机制；二是提升培养质量，强化学生实践能力培养，对接高端产业和产业高端需求，促进多专业融合和多技术整合；三是完善评价体系，建立由行业协会、龙头企业牵头开发的职业技术技能标准和评价规范，推动学历证书与职业资格证书融通。,
872,产教融合垂类问题,文本,请为职业院校设计一份服务新质生产力锻造的年度工作重点方案。,职业院校服务新质生产力锻造的年度工作重点应包括三大工程：一是制度优化工程，完善科技创新激励机制，建立成果转化平台，明确产教融合各方权责；二是人才培优工程，动态调整专业设置对接产业需求，构建'双师型'教师培养体系，改革学生评价机制；三是产教融合提质工程，建设市域产教联合体，深化与龙头企业合作，共建现代产业学院，重点面向战略性新兴产业和未来产业开展协同育人。,
873,产教融合垂类问题,文本,在工程教育专业认证中，持续改进理念如何与产教融合战略相结合？,持续改进是工程教育专业认证的三大核心理念之一，而产教融合是国家高等教育的重要战略方针。二者结合体现在：通过知识图谱技术动态采集产业界岗位招聘信息，精确捕捉产业人才技能需求，并将其与课程知识点进行匹配映射，构建产教双向能力达成评价体系。这种结合使课程体系能够根据产业技术迭代需求进行动态调整，确保工程人才培养与产业发展同步，实现持续改进的闭环管理。,
874,产教融合垂类问题,文本,如何利用知识图谱技术解决产教融合中产业需求捕捉不准确的问题？,知识图谱技术通过以下流程解决产业需求捕捉问题：首先利用数据抓取和自然语言处理技术实时采集产业岗位招聘信息；然后通过命名实体识别模型（如BERT-BILSTM-CRF）抽取技能需求关键词，并使用文本分类模型（如Word2vec+TEXTCNN）识别岗位类型；最后将技能需求与课程知识点进行余弦相似度计算，建立映射关系。这种方法突破了传统问卷调查和专家评审的局限性，能够全面、动态地捕捉产业能力需求，为课程体系持续改进提供精准依据。,
875,产教融合垂类问题,文本,产教融合课程体系建设中，如何实现学生能力达成的综合评估？,学生能力达成综合评估需建立'产业需求-课程知识点-能力观测点'的映射体系。具体实施包括：1）将产业技能需求与专业认证毕业要求对应，再分解到课程知识点；2）通过多样化考核方式（考试、实验、课程项目等）评估知识点掌握情况；3）基于知识图谱平台构建可视化评估界面，生成学生个人能力达成画像；4）结合产业评价维度，分析学生实际岗位所需能力的匹配度，为个性化培养方案定制和职业发展规划提供数据支持。,
876,产教融合垂类问题,文本,现代产业学院在产教融合中应具备哪些核心功能？,现代产业学院作为产教融合的重要载体，需具备以下核心功能：1）动态产业需求分析功能，通过知识图谱技术实时监测产业技术变革和人才需求变化；2）产教资源共享功能，整合企业导师、实训设备、软件资源等产教要素；3）能力导向课程体系构建功能，将产业能力需求转化为可量化的课程知识点和教学目标；4）双向评价改进功能，建立产业参与的学生能力达成评价机制，实现课程体系的持续优化；5）个性化人才培养功能，基于能力画像提供学习资源推荐、学业预警和职业发展指导。,
877,产教融合垂类问题,文本,高职院校提升产教融合水平应重点推进哪些工作？,高职院校提升产教融合水平应重点推进：1）建设产教融合信息平台，运用知识图谱技术实现产业需求与课程体系的智能匹配；2）深化'双师型'教师队伍建设，建立企业导师与学校教师的协同教学机制；3）开发模块化课程体系，将产业标准、技术规范和职业资格要求融入课程内容；4）共建共享实训基地，引入企业真实生产环境和项目案例；5）完善评价机制，将企业评价纳入学生能力考核体系，形成'培养-评价-改进'的闭环管理；6）推动产教融合型企业认证，吸引更多企业深度参与人才培养全过程。,
878,产教融合垂类问题,文本,根据《行业产教融合共同体建设指南》，行业产教融合共同体的核心特征是什么？,行业产教融合共同体的核心特征包括：1）跨区域汇聚产教资源，促进产教布局高度匹配；2）服务高效对接，支撑全行业发展；3）由龙头企业和高水平高等学校、职业学校牵头，联合行业组织、科研机构、上下游企业等共同组建；4）实质性参与建设，开放资源并承担任务。,
879,产教融合垂类问题,文本,现代产业学院建设中，如何通过'产学研用'服务平台促进产业链与创新链的衔接？,建设'产学研用'服务平台的路径包括：1）加强校企产学研用合作项目开发，如共建实验室协同开展科研攻关，将科研平台转化为学生实践载体；2）搭建多功能综合服务中心，整合技术开发、成果转化、项目孵化等功能，实现生产、学习、科研、实践的无缝衔接；3）通过地方政府牵头，联合多方主体投资，兼顾社会效益与经济效益，确保平台功能落地。,
880,产教融合垂类问题,文本,以实践能力培养为导向，现代产业学院应如何优化教学资源配置？,教学资源优化配置的路径包括：1）构建校企合作课程体系，由企业技术专家与教师共同设计课程，增加实践性课程比重；2）实行'双导师—双场景'制，利用校企人才流动优势提升实践教学效果；3）建立企业深度参与的课程评价机制，通过'双元评价'强化实践教学质量；4）丰富课外活动，如职业技能竞赛、产业实践项目和创新创业活动，提升学生综合实践能力。,
881,产教融合垂类问题,文本,基于行业产教融合共同体的现代产业学院建设需遵循哪些逻辑要求？,现代产业学院建设需遵循三大逻辑要求：1）产业性是关键，强调行业应用技术研发转化及高水平服务企业发展；2）育人性是根本，注重增强技术技能人才培养适应性和社会职业技能培训能力；3）共生性是实质，需建立共生性机制和治理体系，实现校企'共建共享、共谋发展'。,
882,产教融合垂类问题,文本,如何设计现代产业学院综合性实习实训基地的建设方案？,建设方案需包含以下要点：1）明确建设目标，包括高水平实训标准范式、先进运行模式、大师名匠引进及全链条协同育人能力；2）联合多元主体共建，依托行业产教融合共同体汇聚地方政府、龙头企业、高校等资源；3）拓宽资金渠道，通过市场化资本、企业投资等方式保障资源投入；4）推行'共建共享共管'模式，确保基地功能完备且可持续运行。,
883,产教融合垂类问题,文本,请从政策层面解读行业产教融合共同体建设的战略意义及其在国家宏观政策体系中的定位。,行业产教融合共同体作为深化现代职业教育体系建设改革的重要战略任务，于2022年底由中办与国办在《关于深化现代职业教育体系建设改革的意见》中首次部署实施，优先在新一代信息技术等13个重点领域推广。其战略意义在于通过跨区域、全产业链的资源整合，构建多主体协同的产教融合新生态，解决传统产教融合中'校热企冷''建而不实''合而不融'等问题。国家层面通过《行业产教融合共同体建设指南》等文件明确其总体思路、任务及保障措施，标志着该模式进入实体化阶段，旨在推动教育链、人才链与产业链、创新链的深度衔接。,
884,产教融合垂类问题,文本,基于复杂适应系统理论，分析行业产教融合共同体需防范的核心问题及具体表现。,根据复杂适应系统理论，行业产教融合共同体需防范三大核心问题：1）多元价值取向冲突：政策过度偏重教育端，忽视企业利益诉求，导致'校热企冷'，企业因短期利益导向或人力资本价值下降而参与动力不足；2）资源流动障碍：共同体易虚化为'名义共同体'，存在实践与理论资源流动不畅、师资衔接困难、成果转化难等'建而不实'问题；3）评价体系滞后：教育与产业评价体系片面化（如教育'唯论文'、产业'唯利润'），缺乏一体化评价机制，引发'合而不融'现象。,
885,产教融合垂类问题,文本,请设计一套行业产教融合共同体实体化运行的操作方案，重点说明资源整合与机制建设的关键举措。,行业产教融合共同体实体化运行方案需聚焦'共建共享共治'：1）资源整合层面：搭建实体产线、学习工厂等载体，实现企业实践资源与学校理论资源的'教训一体'流动；建立'双师型'师资双向流动机制，开通企业专家入校任教绿色通道，试点校企师资轮岗制度；设立科技成果转化办公室，共建应用基地与中试基地，加速科研产业化。2）机制建设层面：构建长效合作教育机制，通过'毕业证书+职业资格证书'双证书制度增强人才黏性；建立市场化评价体系，将用人单位满意度、技术突破效益等纳入考核；制定可量化指标，明确各方权责利益，确保监测落地。,
886,产教融合垂类问题,文本,从企业视角出发，分析参与行业产教融合共同体的核心诉求及政策如何有效激发其内生动力。,企业参与产教融合的核心诉求包括：获得稳定的人力资本回报、降低技术升级成本、提升市场竞争力。政策需通过以下方式激发其内生动力：1）价值共融：调整现有'人才培养'单一标识，强化'技术升级与产品研发'的创新标识，通过过程共管、责任共担确保人才供给稳定性，减少流失风险；2）利益共享：允许企业深度参与技术攻关与成果转化，通过税收、金融等优惠政策补偿长期投入成本；3）评价改革：将企业参与产教融合的成效（如专利转化、人才适配度）纳入企业评价体系，替代单一的'利润化''专利化'指标，引导其从'被动参与'转向'主动融入'。,
887,产教融合垂类问题,文本,请阐述复杂适应系统理论对优化行业产教融合共同体建设的理论指导价值。,复杂适应系统理论为行业产教融合共同体建设提供四维理论指导：1）聚集属性：指导多主体（政府、行业、企业、学校）形成有机整体，避免传统模式的松散性；2）多样性属性：强调保留主体异质性，如政府提供资源保障、行业串联产业链、校企差异化贡献资源，形成生态化协同；3）流属性：通过师资、学历、知识、技术四类流动机制（如'双聘制度''学习成果互认'）促进资源高效交互；4）非线性属性：推动主体间互补效应联动（如'企业实践+学校理论'的人才培养模式），实现系统效能'1+1>2'。该理论为防范问题、优化路径提供了系统性框架。,
888,产教融合垂类问题,文本,请阐述产教融合对高等教育人才培养模式转型的战略意义。,产教融合是高等教育人才培养模式转型的必然选择，其战略意义体现在以下几个方面：一是促进人才培养与产业发展需求有效对接，解决高校人才培养与市场需求脱节的问题；二是推动高校教学内容和方法的创新，提升人才培养质量；三是促进科技成果转化和应用，赋能区域经济发展；四是构建校企合作共同体，实现优势互补、资源共享、风险共担，形成利益共同体。产教融合通过深化教育教学改革，培养适应产业发展需求的高素质应用型人才，为经济社会发展提供强有力的人才支撑。,
889,产教融合垂类问题,文本,请简述当前职业教育产教融合面临的主要挑战。,当前职业教育产教融合面临的主要挑战包括：一是校企合作机制不健全，缺乏长期稳定的合作关系；二是企业参与深度不足，对人才培养的意见和建议反馈不及时；三是教师实践经验不足，难以适应企业实际需求；四是课程体系与产业发展脱节，缺乏针对性和实用性；五是评价体系滞后，难以有效评估产教融合的成果；六是政策支持力度不够，缺乏系统性的激励和保障机制。,
890,产教融合垂类问题,文本,如何构建现代产业学院，以提升职业教育的产教融合水平？,构建现代产业学院的关键在于：一是明确产业导向，聚焦区域支柱产业和新兴产业，确定学院建设重点；二是校企深度合作，建立利益共享机制，实现人才、技术、资金、信息等资源的互通互用；三是创新人才培养模式，推行“校企一体化”课程体系，强化实践教学环节；四是建设高水平师资队伍，引进企业工程师担任兼职教师，提升教师实践能力；五是完善评价体系，建立以就业为导向的评价机制，促进学院持续发展。,
891,产教融合垂类问题,文本,请解释“双师型”教师在产教融合中的作用和培养策略。,“双师型”教师是指既有扎实的专业理论知识，又具备丰富的实践经验的教师。在产教融合中，“双师型”教师是关键要素，他们能够将企业实际需求融入教学内容，提升学生的实践能力和职业素养。培养“双师型”教师的策略包括：一是鼓励教师到企业实践锻炼，了解产业发展动态；二是引进企业工程师担任兼职教师，分享实践经验；三是支持教师参与企业项目合作，提升解决实际问题的能力；四是建立“双师型”教师评价体系，激励教师积极参与产教融合。,
892,产教融合垂类问题,文本,针对当前产教融合中校企合作“重教轻产”的现象，提出改进建议。,针对产教融合中校企合作“重教轻产”的现象，改进建议如下：一是建立以企业为主导的合作机制，充分发挥企业在人才培养中的主体作用；二是完善利益分配机制，确保企业在产教融合中获得合理回报；三是鼓励企业参与课程开发和教学实践，提供实践基地和项目资源；四是加强校企双方的沟通与交流，建立长期稳定的合作关系；五是完善评价体系，将企业对学生的评价纳入考核指标，引导高校更加关注学生的实践能力和职业素养。,
893,产教融合垂类问题,文本,产教融合型企业在人才培养方面有哪些核心职责？,产教融合型企业作为深化产教融合的重要载体，在人才培养方面承担着三大核心职责：一是深度参与职业院校专业建设，共同制定人才培养方案和课程标准；二是提供稳定的实习实训基地，配备'双师型'指导教师，确保实践教学与产业需求对接；三是通过现代学徒制、新型学徒制等形式，参与技术技能人才全过程培养，实现人才供需精准匹配。这些职责要求企业将人力资源开发延伸至教育环节，构建'招生即招工、入校即入厂'的培养模式。,
894,产教融合垂类问题,文本,如何构建职业教育现代产业学院的治理结构？,职业教育现代产业学院的治理结构应采用'校企双主体、多元协同'的治理模式：首先成立由校企双方代表组成的理事会作为决策机构，企业成员占比不低于40%；其次建立专业建设委员会，由行业专家、企业技术骨干和院校教师共同参与课程开发；第三设立实践教学管理中心，统筹校企资源共享和实训基地运营；最后形成质量评价机制，引入行业标准和第三方评估。这种治理结构需要通过章程明确各方权责，确保企业深度参与人才培养全过程。,
895,产教融合垂类问题,文本,产教融合对提升职业教育质量有哪些战略意义？,产教融合对提升职业教育质量具有三重战略意义：一是破解'教'与'产'脱节难题，通过校企共同开发课程、共建实训基地，使教学内容与产业技术发展同步更新；二是促进'双师型'教师队伍建设，教师通过企业实践提升技术技能水平，企业工程师参与教学传递前沿技术；三是推动人才培养供给侧改革，实现专业设置与产业需求对接、课程内容与职业标准对接、教学过程与生产过程对接，最终培养出符合产业需求的高素质技术技能人才。,
896,产教融合垂类问题,文本,职业院校如何制定年度产教融合工作重点？,职业院校制定年度产教融合工作重点应包含四个维度：第一，体制机制建设，完善校企合作理事会运行机制，修订产教融合管理办法；第二，人才培养改革，联合企业开发2-3个专业领域的活页式教材，共建3-5个产业学院或企业学院；第三，师资队伍建设，选派30%专业教师到企业实践不少于2个月，聘请20名企业技术骨干担任产业导师；第四，服务平台建设，升级校内实训基地，新建2个技术技能创新服务平台，为企业提供技术服务不少于10项。各项工作需明确责任部门、时间节点和考核指标。,
897,产教融合垂类问题,文本,宁波市在推进产教融合方面，对现代产业学院有哪些具体的支持政策？,根据宁波市《进一步推动经济高质量发展若干政策》，宁波市对入选国家级、省级、市级产教融合联盟（示范基地、企业）、现代产业学院的，对应给予分档奖励。此外，还根据产教融合型企业对职业教育、产教融合项目的投入资金，按比例予以奖励。具体奖励标准未在文件中明确，但体现了政府对现代产业学院建设的重视和支持。,
898,产教融合垂类问题,文本,如何理解宁波市提出的“双师型”教师队伍建设在产教融合中的作用？,虽然文件中未直接提及“双师型”教师，但其对职业教育和人才培养的重视，以及对技术技能人才的培养支持，体现了对“双师型”教师队伍建设的内在需求。产教融合需要既懂技术又懂教学的教师，即具有扎实的专业技能和丰富的教学经验，才能有效开展校企合作，提升人才培养质量。宁波市通过支持职业技术学院升格为本科层次职业大学，以及强化科技金融支持，为“双师型”教师队伍的建设提供了环境和动力。,
899,产教融合垂类问题,文本,宁波市如何支持企业参与职业教育的实践教学环节，并提升职业教育的适应性？,宁波市通过多种方式支持企业参与职业教育的实践教学环节。一方面，通过对产教融合型企业对职业教育、产教融合项目的投入资金按比例予以奖励，鼓励企业参与校企合作。另一方面，通过实施“劳有所得”政策，深化“一人一技”终身职业技能培训，支持公共实训基地、技能大师工作室等平台建设，为企业提供人才培养和技能提升的平台。此外，还鼓励校企建立高层次人才“共享双聘”机制，选派“科技副总”“产业教授”，促进企业技术与教育教学的深度融合，从而提升职业教育的适应性。,
900,产教融合垂类问题,文本,宁波市在推动产教融合过程中，如何保障人才培养与产业发展之间的匹配度？,宁波市通过“161”工程建设，建立健全与新质生产力发展需要相匹配的高等学校学科专业优化调整机制，旨在解决人才培养与产业发展之间的匹配度问题。此外，通过加快科技成果落地转化，支持企业建立研发准备金制度，鼓励企业加大研发投入，并对研发投入给予补贴，从而促进产学研深度融合，确保人才培养方向与产业发展需求紧密结合。同时，通过迭代升级甬江人才工程，聚焦前沿科技和未来产业，提高青年人才入选比例，为产业发展提供人才支撑。,
901,产教融合垂类问题,文本,宁波市在推进产教融合的背景下，如何支持民营企业的发展，并促进其参与到人才培养中来？,宁波市通过多项政策支持民营企业参与产教融合和人才培养。首先，深化落实市民营经济高质量发展“33条政策”，将工业用地、产业基金等要素投向民间投资项目的比重提升到80%，为民营企业发展提供要素保障。其次，加大对民营企业信贷支持力度，新发放民营企业贷款占新发放企业类贷款的比重不低于50%。更重要的是，通过对产教融合型企业对职业教育、产教融合项目的投入资金按比例予以奖励，直接鼓励民营企业参与到人才培养中来，实现企业与学校的共同发展。,
902,产教融合垂类问题,文本,在市域产教联合体建设背景下，如何界定和强化地方政府的主体责任？,在市域产教联合体建设中，压实地方政府的主体责任主要体现在以下三个层面：一是明确地方政府为联合体建设的首要责任主体，在理事会架构中居于主导地位；二是依托产业园区作为空间载体，利用产业集聚效应提升教育资源输出的本地受益率；三是发挥政府宏观调控作用，通过协同治理机制优化园区内人才、科技等生产要素的配置，促进“四链”衔接，解决产教融合中责任主体界定不清的难题。,
903,产教融合垂类问题,文本,结合社会分工理论，市域产教联合体在行为层面应如何优化资源配置？,基于社会分工理论，市域产教联合体在行为层面应注重社会分工的协作与要素互融：首先，政府、企业、学校应立足社会大生产系统，适度收敛立场，参与社会分工以推动生产进步；其次，应探索建立市场手段和行政手段互为补充的内部资源配置机制，打破壁垒，推动政策、资金、项目、知识、技术、人才等要素的高效率流动和综合增值；最后，应致力于打造学习型组织，畅通人才跨界交流渠道，促进人才多向流动，服务区域技能型人才成长。,
904,产教融合垂类问题,文本,根据“组织—行为—制度”的生态型分析框架，市域产教联合体应如何实现文化层面的“从合到融”？,要实现从“合”到“融”的跨越，市域产教联合体必须在文化层面构筑价值认同基础。具体而言，应促进政府、企业、学校、社会组织等异质文化的交融与包容，培育具有责任情怀的教育型企业、具有市场锐度的生产型职校以及具有公仆意识的服务型政府。通过构建技能型社会、学习型组织、数智化治理等共性文化，增强联合体内部的文化认同度和外部文化辨识度，从而实现生态系统的可持续进化。,
905,产教融合垂类问题,文本,地方政府在推进市域产教联合体建设时，应采取哪些具体的“四个牵头”策略来落地重点任务？,地方政府应通过“四个牵头”策略推动项目落地：一是牵头遴选产教融合型示范企业，引导其深度参与专业设置与教学改革；二是牵头组建公共实训中心，集实训、师资培养、技能鉴定等功能于一体并实现开放共享；三是牵头打造科技中介与项目孵化平台，促进科技成果向中小微企业辐射；四是牵头打造人才供需交流平台，定期发布人才需求目录，服务就业创业。同时，可探索培育市场化服务机构以降低行政事务成本。,
906,产教融合垂类问题,文本,针对现行产教融合政策中存在的“企业冷”现象，市域产教联合体建设在激励机制上有哪些创新？,针对“企业冷”现象，市域产教联合体建设在激励机制上进行了以下创新：一是强化正向激励的实效性，通过“金融+财政+土地+信用”组合式激励及将企业合作实绩纳入评优评先体系，并解决政策兑现难的问题；二是探索负向激励措施，对态度冷漠、不作为的企业建立限制机制；三是建立以市场经济为基础的产教资源双向配置机制和“白名单”制度，重点在约束“躺平”型企业上做文章，从而更有效地激发企业积极性。,
907,产教融合垂类问题,文本,市域产教联合体的核心运行逻辑包括哪些关键要素？,市域产教联合体的核心运行逻辑包括四大关键要素：一是以政府为主导，发挥地方政府统筹整合资源、制定政策和经费支持的主导作用；二是以产业园区为载体，依托产业园区的空间布局和资源聚集度作为物理空间载体；三是以多元主体参与为重点，整合政府、产业园区、职业院校、科研机构、行业企业等多元主体形成协同联动平台；四是以实体化运行为动力，通过实体化运作打破传统契约形式，实现产教科深度融合，解决以往产教融合的空心化问题。,
908,产教融合垂类问题,文本,市域产教联合体在实体化运行中面临哪些产权界定难点？应如何破解？,市域产教联合体在实体化运行中面临的主要产权界定难点包括：教育领域国有资产与产业领域民营资本混合时的产权边界模糊问题；合作成果（如人才培养、技术研发成果）的产权归属不明确；多主体资源投入下的产权认定复杂；以及国有资产流失风险。破解路径包括：构建完善的教育产权评估机制，成立专业化资产评估机构进行价值核算；建立承接教育和科技创新成果产权交易的中介服务机构，制定产权交易实施细则；构建科学的利益分配机制，根据权责关系划分分配标准、比例和方式，并建立动态调整机制。,
909,产教融合垂类问题,文本,如何构建市域产教联合体的现代化治理结构？,构建市域产教联合体现代化治理结构需采取以下措施：一是完善制度设计，制定产教联合体相关法规和运行准则，建立质量评价、治理架构、监管体系等制度体系；二是建立健全协调机制，建立产教融合信息交流平台和常态化沟通机制；三是成立政府、企业、学校、科研机构等多方参与的理事会（董事会），明确产权明晰、组织完备、机制健全、运行高效的实体化运作要求；四是加强政策供给保障，细化'金融+财政+土地+信用'组合式激励政策，建立动态化的政策调整机制。,
910,产教融合垂类问题,文本,产教联合体中如何建立组织内部信任关系以促进可持续发展？,建立产教联合体内部信任关系需从三方面推进：一是重塑观念，提升主体文化认知，地方政府要科学划定各主体权责范围，职业院校要增强对市场主体的计算信任（通过技术研发、人才协同培养提升服务能力），企业要树立长远战略眼光；二是构建价值共享机制，形成共建共享发展新共识，推动各主体从'生态圈'发展为'命运共同体'；三是强化组织文化认同，通过定期交流、合作成果展示等方式增强主体间的情感认同，降低交易成本，提升知识、信息、资源交换效率。,
911,产教融合垂类问题,文本,地方政府在推动市域产教联合体建设中应发挥哪些具体职能？,地方政府在推动市域产教联合体建设中应发挥五大具体职能：一是主导统筹职能，拟定规划、制定政策、提供经费支持，整合区域各类要素资源；二是制度设计职能，建立适应产教联合体特点的制度体系，制定相关法规和运行准则；三是协调沟通职能，建立产教融合信息交流平台和常态化沟通机制，协调不同主体利益诉求；四是监管保障职能，对产权评估、利益分配等环节进行全过程监督，防止国有资产流失；五是政策激励职能，细化'金融+财政+土地+信用'组合式激励政策，定期开展调研并制定衔接政策，激发参与主体内生动力。,
912,产教融合垂类问题,文本,什么是产教融合型企业，其在技术技能人才培养中扮演什么角色？,产教融合型企业是指深度参与产教融合、校企合作的企业，在职业院校、高等学校办学和深化改革中发挥着重要主体作用。这类企业通过提供教育功能和教育要素（如举办职业院校、承担现代学徒制试点、接收学生实习实训等），以及对技术技能人才培养的资本、技术、知识、设施等要素投入，显著提升人才培养质量，具有较强的带动引领示范效应。,
913,产教融合垂类问题,文本,企业申报产教融合型试点企业需要满足哪些核心条件？,申报产教融合型试点企业需满足两大核心条件：一是具备完整的教育功能和教育要素，如独立或参与举办职业院校、承担现代学徒制或1+X证书制度试点任务、能规模化规范化接收学生实习实训；二是开展实质性校企合作，构建校企命运共同体，通过设备捐赠、订单培养、共建实训基地、共享知识产权等方式发挥重要办学主体作用。,
914,产教融合垂类问题,文本,政府为产教融合型企业提供哪些激励政策？,政府对产教融合型企业实施'金融+财政+土地+信用'的组合式激励政策，企业可享受参与职业教育的各项优惠政策。具体措施包括纳入省级建设培育库、经过至少1年培育后进入认证目录，以及优先获得政策支持，特别是对深度参与产教融合、重点产业领域（如生物医药、智能制造）及社会领域龙头企业给予倾斜。,
915,产教融合垂类问题,文本,如何设计一份提升产教融合水平的校企合作年度工作计划？,设计校企合作年度工作计划需围绕以下重点：1）明确合作目标，如共建实训基地、开展订单培养；2）落实双师型教师培养，安排企业技术骨干参与教学；3）推进现代学徒制和1+X证书制度试点；4）建立校企联合研发中心，促进技术转化；5）制定学生实习实训规范，确保规模化、规范化管理；6）定期评估合作成效，动态调整合作模式。,
916,产教融合垂类问题,文本,产教融合型企业建设对区域经济发展的战略意义是什么？,产教融合型企业建设是推动区域经济高质量发展的重要抓手，其战略意义体现在：1）通过培养高素质技术技能人才，支撑重点产业（如智能制造、高端装备）升级；2）促进教育链、人才链与产业链、创新链有机衔接，形成校企命运共同体；3）提升企业人力资本质量，增强核心竞争力；4）推动社会领域（如养老、家政）服务创新，满足民生需求；5）通过政策激励吸引更多企业参与，形成产业集群效应。,
917,产教融合垂类问题,文本,广东省产教融合型试点企业在税收方面可享受哪些优惠政策？,根据《广东省产教融合建设试点实施方案》，产教融合型试点企业可享受以下税收优惠政策：1）兴办职业教育符合条件的投资，可按投资额30%的比例抵免当年应缴教育费附加和地方教育附加；2）企业发生的职工教育经费支出，不超过工资薪金总额8%的部分准予在企业所得税前扣除，超过部分可结转以后年度扣除；3）企业接收实习生所实际发生的工资可按规定在企业所得税前扣除；4）参与校企合作企业用于职业教育事业的公益性捐赠支出，可按国家规定在计算企业应纳税所得额时扣除；5）企业委托职业院校开发新产品、新技术、新工艺发生的研究开发费用，可享受企业所得税优惠。,
918,产教融合垂类问题,文本,如何构建需求导向的学科专业动态调整机制以促进产教融合？,构建需求导向的学科专业动态调整机制需采取以下措施：1）聚焦战略性支柱产业集群和战略性新兴产业集群，由行业主管部门和行业组织牵头科学预测人才需求；2）出台调整优化高等教育学科专业结构的意见，健全动态调整工作机制；3）建立紧密对接产业链、服务创新链的学科专业体系，加大应用型学科专业占比；4）加强集成电路、生物医药、装备制造、公共卫生等领域紧缺人才培养；5）试点城市围绕当地特色优势产业，针对紧缺人才需求开展人才开发路线图研究，提出人才培养方案。通过这些措施，实现教育链、人才链与产业链、创新链的有机衔接。,
919,产教融合垂类问题,文本,现代产业学院建设的主要路径和关键要素有哪些？,现代产业学院建设的主要路径和关键要素包括：1）推动龙头企业参与职业教育、应用型本科教育和专业学位研究生教育办学；2）企业与高等学校、职业院校共建二级学院、产业学院，在专业设置、课程开发、实训实习、招生就业等方面开展深度合作；3）支持院校在产业园区内设立专业人才培训基地；4）鼓励行业和企业参与制定学校专业建设规划、人才培养方案和构建能力评价标准体系；5）实行项目共担、人才互聘、资源共用、考核互认、成果共享的创新机制；6）建立成本分担和收益共享机制，实训服务可根据实际成本合理收费。这些要素共同构成现代产业学院的核心框架，促进产教深度融合。,
920,产教融合垂类问题,文本,产教融合型企业应履行哪些社会责任和义务？,产教融合型企业应履行以下社会责任和义务：1）加大职工教育培训投入，与职业院校、高等学校合作建立劳动者终身学习培训体系；2）原则上按不低于职工总数的2%安排专业对口岗位接纳学生实习；3）联合职业院校、高等学校和产业园区共建产业学院、企业工作室、教学工厂；4）安排一定比例专业技术岗位供学校教师实践，推动教师与企业工程技术人员、高技能人才双向流动；5）参与制定学校专业建设规划、人才培养方案和构建能力评价标准体系；6）在技术类专业全面推行现代学徒制和企业新型学徒制；7）为新增先进产能和新上技术改造项目配套建设实训设施。这些义务体现了产教融合型企业在人才培养中的主体作用。,
921,产教融合垂类问题,文本,如何通过产教融合促进粤港澳大湾区人才互通？,促进粤港澳大湾区人才互通的产教融合措施包括：1）推动粤港澳资历框架对接，开展学校特定课程学分互认；2）逐步实现专科学历、职业资格、专业技术、职业技能等级互通；3）探索与港澳地区开展职业技能等级认定试点；4）鼓励粤港澳大湾区内的企业建立技能等级与基本薪酬、岗位职级挂钩的激励机制；5）试点港澳职业院校与广东职业院校合作办学，颁发两地学历证书；6）支持共建粤港澳大湾区特色职业教育园区，鼓励港澳院校来粤共建实习实训基地；7）建设粤港澳青年创新创业基地，举办创新创业大赛，促进港澳青年来粤就业创业；8）支持在粤港澳投资企业申报建设产教融合型企业，按规定享受政策支持。这些措施有助于构建大湾区人才一体化发展格局。,
922,产教融合垂类问题,文本,请问广东省在推进产教融合方面采取了哪些具体措施来提升产业工人的技能水平？,广东省通过构建完善的产业工人技能形成体系，采取了一系列措施提升产业工人技能水平：一是推动建设28个市域产教联合体、111个行业产教融合共同体，培育1223家省级产教融合型企业；二是建设19家省总工会重点支持的工匠学院，开设104个特色工种培训，开展587项科目培训；三是首创省级劳模工匠本科班，累计为646名劳模工匠提供本科继续教育；四是开展'求学圆梦行动'，投入近1亿元帮助近10万人次职工提升学历技能；五是推进中高本一体化协同培养，开展中职本科'3+4'贯通培养和三二分段专升本试点；六是落实'新八级工'制度，遴选171条产教评技能生态链；七是加大资金支持，'十四五'期间申获中央预算内投资12.32亿元支持实训基地建设，2025年安排8.54亿元'广东技工'资金支持技工院校建设。,
923,产教融合垂类问题,文本,企业如何参与产教融合型城市建设并获得政策支持？,企业参与产教融合型城市建设并获得政策支持的途径包括：一是积极申报省级产教融合型企业认定，目前广东省已培育1223家省级产教融合型企业；二是参与市域产教联合体和行业产教融合共同体建设，全省已建成28个市域产教联合体和111个行业产教融合共同体；三是与职业院校共建实训基地，可申请中央预算内投资和省级专项资金支持，'十四五'期间广东省已投入11.12亿元支持20个院校产教融合实训基地项目建设；四是加入产教评技能生态链，广东省已遴选2批共171条技能生态链；五是落实'新八级工'制度，建立企业内部技能岗位等级设置；六是参与'劳模工匠进万企'专项行动，企业可申请劳模工匠服务队技术指导，广东省已组建663支劳模工匠服务队，解决企业技术问题6052个。,
924,产教融合垂类问题,文本,如何设计一份基于战略性产业集群建设的职工技能提升实训路线方案？,基于战略性产业集群建设的职工技能提升实训路线方案设计应包含以下要素：一是立足区域产业发展需求，结合广东省20个战略性产业集群特点，如生物医药、人工智能与集成电路、智能网联与新能源汽车等；二是构建'政校企行'协同机制，联合政府部门、职业院校、行业协会和企业共同设计；三是采用'理论+实操+跟岗'三段式培养模式，确保培训内容与产业技术发展同步；四是融入'新八级工'技能等级标准，设计分层分类的培训课程；五是建立'双师型'教学团队，邀请行业专家、企业技术骨干和院校教师共同授课；六是实施'训评用'一体化管理，将培训与技能等级认定、岗位晋升挂钩；七是配套数字化学习平台，开发微课、虚拟仿真等新型教学资源；八是建立动态调整机制，根据产业技术迭代定期更新培训内容。,
925,产教融合垂类问题,文本,产教融合型城市试点建设对区域经济发展有哪些战略意义？,产教融合型城市试点建设对区域经济发展的战略意义主要体现在：一是促进教育链、人才链与产业链、创新链深度融合，为区域经济发展提供高素质技术技能人才支撑；二是推动产业转型升级，通过产教融合共同体建设，加速新技术、新工艺、新规范在生产领域的应用；三是优化区域产业布局，引导职业教育资源向重点产业和战略性新兴产业集聚；四是提升区域创新能力，通过'劳模工匠进万企'等专项行动，促进技术创新成果转化；五是增强区域经济竞争力，如广东省通过产教融合建设，支撑现代化产业体系建设和经济高质量发展；六是促进区域协调发展，通过粤东粤西粤北地区技工教育补短板，缩小区域发展差距；七是培育新质生产力，培养适应产业变革的高技能人才、能工巧匠和大国工匠，为发展新质生产力提供人才保障。,
926,产教融合垂类问题,文本,《国家产教融合建设试点实施方案》提出的试点城市布局目标是什么？,根据《国家产教融合建设试点实施方案》，通过5年左右的努力，试点布局50个左右产教融合型城市，在试点城市及其所在省域内打造一批区域特色鲜明的产教融合型行业，并在全国建设培育1万家以上的产教融合型企业。,
927,产教融合垂类问题,文本,产教融合型企业在职职工接受高等职业教育有哪些政策支持？,《实施方案》明确允许符合条件的产教融合型企业在岗职工以工学交替等方式接受高等职业教育。同时，支持有条件的企业与高校开展校企共招、联合培养专业学位研究生项目，强化产业与教育资源的有机衔接。,
928,产教融合垂类问题,文本,如何建立体现产教融合发展导向的教育评价体系？,《实施方案》提出探索建立体现产教融合发展导向的教育评价体系，具体措施包括：支持高职院校、应用型本科高校、'双一流'建设高校等各类院校积极服务区域产业发展，深度融入产业链与创新链；通过中央预算内投资优先布局产教融合创新平台，推动高校以产业关键核心技术攻关为中心任务，健全企业主导、高校支撑的高等教育产教融合创新机制。,
929,产教融合垂类问题,文本,产教融合建设试点中政府的协同推进机制是怎样的？,国家层面由国家发展改革委、教育部等六部门负责政策统筹与协调推进；省级政府及相关部门负责区域内建设试点的组织实施；试点城市实行党委领导、政府主导机制，需编制改革问题清单、政策清单，将试点任务分解到位、落实到事、责任到人，形成'城市为节点、行业为支点、企业为重点'的三级改革推进机制。,
930,产教融合垂类问题,文本,产教融合园区建设应遵循哪些基本原则？,产教融合园区建设需遵循新发展理念，重点在完善发展规划和资源布局、推进人才培养改革、降低制度性交易成本、创新重大平台载体建设、探索发展体制机制创新等方面先行先试。通过集聚教育和产业体系的人才、智力、技术、资本、管理等资源要素，打造支撑高质量发展的新引擎，实现教育链、人才链与产业链、创新链的有机衔接。,
931,产教融合垂类问题,文本,产教融合型企业的定义是什么？需要满足哪些基本条件？,产教融合型企业是指深度参与产教融合、校企合作，在职业院校、高等学校办学和深化改革中发挥重要主体作用，行为规范、成效显著，创造较大社会价值，对提升技术技能人才培养质量，增强吸引力和竞争力，具有较强带动引领示范效应的企业。企业需满足以下条件之一：1.独立举办或作为重要举办者参与举办职业院校或高等学校；或通过企业大学等形式开展技术技能培训服务；或参与组建行业性或区域性产教融合集团。2.承担现代学徒制和企业新型学徒制试点任务；或近3年内接收职业院校学生开展每年3个月以上实习实训累计达60人以上。3.承担实施1+X证书制度试点任务。4.与职业院校或高等学校开展有实质内容的校企合作，通过订单班等形式共建3个以上学科专业点。5.以校企合作等方式共建产教融合实训基地，或捐赠教学设施设备，近3年内累计投入100万元以上。6.近3年内取得与合作职业院校共享的知识产权证明。,
932,产教融合垂类问题,文本,企业申请成为产教融合型企业的流程包括哪些环节？建设培育期有何要求？,企业申请成为产教融合型企业的流程包括四个环节：1.自愿申报：省级发展改革、教育行政部门组织辖区内符合条件的企业提交证明材料，通过产教融合型企业建设信息服务平台实行网上申报。2.复核确认：省级部门组织复核，符合条件的企业纳入建设培育范围，列入信息储备库并公示。3.建设培育：国家发展改革委、教育部指导各地开展培育，鼓励企业参与举办教育，推动实习实训制度化。建设培育企业需制订并向社会公开发布产教融合、校企合作三年规划，且需经过至少1年的建设培育期。4.认证评价：教育部、国家发展改革委制定认证标准和评价办法，省级政府建立认证目录，对储备库企业进行逐年、分批认证并公布。,
933,产教融合垂类问题,文本,进入产教融合型企业认证目录的企业可享受哪些激励政策？这些政策与企业行为有何关联？,进入产教融合型企业认证目录的企业可享受'金融+财政+土地+信用'的组合式激励，并按规定落实相关税收政策。这些激励政策与企业行为直接挂钩，具体包括：企业投资兴办职业教育、接收学生实习实训、接纳教师岗位实践、开展校企深度合作、建设产教融合实训基地等工作。激励措施旨在鼓励企业深度参与产教融合，发挥在技术技能人才培养中的主体作用。,
934,产教融合垂类问题,文本,产教融合型企业资格的动态管理机制是怎样的？哪些情形会导致资格被取消？,产教融合型企业资格的动态管理机制包括：1.年报制度：企业需建立实施推进产教融合工作年报制度，报省级部门备案并向社会公示。2.资格复核：每3年由省级发展改革、教育行政部门进行资格复核，合格的继续确认资格，不合格的不再保留资格。3.退出机制：企业有下列情形之一的，取消资格且5年内不得再行申报：(1)在申请认证、年度报告或考核过程中弄虚作假；(2)资格期内发生重大环保、安全、质量事故或违法违规经营行为；(3)侵犯学生人身权利或其他合法权利；(4)列入失信联合惩戒对象名单。,
935,产教融合垂类问题,文本,国家在产教融合型企业建设中重点支持哪些产业领域的企业？有哪些优先考虑因素？,国家重点建设培育主动推进制造业转型升级的优质企业，以及以下领域企业：现代农业、智能制造、高端装备、新一代信息技术、生物医药、节能环保、新能源、新材料、研发设计、数字创意、现代交通运输、高效物流、融资租赁、工程咨询、检验检测认证、电子商务、服务外包等急需产业领域，以及养老、家政、托幼、健康等社会领域龙头企业。优先考虑因素包括：紧密服务国家重大战略、技术技能人才需求旺盛、主动加大人力资本投资、发展潜力大、履行社会责任贡献突出。但主营业务为教育培训服务的企业原则上不纳入建设培育范围。,
936,产教融合垂类问题,文本,请基于间断均衡理论，分析我国职业教育产教融合政策变迁的主要动力机制。,我国职业教育产教融合政策变迁的动力机制主要包括制度环境、价值理念和焦点事件三大要素。制度环境的变化（如计划经济向市场经济转型）为政策调整提供结构性条件；价值理念的转变（如从服务工业建设转向服务经济建设与人的全面发展）推动政策总目标的重构；焦点事件（如改革开放、党的十八届三中全会）通过影响决策者注意力开启政策变迁的'机会之窗'，促使政策图景从'产教一体化'演变为'产教结合'再升级为'多边驱动'的产教融合形态。,
937,产教融合垂类问题,文本,现代产业学院建设过程中，如何通过'双师型'教师队伍提升人才培养质量？,现代产业学院建设需重点打造'双师型'教师队伍：一是建立校企人才双向流动机制，鼓励企业技术骨干担任产业教授，同时选派教师赴企业实践锻炼；二是重构教师评价体系，将企业项目成果、专利转化等纳入职称评审指标；三是开发模块化课程，将产业真实项目融入教学过程，实现'教室与车间合一、教师与工程师合一、学生与学徒合一'，从而培养符合产业需求的高素质技术技能人才。,
938,产教融合垂类问题,文本,产教融合型企业认定标准中，对校企协同育人成果有哪些量化要求？,根据《国家产教融合建设试点实施方案》，产教融合型企业的认定标准中，校企协同育人成果需满足以下量化要求：1. 与职业院校共建不少于3个稳定合作的专业；2. 年均接收学生实习不少于100人·月；3. 参与开发课程标准或教学资源包不少于5门；4. 企业技术骨干担任兼职教师年均授课不少于16课时；5. 共建实训基地或产业学院不少于1个。同时，企业需证明在人才培养、技术创新等方面的投入占营业收入比例不低于0.5%。,
939,产教融合垂类问题,文本,请为高职院校设计一份深化产教融合的三年行动计划框架。,高职院校深化产教融合三年行动计划框架应包含以下模块：1. 顶层设计：成立由校企双方组成的产教融合理事会，制定《产教融合专项管理办法》；2. 机制创新：建立'产业教授'聘用制度，推行'招生即招工、入校即入厂'的现代学徒制；3. 平台建设：重点打造3-5个产业学院，建设5个以上产教融合实训基地；4. 课程改革：每年开发10门以上基于岗位能力的模块化课程，编写活页式教材；5. 评价体系：引入企业参与人才培养质量评价，将就业率、企业满意度等纳入绩效考核；6. 保障措施：设立专项经费，建立校企人员互聘'旋转门'机制，确保年投入不低于学费收入的5%。,
940,产教融合垂类问题,文本,从政策工具理论视角，分析当前我国产教融合政策体系存在的主要问题。,基于政策工具理论分析，我国产教融合政策体系存在以下结构性问题：1. 供给面工具过度集中于'规划指导'类，而'财政投入'和'基础设施'类工具占比不足（仅占23%）；2. 需求面工具中'订单培养'使用频繁，但'购买服务'等市场化手段应用薄弱；3. 环境面工具中'税收优惠'覆盖范围有限，仅涉及15%的参与企业；4. 政策工具组合失衡，表现为'重供给轻需求、重激励轻约束'，导致政策落地难、长效机制缺失。建议强化需求面工具创新，建立'以用定教'的动态调整机制，完善政策工具协同体系。,
941,产教融合垂类问题,文本,行业产教融合共同体的战略意义体现在哪些方面？,行业产教融合共同体的战略意义主要体现在三个维度：首先是由'局部'走向'整体'，通过打破传统壁垒增强互联互通互融，突破行业地域限制促进产教深度互联，搭建交流平台加强信息互通，建立健全实体化运行机制推动资源高效互融；其次是由'分散'走向'共生'，整合多元要素打造协同发展新范式，明晰共生单元基本职能，打造协同高效的共生模式，营造互利共赢的共生环境；第三是由'静态'走向'动态'，通过精准对接需求增加高技能人才供给，推动合作模式动态化、产教供需衔接动态化以及人才培养模式动态化。,
942,产教融合垂类问题,文本,如何构建以产业需求为导向的高技能人才培养体系？,构建以产业需求为导向的高技能人才培养体系需要从四个方面着手：一是面向产业发展前沿需求制定人才培养计划，以行业前沿应用为导向，重点培养工程技术实践能力和创造性解决技术应用问题的综合能力；二是推进课程与教学体系的改革创新，将产业发展前沿动态与实际需求融入课程建设，如推动课堂教学车间化；三是建设以'双师型'为核心的高水平教师队伍，健全教师与企业交流合作的体制机制，推进校企师资互兼互聘，建立企业与职业院校教师双向流动的'旋转门'制度；四是建设以提升学生实践能力为重点的实习实训平台，构建集生产、研发、教学、培训等功能于一体的综合性实习实训基地。,
943,产教融合垂类问题,文本,数字化转型如何助推行业产教融合共同体高质量发展？,数字化转型通过四个方面助推行业产教融合共同体高质量发展：一是基于数字化技术构筑前沿科技创新与技术研发高地，运用VR、AR等现代信息技术搭建信息化教学平台和研发智能化教学设备，共建技术创新中心、产学研用协同创新平台；二是推进教师群体数字化能力培育与评价，构建教师数字素养培育与评价体系，促使教师聚焦行业技术创新瓶颈，开展数字教育应用研发活动；三是基于数字化技术推进实习实训基地与实践教学中心换代升级，依托大数据、区块链和人工智能等新兴技术推动综合性实习实训基地迭代升级；四是基于数字化技术推动联合攻关与成果高效转化，实施'科技特派员''校企合作访问工程师'等项目，实现教学成果高效应用转化与企业技术成果反哺教学改革。,
944,产教融合垂类问题,文本,行业产教融合共同体建设中如何优化顶层设计构建治理共同体？,优化顶层设计构建治理共同体需要从三个层面推进：一是完善顶层设计，政府应科学配置资源协调多方利益诉求，明确行业产教融合共同体的内涵、原则、合作形式、权利义务、违约责任等内容，完善市场监管制度、知识产权保护制度、调解仲裁制度、利益分配制度等；二是科学谋划布局，促使行业产教融合共同体建设与区域发展同频共振，结合国家战略需求、区域经济发展需求和职业院校自身特色进行前瞻部署；三是聚焦核心要素建立协同创新长效机制，科学分析各参与主体在人力、物力和财力等方面的核心资源要素，充分发挥资源禀赋优势与要素集聚效能，打造兼具共享、融合、创新、连接、生态的产教融合协同创新共同体。,
945,产教融合垂类问题,文本,如何解决产教融合中'校热企冷'的问题？,解决产教融合中'校热企冷'问题需要构建权责边界清晰的利益分配体系：一方面立足纵向贯通、横向融通的现代职业教育体系，以价值理念为核心引领优化治理结构，充分考虑各参与主体的利益诉求与核心关切，重点建立权责边界清晰的管理制度与协同运行机制；另一方面通过凝聚各主体共有的价值理念与文化内涵，推动各主体在统一文化氛围中达成目标共识，强化参与主体之间的利益耦合和高效互动。具体实践可参考'C+M+S'组织生态体系，通过制定《共同体章程》(Constitution)推动实体化(Materialization)合作模式，持续完善议事规则、工作流程等相关制度(System)，明晰责权分配保障各参与主体权益，坚持'平等互利、利益共享、风险共担'原则，通过设立理事会完善运行规章制度，在决策层、运行层、产权层明晰各主体权利与责任。,
946,产教融合垂类问题,文本,请解释现代产业学院在产教融合中的作用机制，并分析其与传统校企合作模式的主要区别。,现代产业学院是深化产教融合的重要载体，其作用机制主要体现在以下几个方面：一是构建“产学研”深度融合的创新共同体，通过共建实验室、研发中心等方式，实现人才培养、技术创新和成果转化一体化；二是紧密围绕产业发展需求，动态调整专业设置和课程体系，实现人才培养与产业升级的精准对接；三是建立校企双方深度参与的治理机制，实现资源共享、风险共担、利益共赢。与传统校企合作模式相比，现代产业学院更加注重体系化、制度化和常态化，不再是简单的订单培养或技术咨询，而是构建一种长期稳定的战略合作关系，实现产教融合的深度和广度。,
947,产教融合垂类问题,文本,如何理解“双师型”教师队伍建设在职业教育产教融合中的关键作用？请详细阐述其建设路径。,“双师型”教师队伍建设是职业教育产教融合的核心支撑。所谓“双师型”教师，是指既精通专业知识和技能，又熟悉行业发展动态和企业实际需求，具备扎实的理论基础和丰富的实践经验的教师。其关键作用在于：一是能够将最新的行业技术和实践经验融入教学内容，提高人才培养的针对性和实效性；二是能够引导学生深入了解行业发展趋势，培养学生的职业素养和创新能力；三是能够促进校企之间的沟通与合作，实现产教融合的深度融合。建设路径包括：一是加强企业实践锻炼，鼓励教师到企业实习、挂职、兼职；二是引进行业专家和技术人才到学校任教；三是建立教师企业实践基地，提供实践教学平台；四是完善教师考核评价机制，将企业实践和行业贡献纳入考核范围。,
948,产教融合垂类问题,文本,国家层面有哪些政策支持高职院校开展产教融合？请列举至少三项，并简述其主要内容。,"国家层面出台了多项政策支持高职院校开展产教融合：
1. **《关于推动现代职业教育高质量发展的意见》（2019年）**: 强调要深化产教融合，鼓励职业院校与企业共建实训基地、研发中心等，构建校企合作共同体。
2. **《国家职业教育改革实施方案》（2020年）**: 提出要加快建设现代职业教育体系，深化产教融合，推动职业教育与产业发展深度对接，提升人才培养质量。
3. **《职业教育“双高”计划实施方案》（2020年）**: 明确将产教融合作为“双高”院校建设的重要内容，鼓励院校与企业共建“1+X”证书制度，培养符合产业需求的技能型人才。
4. **《关于深化产教融合的指导意见》（2023年）**: 进一步明确了产教融合的内涵、目标和任务，提出了构建产教融合型企业、现代产业学院等具体举措。",
949,产教融合垂类问题,文本,请设计一份高职院校提升产教融合水平的三年行动计划，包含具体目标、主要措施和评估方法。,"## 高职院校产教融合三年行动计划
**一、总体目标：**
三年内，显著提升学校产教融合水平，构建校企深度合作的常态化机制，培养出更多适应产业发展需求的技能型人才，实现人才培养、技术创新和产业升级的协同发展。
**二、主要措施：**
* **第一年：夯实基础，构建平台**
    * 建立健全校企合作管理制度，完善合作协议体系。
    * 建设一批校企共建实训基地、创新工作室，提升实训教学条件。
    * 开展“1+X”证书制度试点，对接行业认证标准，提升人才职业素养。
* **第二年：深化合作，拓展模式**
    * 推进现代产业学院建设，聚焦重点产业领域，实现产学研深度融合。
    * 探索“订单培养”、“学徒制”等新型人才培养模式，提升人才培养的针对性。
    * 鼓励教师到企业实践锻炼，引进企业专家到学校任教，打造“双师型”教师队伍。
* **第三年：提升质量，实现共赢**
    * 完善产教融合评估体系，定期对合作项目进行评估，提升合作质量。
    * 推动科技成果转化，促进校企合作创新，实现经济效益和社会效益的双赢。
    * 积极参与国家和省市产教融合项目申报，争取政策和资金支持。
**三、评估方法：**
* **过程性评估：**定期检查各项措施的落实情况，收集校企双方的反馈意见。
* **结果性评估：**
    * 毕业生就业率、就业质量、薪资水平等指标。
    * 校企合作项目数量、合作金额、成果转化数量等指标。
    * 教师企业实践比例、企业专家到校任教数量等指标。
    * 学生职业技能竞赛获奖情况等指标。",
950,产教融合垂类问题,文本,在职业教育中，如何有效利用“1+X”证书制度，提升学生的就业竞争力？,"“1+X”证书制度是职业教育产教融合的重要抓手，旨在通过将国家职业资格证书（“1”）与行业技能证书（“X”）相结合，构建多证合一的职业技能人才评价体系，提升学生的就业竞争力。有效利用“1+X”证书制度的关键在于：
1. **精准对接行业需求：**深入调研行业发展趋势和企业用人需求，选择与行业发展紧密相关的技能证书，确保证书的含金量和实用性。
2. **优化课程体系：**将行业技能证书的培训内容融入到专业课程体系中，实现知识、技能和证书的有机融合。
3. **加强实践教学：**增加实践教学环节，提供充足的实训时间和资源，确保学生掌握所需的技能。
4. **建立评价机制：**建立完善的评价机制，将行业技能证书的获得纳入学生的学分管理和毕业要求。
5. **加强宣传推广：**向学生、企业和社会公众宣传“1+X”证书制度的优势和价值，提高其认可度和影响力。",
951,产教融合垂类问题,文本,党的二十届三中全会对于构建现代职业教育体系提出了哪些核心要求？,党的二十届三中全会提出“加快构建职普融通、产教融合的职业教育体系”，这不仅是现代职业教育体系构建的关键，也是职业教育助力教育强国建设的核心问题与主要任务，更是教育强国“六大基本特质”对职业教育改革发展的基本要求。,
952,产教融合垂类问题,文本,在深化产教融合的过程中，企业应承担什么样的角色和责任？,新型的产教关系应当是企业主导的产教融合，企业应充分认识到人才在企业发展中的关键作用，将校企合作视为提升企业形象、进行人才储备、提高企业未来竞争力的核心所在，对职业教育的投资也是企业的生产性投资。,
953,产教融合垂类问题,文本,如何理解职业教育在服务中国式现代化建设中的战略意义？,职业教育能够培养出足够规模、有足够能力满足国际产业竞争与国内产业升级需求的劳动者，推动教育紧密贴合产业发展需求，实现以教促产、以产助教，从而提升创新体系效能，为中国式现代化建设提供技能支撑。,
954,产教融合垂类问题,文本,构建现代职业教育体系需要处理哪些重大关系？这些关系对职业教育发展有何影响？,需要正确处理支撑国家战略和满足民生需求、知识学习和全面发展、培养人才和满足社会需要、规范有序和激发活力、扎根中国大地和借鉴国际经验等五对重大关系。这些关系的处理直接关系到职业教育改革的系统性、整体性和协同性，以及职业教育能否更好地服务国家战略和人民需求。,
955,产教融合垂类问题,文本,在推进职普融通的过程中，目前面临的主要挑战有哪些？,职普融通仍面临观念束缚、制度瓶颈、思维局限以及评价制约的现实困境，阻碍教育强国战略的价值实现。例如，大众对职业教育的认知仍有偏差，高考制度等因素影响高中阶段学生的职业选择，以及缺乏有效的衔接机制等。,
956,产教融合垂类问题,文本,政策解读：国家层面支持建设行业产教融合共同体的政策背景和战略意义是什么？,国家层面支持建设行业产教融合共同体是深化现代职业教育体系建设改革的重要举措，旨在破解产教深度融合的机制性障碍，形成可复制、可推广的新经验新范式。其战略意义在于通过政行企校协同，推动职业教育与产业需求精准对接，提升人才自主培养质量，助力现代化产业体系建设。,
957,产教融合垂类问题,文本,操作指南：职业院校如何参与行业产教融合共同体建设？具体流程和注意事项有哪些？,职业院校可通过以下步骤参与：1）关注教育部及地方政府关于共同体的招募通知；2）与牵头企业（如中国中车）及高水平高校对接，明确合作意向；3）提交资质材料，包括专业设置、师资力量、校企合作基础等；4）签署共同体协议，明确责任分工。注意事项包括：需强化专业与产业匹配度、确保双师型教师比例、落实学生实习岗位等。,
958,产教融合垂类问题,文本,方案设计：请为高职院校设计一份依托行业产教融合共同体的现代产业学院建设方案。,方案框架如下：1）定位：以轨道交通装备产业需求为导向，构建‘产学研用’一体化平台；2）主体：联合中车子公司及区域内职业院校，实行理事会治理；3）建设内容：共建实训基地、开发模块化课程、实施现场工程师培养计划；4）保障机制：设立专项经费、落实企业导师制度、建立动态评价体系。,
959,产教融合垂类问题,文本,深度分析：行业产教融合共同体如何推动职业教育内涵式发展？,共同体通过四方面推动职业教育内涵式发展：1）机制保障：政府搭台，统筹区域产教匹配；2）资源整合：汇聚产教资源，促进校企高水平合作；3）科教融汇：依托高水平大学科研优势，探索创新路径；4）能力提升：强化专业、课程、师资建设，激活关键能力合作动能，最终实现教育教学内容与岗位任务高度契合。,
960,产教融合垂类问题,文本,咨询模拟：某制造企业计划申报产教融合型企业，需满足哪些条件？能获得哪些政策支持？,申报条件包括：1）主营业务与重点产业高度相关；2）校企合作项目覆盖专业、课程、师资等环节；3）设立实习岗位比例不低于岗位总量2%。政策支持包括：1）享受组合式激励政策试点；2）优先获得专业设置和人才培养模式创新支持；3）可申请政策性金融工具和制造业中长期贷款；4）职工教育经费可统筹使用。,
961,产教融合垂类问题,文本,根据《建设产教融合型企业实施办法（试行）》，产教融合型企业的认定标准主要包含哪些核心要素？,产教融合型企业的认定标准主要包含以下核心要素：一是企业需深度参与职业教育和高等教育办学，包括参与人才培养方案制定、课程设置、实践教学等环节；二是企业需具备较强的产教融合能力，能够提供稳定的实习岗位和教学资源；三是企业需在产教融合方面有显著成效，如校企合作培养的人才质量高、技术转化成果显著等；四是企业需建立完善的产教融合长效机制，确保校企合作可持续发展。该办法旨在通过认定标准激发企业参与产教融合的积极性，拓宽参与范围。,
962,产教融合垂类问题,文本,作为一家制造业企业，如何有效参与行业产教融合共同体建设以实现人才培养和技术创新的双重目标？,企业参与行业产教融合共同体建设可采取以下路径：首先，主动对接龙头企业、职业院校和行业组织，构建多元主体协同的合作架构；其次，依托数字化技术建立数据共享平台，实现人才需求、技术标准等信息的实时互通；第三，通过共建现代产业学院、实训基地等方式，深度参与人才培养全过程，推动'双师型'教师队伍建设；第四，建立利益共享机制，通过区块链等技术确保合作收益透明分配，激发各方参与积极性；最后，利用大数据分析预测产业人才需求，精准匹配教育资源与产业需求，实现人才培养与技术创新的良性循环。,
963,产教融合垂类问题,文本,数字化赋能对提升职业教育产教融合效能具有哪些战略意义？,数字化赋能对提升职业教育产教融合效能具有三方面战略意义：一是打破组织壁垒，通过云计算、大数据等技术构建跨区域资源整合平台，实现教育资源与产业资源的高效配置；二是驱动信息循环，利用物联网、区块链等技术建立实时数据共享机制，促进产业链与教育链的精准对接；三是助力价值共创，通过人工智能、VR/AR等技术创新教学模式和实训方式，提升人才培养的针对性和实效性。数字化赋能最终推动构建'协同一致、响应迅速、智能精准、开放透明、公平普惠'的产教融合生态体系，为职业教育高质量发展提供核心驱动力。,
964,产教融合垂类问题,文本,请设计一份高职院校推进产教融合共同体建设的年度工作计划框架。,高职院校推进产教融合共同体建设的年度工作计划框架应包含以下重点：一、组织架构建设：成立由校领导牵头的产教融合工作领导小组，建立校企合作委员会和行业指导委员会，明确各方权责；二、数字化平台搭建：开发集数据共享、资源匹配、利益协调于一体的综合信息系统，实现校企需求精准对接；三、人才培养改革：联合企业修订专业人才培养方案，引入行业最新技术标准，开发模块化课程体系，推进'1+X'证书制度试点；四、资源整合优化：建设产业学院和共享型实训基地，推动企业技术资源与学校教学资源融合，培育'双师型'教学团队；五、机制保障完善：制定利益分配、绩效考核等制度，建立校企协同育人长效机制，定期开展产教融合成效评估。,
965,产教融合垂类问题,文本,行业产教融合共同体协同治理面临的主要挑战及解决路径是什么？,行业产教融合共同体协同治理面临四大挑战：一是价值导向偏移，部分主体追求短期利益；二是制度架构失衡，缺乏高效协调机制；三是数字化沟通鸿沟，信息共享不充分；四是共享平台匮乏，资源整合困难。解决路径包括：一、加强顶层设计，政府出台专项政策明确各方权责，建立多元协同治理体系；二、完善数据共享平台，利用云计算、区块链技术构建统一信息交互标准，实现资源透明共享；三、建立利益协调机制，通过智能化分配系统确保公平合理，增强主体参与动力；四、强化决策支持服务，集成人工智能技术提供精准预测和智能服务，提升治理效能。最终构建'政府引导、企业主体、院校主力、行业参与'的协同治理新格局。,
966,产教融合垂类问题,文本,在数字化转型背景下，高职院校文旅专业的人才培养目标发生了哪些转变？,在数字化转型背景下，高职院校文旅专业的人才培养目标已从传统的“高技能人才”转变为“创新型复合型人才”。具体而言，新目标强调学生不仅要掌握丰富的文化内涵，还需具备较高的技术水平和创新能力。具体要求包括：掌握数字化知识、拥有数字化素养、熟悉数字化技术应用、具备终身学习素养，并勇担社会责任。这一转变旨在培养能够适应智慧旅游新场景、具备数据分析能力和数字技术应用能力的基层服务与管理人才。,
967,产教融合垂类问题,文本,针对当前文旅专业人才培养中存在的师资队伍数字化能力不足的问题，应采取哪些具体改进措施？,为解决教师队伍数字化能力有待提升的问题，建议采取以下措施：首先，各相关部门需建立齐抓共管的培养机制，全面提升教师的数字化素养。其次，教师应熟练使用智慧化教学工具，强化混合式课堂、翻转课堂等教学模式的有机运用。再次，教师需利用数字技术为学生创设合作学习模式，如组建网络学习小组、开展线上协作学习。最后，教师应注重对教学过程中学生学习数据和课后练习数据的采集分析，以优化课堂教学质量，助力学生个性化和差异化学习。,
968,产教融合垂类问题,文本,为了加强产教融合，高职院校应如何构建实践教学体系以对接企业岗位需求？,高职院校应通过以下方式构建实践教学体系以对接岗位需求：首先，打造项目化的实践课程，构建实践教学课程体系。在内容上，将数字文旅企业的新岗位要求、新规范、新标准、新技术、新工艺融入专业模块实践课程。其次，通过企业岗位场景和学校课堂场景融合，搭建多个“岗位化”的实践教学平台。再次，积极建设融合“现实与虚拟仿真一体化、网络与实体一体化”的实训空间。此外，还可通过举办基于数字化平台的比赛项目和“1+X”证书考试（如旅游大数据分析证书、旅游线路策划证书）来充实实践教学，引导学生进行数据分析并输出可视化结果。,
969,产教融合垂类问题,文本,产教融合背景下，文旅专业教材的创新形态应具备哪些特征？,在产教融合背景下，文旅专业教材的创新形态应具备以下特征：首先，在形态上，尝试开发数字化教材，体现信息技术融媒体性、交互性、智能性和开放性。其次，在内容上强调“新”和“实”，反映文旅新政，坚持动态性、关联性、开放性和可视化。再次，形式上突出“多元性”，既满足课堂教学，也支持自主学习，实现智能测评和个性化学习相结合。最后，在编制主体上，尝试组建复合型编写队伍，注重校企共同开发，突出产教融合、协同育人、科教融汇的编写特色。,
970,产教融合垂类问题,文本,如何构建“政、行、企、校”四方联动的产教融合共同体？,构建“政、行、企、校”四方联动的产教融合共同体，需由政府统筹，厘定政府、行业、企业、学校等主体的责任边界。具体措施包括：学校、企业、行业探索多学科融合、多团队协同、多技术集成的产学研用合作新模式。学校应联合数字化旅游企业和科技企业，共同创建专业实训基地，建设融合“学生培养—技术突破—技术应用”为一体的科技创新平台。同时，对接智慧景区建设规范等行业标准，在校内建设虚拟仿真实训基地。此外，学校还需打通与政府、企业的协同渠道，依托文旅云大数据中心，共建数字旅游联合实验室，形成高水平产教研用融合虚拟仿真实训基地。,
971,产教融合垂类问题,文本,数智化技术在职业教育产教融合中呈现哪些核心特征？,数智化赋能产教融合呈现‘数据化’‘平台化’‘交互化’‘协同化’四大特征。数据化体现为多主体兼容、教育无边界的发展态势；平台化和交互化表现为通过数智化平台实现资源共享、价值交互和实时互动；协同化则指参与主体间从线下静态反馈转向线上线下多主体实时互动，通过智能分析实现资源、需求、价值的智能化匹配，提升协同合作效能。,
972,产教融合垂类问题,文本,如何构建数智化赋能的职业教育产教融合共同体？,构建数智化赋能的产教融合共同体需从三方面实施：一是应用数智化技术重构共同体，通过数据库分析识别各主体资源及需求，建立多元化、智能化的沟通渠道；二是整合要素资源，通过API接口打通数据流转，构建跨主体的数据管理系统，提升业务协同效应；三是打造市域产教联合体和行业产教融合共同体，推进资源集聚融合，打通人才培养、实习就业、科技创新等服务渠道，形成互利共创的生态网络。,
973,产教融合垂类问题,文本,数智化如何提升职业教育产教融合的治理效能？,数智化通过三方面提升产教融合治理效能：一是数据采集与处理，运用网络爬虫、API等技术动态收集多主体数据，形成资源库并进行系统分析，为决策提供支持；二是数据应用，构建集动态展示、研判预警、决策功能于一体的平台，实现数据价值转化；三是生态组织优化，通过数智化平台促进政府、学校、企业、学生等主体形成整体协同、敏捷高效、开放透明的治理关系，降低参与风险，增强合作吸引力。,
974,产教融合垂类问题,文本,请为高职院校制定数智化赋能产教融合的年度工作重点。,高职院校数智化赋能产教融合年度工作重点应包括：1. 基础建设：完善教育信息化基础设施，搭建产教融合数据平台，实现资源数字化存储与共享；2. 机制创新：建立‘双师型’教师数智化培训机制，开发基于大数据的人才需求分析系统；3. 实践深化：联合企业打造现代产业学院，开展数智化场景教学，推进校企联合技术攻关与成果转化；4. 生态构建：参与市域产教联合体建设，通过API接口打通校企数据孤岛，形成数据驱动的人才培养质量监控体系。,
975,产教融合垂类问题,文本,产教融合型企业参与职业教育数智化转型有哪些政策价值？,产教融合型企业参与职业教育数智化转型的政策价值体现在：一是推动教育链与产业链有机衔接，通过数智化技术实现人才培养与产业需求的精准匹配；二是促进‘四链’融合（教育链、产业链、供应链、人才链），企业技术资源与教育教学资源通过数据平台实现共享；三是优化产教融合生态，企业作为核心主体与政府、学校协同构建互利共创关系，通过数智化手段降低合作成本，提升职业教育服务经济社会发展的能力。,
976,产教融合垂类问题,文本,请基于数智化赋能职业教育新质人才培养的视角，分析当前产教融合面临的主要困境及其成因。,"当前产教融合面临的主要困境包括：一是""合而不深""的校企隔膜，表现为合作处于浅层次、自发式状态，根本原因在于校企双方目标错位（社会效益vs经济效益）、沟通机制不完善、权责利不明晰以及缺乏行业趋势洞察能力；二是人才培养链与产业需求链的供需错位，专业结构与产业结构调整滞后，教学内容与生产实践存在断层，缺乏适配新质生产力需求的""双师型""多元型教师。",
977,产教融合垂类问题,文本,在数智化背景下，职业教育新质人才应具备哪些核心特征和能力维度？,"数智化赋能下的职业教育新质人才具有""新—质—数—技""四维特征，具体包含八个能力维度：1. 新：创新能力（敢于打破常规）、跨界融合能力（整合多元知识）；2. 质：批判性思维、成长和学习意识；3. 数：数智素养（人机交互与伦理）、数智技能（数据分析、AI应用）；4. 技：专业技能（科技创新转化）、跨域技能（多领域适应）。这些人才需兼具工匠精神、社会责任感及快速迭代能力，实现从""实用型""向""创新型""转变。",
978,产教融合垂类问题,文本,为实现职业教育数智化转型，建议从哪些方面重构课程体系以支撑新质人才培养？,"建议从以下四个方面重构课程体系：1. 坚持""以人为本""理念，融合个人发展与社会需求；2. 处理""旧""与""新""关系，对旧课程进行数智化提档升级，增设人工智能、大数据等渗透性新课程，打造""数智+""课程体系；3. 配置数智化教学资源，建设基于数字孪生的虚拟仿真实训平台、生产性实践基地及产教融合型数字化教材；4. 探索大模型、元宇宙、人机协同等数智化教学应用，基于过程性数据分析重组教学内容，创新多模态教学方法。",
979,产教融合垂类问题,文本,如何利用数智技术赋能四链融合，以提升新质人才供给力？,"建议通过数实融合赋能教育链、人才链、产业链、创新链全链升级：1. 专业结构与产业结构精准对接，围绕区域主导产业链将专业建在产业链上；2. 人才培养与生产实践精准对接，构建校企双元主体育人机制，利用数智化产教融合平台建立虚实结合的创新培养模式；3. 科技成果转化与产业技术攻关精准对接，将职业院校打造为科技成果转化的""中试车间""，推动科研与教学全方位融合，以科技创新成果反哺教育教学。",
980,产教融合垂类问题,文本,请阐述数智时代背景下，产教融合对高校人才培养目标提出的新要求，并结合文档内容进行分析。,数智时代生产方式的变革，特别是数据驱动的适应性变革特征，对人才培养提出了更高要求。传统的人才培养模式侧重专业技能，而数智时代更需要劳动者具备与技术协同、与组织协同的能力，即跨产业、跨边界的协同能力。因此，产教融合需要培养能够适应快速变化的、复合型人才，实现产业需求与人才供给的精准匹配。文档指出，产教融合需实现人才培养目标与产业需求的协同，通过产教融合，充分发挥企业在创新实践中培养人才的作用，促进人才培养供给侧和产业需求侧的联动。,
981,产教融合垂类问题,文本,分析当前产教融合实践中存在的挑战，并提出可能的解决方案。,文档指出，当前产教融合实践中存在协同育人主体间利益融合难、专业课程与产业需求不适配、产业界介入教育教学积极性不高、产教融合评价缺位等问题。可能的解决方案包括：建立利益共享机制，明确各方在产教融合中的收益；加强课程体系建设，定期更新课程内容，使其与产业发展紧密结合；通过政策激励和平台搭建，提高企业参与产教融合的积极性；建立科学的产教融合评价体系，对产教融合的效果进行量化评估。,
982,产教融合垂类问题,文本,请解释“活”案例教育教学的内涵和主要特征，并说明其在产教融合中的作用。,"""活""案例教育教学是以企业正在开展的实际管理实践为内容的教学活动，区别于书本案例和企业参观。其主要特征包括内容鲜活、过程激活和方式灵活。在产教融合中，“活”案例教育教学能够弥合产教融合的认知差异，根据企业前沿实践面临的“真”问题进行教学内容和教学方法的设计，构建产教互促的人才培养模式，有效解决人才培养与产业发展供需不匹配的矛盾。",
983,产教融合垂类问题,文本,构建一个产教互促的人才培养模式，并说明产业界和教育界在其中的角色和作用。,产教互促的人才培养模式以中国企业前沿实践的“真”问题为驱动力。产业界提供实际问题和实践场景，形成对高校教育教学的“拉力”，教育界则提供理论知识和创新方法，形成对产业实践的“推力”。企业管理者参与课堂教学改革，提供实践指导和评价反馈，高校教师则将企业问题融入教学内容，引导学生进行深入分析和创新设计。通过双方的协同合作，实现产教融合的价值共创。,
984,产教融合垂类问题,文本,请从提升学生能力的角度，阐述“活”案例教育教学的意义和价值。,"""活”案例教育教学能够提升学生的自主创新能力和实践能力。通过参与真实的企业项目，学生能够将理论知识应用于实际问题，培养解决问题的能力和创新思维。同时，“活”案例教育教学还能增强学生的社会责任感和职业道德，使其具备适应社会发展需求的综合素质。具体而言，学生报告从随意批评转变为深度剖析，演讲从主观判断转变为有据论证，并能融会贯通不同专业知识。",
985,产教融合垂类问题,文本,产教融合型企业在参与职业教育时有哪些政策支持？,根据产教融合相关政策，企业参与职业教育可获得财政激励、信贷优惠等支持。例如，对企业深度参与高职教育实践的财政激励、信贷优惠政策，包括共建共享实习实训基地、共同研发课程体系和项目式实践学习等。政府通过强化统筹调控角色，对校企共享平台、学生实训实践基地进行统一规划，确保政策在学校和企业两端平衡实施，避免合作流于表面。,
986,产教融合垂类问题,文本,如何构建现代产业学院的产教融合运行机制？,现代产业学院应构建'四维共生'的产教融合数字生态：一是强化产业链、专业链与人才链协同互动，通过定期行业调研动态调适专业配置；二是构建以智能技术为核心的教育链创新，搭建产学研数字化协同育人平台，实施双导师制和项目式实践学习；三是实施'双链错位'培养路径，形成'产教融合'人才培养链与'科教融合'服务支撑链的差异化机制。通过学校、企业、行业、科研机构多方协同，培养适应技能型社会需求的多维度新型工匠人才。,
987,产教融合垂类问题,文本,高职院校如何提升教师数字素养以适应产教融合需求？,高职院校可通过三方面提升教师数字素养：一是唤醒教师数字意识，树立正确技术观念，平衡技术价值与人文价值；二是铺设数字素养进阶之路，设计涵盖尖端信息科技、数字化教学策略的培训项目，引入'微认证'模式（诊断性测评—自主学习—微认证—证据提交—结果呈现—数字徽章）；三是搭建项目实操平台，鼓励教师参与数字化内容创作、学术交流与竞赛，通过科研项目扶持和跨界学术社群构建，强化教师在新质生产力领域的研究与应用能力。,
988,产教融合垂类问题,文本,数智时代产教融合面临哪些现实挑战及应对策略？,数智时代产教融合面临三大挑战：一是人才供需结构性失衡，需通过'四链'产教融合体系动态调适专业配置，更新课程内容；二是教师数字素养滞后，需通过系统化培训和微认证机制提升教师数字化能力；三是产教融合浅表化，需政府强化统筹调控，完善财政激励和信贷优惠政策，构建校企定期动态评价机制。应对策略包括深化四维共生产教融合数字生态、推行全景式数字化人才培养、持续提升教师数字素养，实现教育链、人才链、产业链与创新链无缝对接。,
989,产教融合垂类问题,文本,产教融合中如何实现人才培养与产业需求精准对接？,实现精准对接需采取以下措施：一是建立产业需求动态响应机制，通过定期行业调研与企业实地探访捕捉技术前沿趋势；二是构建数字化协同育人平台，通过数据即时传送功能无缝对接产业需求，坚持校企共研课程、共设项目；三是实施双导师制和企业新型学徒制，提供高度契合实际的学习机遇；四是构建未来导向的校企协同评价机制，围绕学生能力培养、教学成效与学校治理等维度，结合项目成果、实习绩效等多样指标形成'评估—反馈—提升'闭环，从根本上缓解人才供需结构不均衡问题。,
990,产教融合垂类问题,文本,在产教融合背景下，高职院校如何实现专业设置与产业需求的精准对接？,高职院校应通过数智技术实现专业设置与产业需求的精准对接：一是建立产业需求数据采集与分析机制，运用大数据技术动态跟踪区域产业发展趋势；二是构建专业动态调整机制，根据产业数智化升级需求，通过增设新技术应用类专业、升级传统专业技术内容、智能化改造行业应用类专业的三种方式优化专业结构；三是深化产教融合体建设，推动校企共同制定人才培养标准，将产业新技术、新工艺、新规范融入课程体系，形成'以产定教、以教促产'的良性循环。,
991,产教融合垂类问题,文本,现代产业学院建设中，'双师型'教师队伍培养的关键路径有哪些？,现代产业学院'双师型'教师队伍培养的关键路径包括：一是建立教师企业实践制度，要求专业教师定期到产业一线参与技术研发或项目实践；二是实施校企人才互聘机制，引进企业技术骨干担任产业导师，同时选派教师到企业兼职；三是构建教师数智素养提升体系，通过培训赋能教师掌握大数据、人工智能等新技术应用能力；四是完善教师评价激励机制，将技术服务、产教融合成果纳入教师考核指标，激发教师参与产教融合的主动性。,
992,产教融合垂类问题,文本,产教融合型企业认证标准通常包含哪些核心要素？,产教融合型企业认证标准通常包含五大核心要素：一是深度参与职业教育，包括参与专业建设、课程开发、教材编写等教学活动；二是提供稳定实习岗位，建立规范的实习实训管理体系；三是开展校企协同育人，通过现代学徒制、订单培养等方式联合培养技术技能人才；四是承担社会责任，如设立奖学金、共建实训基地、接收教师实践等；五是具备技术创新能力，能够与院校共同开展技术研发与成果转化。认证标准还强调企业参与产教融合的持续性、系统性和实效性。,
993,产教融合垂类问题,文本,高职院校如何通过数智技术提升产教融合的精准育人效能？,高职院校可通过以下路径提升数智赋能产教融合的精准育人效能：一是建设产教融合数据平台，实现产业需求、人才培养、就业反馈等数据的实时采集与智能分析；二是开发数智化教学资源，运用虚拟现实、数字孪生等技术解决'三高三难'实践教学问题；三是构建精准教学模式，基于学生数字画像实施个性化学习推送和过程性评价；四是打造产学研创一体化平台，推动企业项目教学化转化，促进师生参与企业技术研发；五是建立数据驱动的质量监控体系，通过循证决策持续优化产教融合育人过程。,
994,产教融合垂类问题,文本,职业教育产教融合的政策支持体系主要包含哪些方面？,职业教育产教融合的政策支持体系主要包含五个方面：一是财税支持政策，包括对产教融合型企业给予'金融+财政+土地+信用'组合式激励，落实教育费附加、地方教育附加减免等优惠；二是制度保障政策，如《职业教育产教融合赋能提升行动实施方案》明确产教融合的实施路径和目标；三是平台建设政策，支持区域性产教融合体、产业学院等载体建设；四是人才激励政策，完善'双师型'教师认定标准和激励机制；五是评价改革政策，将产教融合成效纳入职业院校考核和企业履行社会责任评价体系，形成多方协同推进的政策合力。,
995,产教融合垂类问题,文本,在整体性治理视角下，产教融合共同体的核心治理目标是什么？,产教融合共同体的核心治理目标是“培养高素质技能型人才”。这一目标不仅是职业教育本体功能的具体表征，也是全面建设社会主义现代化征程中国家赋予职业教育的历史使命和根本任务。建设产教融合共同体应以培养高素质劳动者和技术技能人才为价值导向，坚持以教促产、以产助教，推进校企协同育人，从而实现育人价值与社会价值的统一。,
996,产教融合垂类问题,文本,产教融合共同体建设中，如何通过“利益协调机制”解决各主体间的矛盾？,利益协调机制通过“利益转译”和“强制通行点”来解决矛盾。首先，各利益主体需明确强制通行点（Obligatory Passage Point，OPP），即解决影响利益获得的关键问题，实现以共同目标为导向的主体联结。其次，通过“利益赋予”阶段，关键行动者根据行动者的目标赋予其相应的利益，明晰各主体的角色、定位和权益，引导其在利益冲突、博弈、协调和交融中自主建构平等对话、集体决策的产教合作联盟。,
997,产教融合垂类问题,文本,阐述数字化治理在产教融合共同体建设中的具体应用路径。,数字化治理在产教融合共同体建设中的应用路径主要包括三个方面：1. **树立数字治理意识**：深刻认识技术变革带来的机遇与挑战，将互联网、云计算、大数据、人工智能等数字化技术手段广泛应用到校企“双元”育人过程中；2. **共建信息共享数据库**：利用大数据构建产教融合信息化平台，整合教育资源、企业资源、产业资源等，实现优质资源共享和数据联通；3. **建立完善数字监测评价机制**：建构科学的质量评价标准体系，吸纳政府、学校、企业等多方主体对教育教学过程进行动态评价，检验数字化治理成效。,
998,产教融合垂类问题,文本,产教融合共同体在“增强主体间协作”方面，提出了哪三个关键举措？,增强主体间协作的关键举措包括：1. **明晰各利益主体权责**：厘清各行动主体在共同体中的角色、地位、权利和义务，各司其职，这是加强协作的前提；2. **加强跨界合作**：打破传统严格的组织边界和职能划分，促使多元异质行动主体在共建共享共治中实现全方位、深层次的协同合作；3. **构建共生关系**：基于一定的集体行动规则，加强异质行动主体以人才培养目标为导向的利益联结，建立多主体联动的共生伙伴关系。,
999,产教融合垂类问题,文本,新一轮“双高计划”背景下，高质量产教融合的核心特征是什么？,新一轮“双高计划”背景下，高质量产教融合的核心特征在于，产教融合不再是独立的建设任务，而是要成为支撑高职院校发展和特色化的核心力量，促进学校和企业形成命运共同体，成为高职院校办学的基本思路和根本。同时，高质量产教融合需要在观念上重视其思维性和方法性，在组织形态上促进“以点带面、以链成片”的产教融合新格局，在实施模式上促进普适性模式的本土化和再创新。,
1000,产教融合垂类问题,文本,在推进高职院校产教融合过程中，政府应如何平衡“管”与“放”的关系？,政府应在产教融合中发挥关键作用，但并非过度干预。一方面，政府应在资源匹配方面发挥主导作用，基于产业发展需求制定优先鼓励实施的产教融合项目清单，并提供激励政策。另一方面，应简化行政审批流程，提供政策、数据等公共服务支持，同时加强法律法规的执行，保障产教融合的健康发展。核心在于实现有为政府和有效市场协同，在自主权与责任义务之间寻找平衡点。,
1001,产教融合垂类问题,文本,如何理解“以点带面、以链成片”的产教融合新格局？,"""以点带面、以链成片""的产教融合新格局是指，通过龙头企业、链主企业、头部企业等关键企业（“点”）带动整个产业链上的企业参与产教融合，形成辐射效应（“面”）。同时，将产业链上的企业串联起来，形成产教融合的整体网络（“链”），最终形成覆盖整个产业集群的产教融合体系（“片”）。",
1002,产教融合垂类问题,文本,针对高职院校产教融合实绩评价，应如何改进评价指标和方法？,高职院校产教融合实绩评价应从数量绩效导向转向数量和质量绩效导向并重。评价指标应涵盖人才培养与教学模式、产教融合组织结构、技术服务与社会贡献等多个方面，并引入质性评价作为补充。应关注企业在人才培养中的实效，例如企业师傅的工作知识开发情况、企业项目转化为课程项目的数量和应用案例等，兼顾过程评价和结果评价、数量评价和实绩评价。,
1003,产教融合垂类问题,文本,在产教融合的实施模式上，如何实现普适性模式的本土化和再创新？,产教融合的实施模式应根据地方产业特点和学校自身优势进行本土化改造。关键在于找到企业的“真需求”，摸清学校的“真本事”，通过自下而上的摸索、互动、适应和创新，形成适合自身发展的产教融合模式。避免照搬照抄，注重项目、任务自身设计的适切性和运行的可持续性。,
1004,产教融合垂类问题,文本,我国产教融合发展的主要阶段及其特征是什么？,我国产教融合主要经历了四个阶段：1)初步探索阶段(新中国成立至1991年)：计划经济体制主导，以'校中厂'、'厂中校'的实习实训为特点，学校主导自发行为；2)浅层次阶段(1992-2016年)：市场资源配置导向，以'产教同构'、'职业教育集团'为特点，松散耦合；3)中等层次阶段(2017-2021年)：产业转型升级背景下，以'校企合作'、'产教融合型企业'为特点，有组织接入、实体嵌入；4)向深度融合阶段(2022年至今)：高质量发展背景下，以'产教融合联合体'、'产教融合生态系统'为特点，产业主导，实现'教育链-人才链-产业链-创新链'衔接。,
1005,产教融合垂类问题,文本,当前我国产教融合面临的主要挑战有哪些？,当前我国产教融合面临三大现实挑战：1)行业产业主导动力不足，教育供给侧单向驱动：高校人才培养方向与企业专业领域错位或滞后，企业参与培养的高层次人才流失快，设备成本高、政策支持薄弱；2)校企间理念、制度等壁垒深厚，阻碍创新资源整合：企业追求盈利与高校培养人才的目标差异，高校市场意识薄弱、专业设置缺乏论证，校企间缺乏沟通、法律保障和健全评价体系；3)高校人才培养与行业产业发展错位：高校同质化倾向严重，职业教育质量不高，难以满足新兴产业对多学科交叉人才的需求。,
1006,产教融合垂类问题,文本,新质生产力具有哪些显著特征？这些特征如何影响产教深度融合？,新质生产力具有三个显著特征：1)创新性：强调整合科技创新资源，通过基础研究和技术创新为生产力跃迁提供源头性技术储备，这要求产教融合平台必须集研发与应用于一体；2)融合性：体现为跨行业技术融合与多主体协同，要求打破专业壁垒，构建政产学研多主体协同的育人生态系统；3)数字化：以人工智能、信息技术和大数据为劳动工具，要求劳动者具备数字化素养，推动产教融合必须深化数字化协同，将数字技术融入人才培养全过程。这些特征决定了产教融合必须以产业需求为主导，构建深度融合平台，培养具备创新能力和数字技能的高素质人才。,
1007,产教融合垂类问题,文本,如何构建高质量的产教融合平台以促进科技成果转化？,构建高质量产教融合平台促进科技成果转化需从三方面着手：1)平台定位：以新兴产业需求为导向，以催生未来产业为目标，打造集人才培养、基础研究、开发、成果转化与应用于一体的综合平台，区别于传统实践基地；2)资源整合：对接区域经济发展趋势，整合政府、高校、企业现有资源，引导行业企业参与课程开发和教材设计，拓展集合型产教融合大平台；3)运行机制：政府集中稳定投入产生积累性效应，建立促进科技成果转化的评价体系，将企业作为科技成果转化核心载体，提高战略性基础研究和新兴交叉学科研究成果的落地转化率，使科技创新真正转化为产业创新。,
1008,产教融合垂类问题,文本,政策细节：根据《行业产教融合共同体建设指南》，行业产教融合共同体的主要建设任务包括哪些方面？,根据《行业产教融合共同体建设指南》，行业产教融合共同体的主要建设任务包括三个方面：一是产教联合开展人才培养，由龙头企业牵头，通过前瞻性预测行业人才需求，为学校人才培养提供前沿性指导；二是协同开展技术攻关，整合行业企业与学校师资力量解决行业企业急需解决的技术难题；三是有组织开发教学资源，将产业行业企业真实资源、优势资源转化为学校的教学资源，促进教育科技人才良性循环。,
1009,产教融合垂类问题,文本,咨询模拟：某职业院校希望提升产教融合水平，作为牵头单位应如何发挥主体性？,作为牵头职业院校，应充分发挥以下主体性：一是利用创新型技术技能人才培养优势、应用科研优势和技术技能积累优势，为行业企业培养急需人才；二是通过应用科研解决企业技术革新、产品升级和生产性难题；三是加强与技术技能积累创新优势的结合，打通从技术创新到产品生产的最后一公里；四是积极与高水平高校合作，推动“中职—高职—本科层次职业学校—有硕博点的高校”的教育衔接，完善现代职业教育体系。,
1010,产教融合垂类问题,文本,深度分析：行业产教融合共同体作为“超组织”相比传统校企合作有哪些显著优势？,行业产教融合共同体作为“超组织”具有三方面显著优势：一是“超功能”大平台，兼具促进产业行业发展、科技创新、教育高质量发展、人才培养等多重功能，实现产业链、教育链、人才链、创新链“四链”融合；二是“超资源”流通配置，通过龙头企业和多元主体强强合作，形成资源覆盖广、整合效应强的“资源圈”支撑；三是“超开放”组织特性，提供多样化合作形式（如一对一、多对多）和内容（如人才培养、技术攻关、资源开发等），为教育赋能新质生产力创造条件。,
1011,产教融合垂类问题,文本,行动方案：请为行业产教融合共同体设计一份提升凝聚力的年度工作重点。,为提升行业产教融合共同体凝聚力，年度工作重点包括：一是实现利益凝聚，通过联合人才培养、技术攻关等合作框架，主动寻找利益对接点，满足各成员单位利益诉求；二是实现价值凝聚，以发展新质生产力为核心价值共识，引领共同体聚合发展；三是实现资源凝聚，将不同来源、结构的资源进行高效配置，形成活力资源群；四是实现交流凝聚，完善共同体章程，建立常态化、低成本的交流机制，确保话语权平等，促进各主体深度协同。,
1012,产教融合垂类问题,文本,战略意义：新质生产力发展背景下，行业产教融合共同体建设的战略意义是什么？,在新质生产力发展背景下，行业产教融合共同体建设的战略意义体现在三方面：一是通过畅通教育、科技、人才良性循环，为新质生产力发展提供人才动能、科技动能和教育动能；二是作为“超组织”实现“四链”融合，优化资源配置，为产业转型升级和科技创新提供支撑；三是通过凝聚共识、强化监督与考核，赋能新质生产力发展，推动经济社会高质量发展，是教育赋能新质生产力加速发展的新型组织形态。,
1013,产教融合垂类问题,文本,请阐述现代产业学院建设对于推动产教融合的战略意义，并分析其与传统校企合作模式的主要区别。,现代产业学院是深化产教融合的重要载体，其战略意义在于能够突破传统校企合作“订单培养”的局限，实现人才培养、技术创新、成果转化全链条融合。区别在于：传统校企合作多为分散式、临时性的合作，缺乏系统性规划和长期机制；而现代产业学院则是由政府、高校、企业共建的常态化、制度化合作平台，具有共同治理、共建共享、产学研深度融合的特点，能够更好地服务区域产业发展和新质生产力提升。,
1014,产教融合垂类问题,文本,如何理解“三链融合”在推进产教融合中的作用？请具体说明技术链、人才链、资金链三者之间的关系。,“三链融合”是产教融合的核心路径。技术链是指企业技术需求与高校科研能力对接，通过产学研合作实现技术创新；人才链是指企业人才需求与高校人才培养对接，通过校企合作、实习实践等方式培养符合产业需求的人才；资金链是指政府、企业、高校共同投入资金，支持产教融合项目和平台建设。三者相互促进，技术链驱动人才链，人才链支撑技术链，资金链保障技术链和人才链的有效运行，形成良性循环，最终推动新质生产力发展。,
1015,产教融合垂类问题,文本,国家大力推行“双师型”教师队伍建设，请解释“双师型”教师的内涵，并分析其在产教融合背景下的重要性。,“双师型”教师是指既具有扎实的理论知识，又具备丰富的实践经验的教师。他们既要精通所教学科的理论前沿，又要熟悉相关产业的实际运作，能够将理论与实践相结合，培养出既懂技术又懂管理的复合型人才。“双师型”教师在产教融合背景下至关重要，他们是高校与企业之间沟通的桥梁，能够将企业需求反馈到教学环节，提升人才培养的针对性和实效性，是实现产教融合的关键力量。,
1016,产教融合垂类问题,文本,请设计一份高职院校提升产教融合水平的年度工作重点，包含至少三个具体行动方案。,"高职院校提升产教融合水平的年度工作重点：
1. **深化校企合作，共建现代产业学院：** 每年至少与2-3家龙头企业共建现代产业学院，明确共建目标、合作机制和资源投入，实现人才培养、技术创新和成果转化深度融合。
2. **推进“产学研”协同创新：** 建立健全“产学研”协同创新平台，鼓励教师参与企业技术攻关，支持企业在校设立研发中心，促进科研成果向现实生产力转化。
3. **完善“双师型”教师队伍建设：** 制定“双师型”教师培养计划，鼓励教师到企业实践锻炼，引进企业工程师担任兼职教师，提升教师的实践能力和产业敏感性。",
1017,产教融合垂类问题,文本,在职业教育中，如何有效评估产教融合的成果？请列举至少三个可量化的评估指标。,"有效评估产教融合成果需要建立科学的评估体系。可量化的评估指标包括：
1. **毕业生就业率及薪资水平：** 衡量毕业生在相关行业的就业情况和薪资待遇，反映人才培养的质量和市场认可度。
2. **企业参与课程开发比例：** 统计企业参与课程开发、教学实践和实训基地建设的比例，反映校企合作的深度和广度。
3. **科研成果转化率：** 评估高校科研成果在企业中的应用和转化情况，反映产学研合作的成效和创新能力。",
1018,产教融合垂类问题,文本,在新质生产力背景下，微生物制造领域卓越工程人才培养面临哪些主要挑战？,主要挑战包括：1）教育理念滞后，传统教学模式侧重知识传授和论文撰写，难以适应合成生物制造与绿色生物制造产业需求；2）教学方法单一，缺乏实践性和智能化，学生参与真实项目实践机会不足；3）实践平台建设不足，地方高校在先进实验设备和技术方面与头部高校存在差距，缺乏与企业的深度技术合作。,
1019,产教融合垂类问题,文本,如何构建面向新质生产力的产教融合型导师团队？,构建产教融合型导师团队需要：1）校企深度协同，共同制定培养目标、教学环节和培养标准；2）建立常态化合作机制，明确校内外导师职责分工；3）实施双向流动机制，包括从企业聘任高级工程师担任产业教授，鼓励青年教师挂职企业科技副总；4）完善导师能力提升培训体系，提供政策保障和激励措施，形成专任教师与企业导师高度互融互促的师资队伍。,
1020,产教融合垂类问题,文本,现代产业学院在微生物制造领域人才培养中应如何设计课程体系？,现代产业学院应设计多学科交叉课程体系，具体包括：1）构建'学科基础-科教融汇-产教融合'贯通式课程结构；2）设置模块化项目课程，涵盖'+绿色'、'+安全'、'+健康'、'+智能'等方向；3）采用项目驱动学习法，让学生在解决企业实际问题中学习；4）保持课程内容与产业技术同步更新，如及时补充合成生物学、人工智能指导蛋白质设计等前沿内容；5）实现课程教学与行业标准对接、教学过程与生产实际对接。,
1021,产教融合垂类问题,文本,产教融合型企业参与职业教育人才培养有哪些典型模式？,产教融合型企业参与人才培养的典型模式包括：1）共建新型研发机构联合体，共同制定产业导向培养方案；2）建设研究生工作站等实践平台，提供真实项目实践机会；3）实施双导师制，由企业专家与校内教师共同指导学生开展'产学研'一体化项目；4）开发案例课程，将企业真实技术需求转化为教学案例；5）建立多元化评价体系，关注学生创新能力、团队协作等综合素养培养。,
1022,产教融合垂类问题,文本,如何建立面向新质生产力的产教融合质量保障体系？,建立产教融合质量保障体系需要：1）构建面向产业赋能的多元化人才培养质量评价体系，不仅评价学术成绩，更关注创新能力、团队协作等软技能；2）持续跟踪评估教育质量与新质生产力发展的动态匹配度；3）完善校企协同创新与激励机制，促进技术要素流动与整合；4）建立'0-1-N'育人模式，让学生在解决产业技术突破实际问题中学习；5）加强实践平台迭代升级，构建与产业需求同步更新的产教融合环境。,
1023,产教融合垂类问题,文本,根据国务院办公厅《关于深化产教融合的若干意见》，产教融合型企业可享受哪些政策激励？,根据国务院办公厅《关于深化产教融合的若干意见》，被认定为产教融合型企业的单位可享受金融、财政、土地等方面的优惠政策支持。政府通过完善政策体系，对推进产教融合、提升人才培养质量、促进就业发挥重要作用的企业给予专项激励，包括设立创新基金奖励优秀项目，并推动相关法律法规建设以保障企业权益。,
1024,产教融合垂类问题,文本,高校在构建产教融合共同体时，如何实现政府、企业、高校的多主体协同管理？,高校可通过设立联合工作机构，制定管理办法和规章制度，明确各参与主体的权责，实现运行、管理、监督、保障一体化机制。具体措施包括：政府统筹教育资源布局，企业参与人才培养方案制定，高校主导课程体系改革，三方共同开展项目制教学和师资队伍建设，形成全链条教学生态体系。,
1025,产教融合垂类问题,文本,新质生产力背景下，职业教育如何通过产教融合培养复合型创新人才？,新质生产力要求职业教育以战略性新兴产业和未来产业需求为导向，通过以下路径培养人才：1）动态调整学科专业结构，增设新能源、人工智能等前沿领域课程；2）构建跨学科产教融合平台，打破专业壁垒；3）引入企业真实项目开展项目制教学，提升学生实践能力；4）改革教师评价体系，将产教融合成效纳入考核，激励教师参与产业实践。,
1026,产教融合垂类问题,文本,针对当前产教融合中“学校热、企业冷”的现象，应如何激发企业参与的内驱力？,解决企业参与动力不足需多措并举：1）政府层面完善政策法规，对产教融合型企业给予金融、财政、土地等优惠；2）学校层面突出企业主体作用，联合开展技术攻关，加速成果转化；3）建立投入产出对等机制，确保企业获得人才资源、技术福利等实际回报；4）通过专项基金奖励优秀合作项目，形成长效激励机制。,
1027,产教融合垂类问题,文本,高职院校如何设计年度工作重点以提升产教融合水平？,高职院校年度产教融合工作重点可包括：1）对接区域产业需求，优化专业设置和课程内容，开发反映行业核心技术的教材；2）深化与龙头企业合作，共建实践实训基地和研发中心；3）组建“双师型”教师团队，引入企业导师参与教学；4）建立校企联合评价机制，将学生实习表现和就业质量纳入考核；5）申报产教融合型企业认证，争取政策支持。,
1028,产教融合垂类问题,文本,请解释“产教融合”的内涵，并阐述其在新质生产力发展中的关键作用。,产教融合是指以产业需求为导向，促进教育、技术、人才、创新等要素的深度融合，形成教育链、人才链、创新链和产业链的协同发展。在新质生产力发展中，产教融合是关键环节，它能够有效供给高素质技术技能人才，推动技术创新和成果转化，加速产业升级和转型，是形成新质生产力的重要支撑。具体而言，产教融合通过校企合作、现代产业学院建设、双师型教师队伍培养等方式，实现人才培养与产业需求的精准对接，为新质生产力发展提供源源不断的人才和技术动力。,
1029,产教融合垂类问题,文本,国家层面关于深化职业教育产教融合有哪些重要政策文件？请列举并简述其核心内容。,国家层面关于深化职业教育产教融合的重要政策文件包括：《关于深化产教融合的若干意见》（2017年）和《职业教育产教融合赋能提升行动实施方案（2023—2025年）》。前者强调深化产教融合对提高教育质量、扩大就业创业、推进经济转型升级的重要性，提出要构建现代职业教育体系，促进产教深度融合。后者则进一步强调“以教促产、以产助教”，加快形成产教良性互动、校企优势互补的产教深度融合发展格局，并提出了具体的实施路径和重点任务，如建设一批高水平现代产业学院、培育一批产教融合型企业等。,
1030,产教融合垂类问题,文本,如何评估一所高职院校产教融合的水平？请列出至少五个关键评估指标。,评估高职院校产教融合水平的关键指标包括：1. 校企合作项目数量和质量：包括共建实验室、实习基地、研发中心等；2. 现代产业学院建设数量和办学水平：评估其与产业的契合度、人才培养质量和技术创新能力；3. 双师型教师比例：反映教师实践经验和产业适应能力；4. 毕业生就业质量：包括就业率、就业岗位与专业相关度、薪资水平等；5. 产学研合作成果转化率：评估科研成果对产业的贡献和经济效益。,
1031,产教融合垂类问题,文本,请为一家希望参与高职院校产教融合的企业，设计一份合作方案框架，包括合作模式、权益和义务。,"企业参与高职院校产教融合的合作方案框架：
**合作模式：** 订单培养、现代学徒制、校企联合研发、共建实习基地、共建实验室、企业教师聘任等。
**企业权益：** 优先获得学校培养的专业人才、参与人才培养方案制定、共享学校科研资源、获得技术创新成果、提升企业品牌影响力。
**企业义务：** 提供实习岗位、提供技术支持、参与课程开发、提供师资培训、提供项目资助、保障学生实习安全。
**合作保障：** 签订合作协议，明确双方权利义务、知识产权归属、保密条款等，建立定期沟通机制，共同评估合作效果。",
1032,产教融合垂类问题,文本,在推动职业教育与产业发展深度融合的过程中，如何解决“教育链”与“产业链”之间的错配问题？,解决“教育链”与“产业链”之间的错配问题，需要从以下几个方面入手：1. 动态研判产业发展趋势：定期开展产业需求调研，准确把握产业发展方向和人才需求变化；2. 优化专业设置：根据产业需求调整和优化专业设置，淘汰落后专业，开设新兴专业；3. 强化课程体系建设：将产业最新技术和标准融入课程体系，提高课程的实践性和针对性；4. 推进“1+X”证书制度：鼓励学校与企业合作，开发“1+X”证书制度，培养符合产业需求的复合型人才；5. 建立校企合作长效机制：构建校企合作的常态化、制度化机制，实现教育链与产业链的紧密衔接。,
1033,产教融合垂类问题,文本,请分析新质生产力视角下职业院校产教融合面临的主要现实困境。,新质生产力视角下职业院校产教融合的现实困境主要包括三个方面：1. 政府调控产教融合的体制机制尚不完善，缺乏刚性制度约束和长效合作机制；2. 职业教育服务产业转型升级能力不足，表现为专业设置滞后、'双师型'师资力量不足、工匠精神培育缺失；3. 企业参与学校创新人才培养意识薄弱，存在短视行为、对职校生的传统偏见以及投入成本与回报周期长的顾虑。,
1034,产教融合垂类问题,文本,职业院校如何通过产教融合助力新质生产力发展？,职业院校可通过以下路径助力新质生产力发展：1. 对接行业发展需求，建立对接新兴产业的专业群和高质量课程体系，如开设绿色低碳、蓝色海洋经济等新质人才相关专业；2. 聚焦'双师双能'师资建设，通过'引、建、学'模式打造多元育人格局，引进行业专业人才、建立'双师双能型'师资库、选送教师企业实践；3. 通过产教融合培养学生综合素质，使其具备新质生产力所需的创新思维、技能和知识体系，有机衔接人才供应链、技术创新链和产业升级链。,
1035,产教融合垂类问题,文本,政府在推动产教融合服务新质生产力发展中应发挥哪些作用？,政府应发挥以下作用：1. 完善产教融合体制机制，加强刚性约束，健全法律法规，制定具有前瞻性的政策；2. 制定柔性引导政策，如税收减免和专项补贴，建立长效合作机制；3. 搭建智能化、终端化的产教融合信息交流平台，整合更新人才供需信息，破除信息壁垒，提高校企合作效率，最终服务区域经济发展。,
1036,产教融合垂类问题,文本,企业如何参与职业院校产教融合以培养新质人才？,企业可通过以下方式参与产教融合：1. 摒弃偏见，提高站位，主动担当，以新兴产业战略需求为导向，在产教融合全链条发挥主导作用；2. 牵头成立产教融合协会或共同体，统筹产业链、创新链和教育资源，解决供需失衡问题；3. 搭建深度融合平台，对接新质生产力发展需求，制订可行的推进路线，推动教育、科技、人才良性循环，实现共建共管共赢。,
1037,产教融合垂类问题,文本,请设计一份高职院校提升产教融合水平的年度工作重点方案。,高职院校提升产教融合水平的年度工作重点方案应包括：1. 专业建设：对接新兴产业和未来产业需求，调整专业设置，开发绿色低碳、蓝色海洋经济等新质人才培养课程体系；2. 师资培育：实施'双师双能'计划，引进行业专家、建立师资库、选送教师企业实践，提升科研与教学能力；3. 平台搭建：与龙头企业共建产业学院或产教融合共同体，开展校企协同育人项目；4. 制度创新：完善产教融合激励机制，推动'政校行企'协同育人体系形成；5. 质量监控：建立产教融合质量评估机制，确保人才培养与产业需求高度吻合。,
1038,产教融合垂类问题,文本,请阐述常州市《行动方案》中关于健全产教融合政策制度的具体措施，并分析这些措施对推动职业教育高质量发展的作用。,常州市《行动方案》在健全产教融合政策制度方面，主要包括以下措施：升级职业教育产教融合领导体系；建立产教融合发展资金支持制度；研制《常州市职业教育产教融合促进条例》；探索打通职业教育产教融合堵点；落实“金融+财政+土地+信用”等组合式激励政策；落实《常州市人民代表大会常务委员会关于推进产教融合建设职教名城的决定》。这些措施旨在从组织领导、资金保障、法律法规、体制机制等多方面构建系统性的产教融合政策体系。通过这些政策，可以有效促进职业教育供给侧与产业需求侧的关键要素双向融合，提升职业教育的适应性和针对性，从而培养出更符合产业发展需求的高素质技术技能人才，推动职业教育高质量发展。,
1039,产教融合垂类问题,文本,根据常州市《行动方案》，如何提升职业院校的产教融合实训水平？请详细说明。,常州市《行动方案》提出提升职业院校产教融合实训水平的具体措施包括：建设5个左右专业化开放型区域产教融合实践中心；建强20个左右重点产业学院；延伸职业院校办学空间；推行实体化运行机制；培育产教融合服务组织；推动以“园区+企业+职业院校”三牵头机制，高水平建设10个重点市级市（县）域产教联合体；以“龙头企业+职业院校+普通高校”三牵头机制，高标准建设10个重点行业产教融合共同体。这些措施旨在通过构建多元化的产教融合实训平台，促进校企深度合作，实现教学内容与产业实践的紧密结合，从而提升学生的实践能力和职业素养。,
1040,产教融合垂类问题,文本,常州市《行动方案》中，关于“双师型”教师队伍建设有哪些具体要求和措施？,常州市《行动方案》高度重视“双师型”教师队伍建设，提出了以下具体要求和措施：落实职业院校教师企业实践制度，选派专业教师参与技术攻关、工艺革新等生产实践锻炼；鼓励教师将企业新技术、新标准转化为教学案例；新建一批教师企业实践项目库和30个左右市级教师优质实践基地；职业院校专业课“双师型”教师占比达90%以上。这些措施旨在通过加强教师的实践经验和理论水平，提升教师的教学质量和职业素养，从而培养出更符合产业发展需求的高素质技术技能人才。,
1041,产教融合垂类问题,文本,根据《杭州市人民政府办公厅关于深化产教融合的实施意见》，杭州市到2025年计划培育多少家市级及以上产教融合型企业？,根据《杭州市人民政府办公厅关于深化产教融合的实施意见》，杭州市到2025年计划培育100家市级及以上产教融合型企业。,
1042,产教融合垂类问题,文本,企业参与产教融合型工程师学院建设时，可享受哪些税收优惠政策？,根据政策，企业发生的职工教育培训支出不超过工资薪金总额8%的部分，准予在计算企业所得税应纳税所得额中扣除，超过部分准予在以后纳税年度结转扣除。此外，企业单独投资或与政府合作建设学校的建设用地，符合《划拨用地目录》的可通过划拨方式供地。,
1043,产教融合垂类问题,文本,职业院校如何推进‘双师型’教师队伍建设？,职业院校可通过以下方式推进‘双师型’教师队伍建设：1）完善‘双师型’教师认定标准和办法；2）加强本科和研究生层次职教师资培养培训，建设10个‘双师型’教师培训基地；3）严格落实专业教师赴企业实践每5年累计不少于半年的制度；4）建设5个高质量的职教师资海外研训基地，打造50个市级教师教学创新团队。,
1044,产教融合垂类问题,文本,杭州市如何构建产教融合供需对接机制？,杭州市通过以下方式构建产教融合供需对接机制：1）落实区县（市）政府对高校、高校对接企业的‘双对接、双促进’机制；2）建设产教融合信息服务平台；3）培养一批规范化的产教融合服务组织；4）预测行业技术技能人才需求，发布行业就业状况和岗位职业能力标准。,
1045,产教融合垂类问题,文本,请为高职院校设计一份提升产教融合水平的年度工作重点方案。,高职院校提升产教融合水平的年度工作重点方案：1）深化‘引企入教’改革，推行面向企业真实生产环境的任务式、项目化培养模式；2）建设5个产教融合型示范性实习实训基地；3）推进产教融合型工程师学院和行业特色学院建设；4）实施产业教师（导师）特设岗位计划，完善‘固定岗+流动岗’用人模式；5）组建由行业组织、重点企业参加的专业建设委员会，完善校企协同治理结构；6）推进‘1+X’证书制度试点，完善学徒制政策体系。,
1046,产教融合垂类问题,文本,我国工程教育面临的主要困境有哪些？请结合产教融合背景分析其成因。,我国工程教育面临三大困境：一是平台不适配，高校以知识创新为导向构建研究平台，企业以技术创新为导向构建应用平台，导致专业设置与产业需求脱节；二是导师不适应，高校导师缺乏产业实践经验，企业导师对人才成长规律了解不足，双方未形成育人合力；三是模式不适合，传统学术型人才培养模式与社会对专业型人才的需求严重脱节。这些困境源于产教融合不深入、校企协同机制不完善，导致培养的人才无法满足产业发展需求。,
1047,产教融合垂类问题,文本,请阐述'一中心、一孵化、两围绕、一共享'产学研深度融合模式的核心内涵。,'一中心、一孵化、两围绕、一共享'模式的核心内涵是：以企业主导的研发中心或研究院为'一中心'，建立技术成果转化孵化器为'一孵化'，围绕产业链部署创新链、围绕创新链布局产业链为'两围绕'，通过'学校招、企业供、政府助、多方赢'的共享机制解决高端创新人才紧缺问题。该模式强调企业作为需求、投入、管理、转化主体，校企共同管理运行，并通过金融资本支持增强企业原创技术策源能力，实现产教深度融合。,
1048,产教融合垂类问题,文本,如何建设现代产业学院以提升工程科技人才培养质量？请从平台建设、模式创新和师资配备三个维度说明。,建设现代产业学院需从三方面着手：一是平台建设，引入龙头企业资源共建跨学科交叉创新实践平台，采用'1+N'模式（一学科为主、多学科联合），聚焦行业前沿需求开展真题真做项目；二是模式创新，构建项目驱动式人才培养体系，开发'理论+实践'课程体系，创新'多位教师同上一堂课、校企导师同上一堂课'的融合教学模式；三是师资配备，组建由学业导师、企业导师、创业导师组成的三支队伍，通过'双师型'师资培养和校企联合导师机制，提升教师工程实践能力，确保培养与产业需求无缝对接。,
1049,产教融合垂类问题,文本,产教融合型企业在卓越工程科技人才培养中扮演什么角色？请结合企业主导的产学研融合模式分析其战略意义。,产教融合型企业是卓越工程科技人才培养的核心主体，在产学研融合模式中承担多重角色：作为需求提出方，定义人才培养标准；作为资源投入方，提供资金、设备和实践平台；作为管理运营方，主导研发中心或研究院建设；作为成果转化方，推动技术创新产业化。其战略意义在于：一是强化企业科技创新主体地位，破解产教'两张皮'问题；二是通过'四链'（创新链、产业链、资金链、人才链）深度融合，实现人才培养与产业需求精准匹配；三是通过'揭榜挂帅'等机制，促进高校科研与产业应用高效转化，为国家突破'卡脖子'技术提供人才支撑。,
1050,产教融合垂类问题,文本,请为应用型本科院校设计一份深化产教融合的年度工作方案，需包含目标、重点任务和保障措施。,年度工作方案：一、目标：构建校企协同育人新机制，建成3个以上产业学院，引进20名企业导师，开发10门产教融合课程，学生实践能力提升30%。二、重点任务：1. 优化专业布局，对接区域产业需求升级传统专业，增设新兴交叉专业；2. 搭建实践平台，共建5个跨学科创新实验室和2个校企联合研发中心；3. 创新模式，实施'双导师制'，推行'1+X'证书制度；4. 深化课程改革，联合企业开发活页式、项目化教材；5. 拓展就业路径，建立100家以上实习基地，开展订单式培养。三、保障措施：1. 制度保障，成立产教融合领导小组，完善考核激励机制；2. 资源保障，设立专项经费，争取政府政策支持；3. 师资保障，建立教师企业实践制度，培育'双师型'教学团队；4. 质量保障，建立第三方评估机制，定期开展校企满意度调研。,
1051,产教融合垂类问题,文本,产教融合型企业在职业技能等级评价体系建设方面应包含哪些核心要素？,产教融合型企业在职业技能等级评价体系建设方面应包含以下核心要素：1）完善课程开发体系，建立基于岗位能力的标准化课程；2）建设专业考评题库，确保评价科学性；3）组建督导员及考评员队伍，保证评价过程规范；4）建立认定等级与薪酬水平挂钩的激励机制，实现'学考评用'一体化长效内循环机制；5）拓展企业自主认定资质范围，同时积极参与职业技能等级社会评价服务。,
1052,产教融合垂类问题,文本,现代产业学院在'双师型'师资队伍建设中应采取哪些具体措施？,现代产业学院在'双师型'师资队伍建设中应采取以下措施：1）设计'双师型'讲师胜任力模型，优化内训师认证标准；2）通过TTT赋能培训提升双师型师资的课程开发能力；3）搭建师资管理平台，建立能上能下、能进能出的动态评价管理机制；4）积极参与校企共建双师培训基地，支持企业讲师到职业院校参与教学；5）安排学校在职教师到企业实践锻炼，加强行业组织与职业院校的双师建设合作交流。,
1053,产教融合垂类问题,文本,产教融合型企业如何通过实训基地建设促进技能人才培养？,产教融合型企业可通过以下方式建设实训基地促进技能人才培养：1）利用企业智能制造和产线设备优势，规划专属实训场地，打造与生产环境零差距的实训基地；2）引入VR/AR数字孪生系统，实现与生产环境无差距的实操课程模拟教学；3）成立专门团队负责实训基地运营，实现学员快速实训、快速测评和快速上岗；4）作为校外实训基地和高技能人才培养基地，面向行业和社会开放共享资源；5）重点建设符合产业发展需求的职类实训基地，如电池制造、自动化维护、SMT等领域。,
1054,产教融合垂类问题,文本,企业在推进产教融合数字化平台建设时应关注哪些关键功能？,企业在推进产教融合数字化平台建设时应关注以下关键功能：1）构建学考评一体化的数字化学习平台，实现技能人才培养全流程管理；2）升级在线学习平台功能，加大线上课程实用性和趣味性开发；3）结合岗位任职资格和晋升要求，设计闯关+激励模式的学习体系；4）整合数字化学习资源，支持线上+线下混合式教学；5）建立数据分析功能，跟踪学习效果并持续优化培训内容，确保平台能有效支撑企业技能人才培养需求。,
1055,产教融合垂类问题,文本,产教融合型企业建设工作的三年规划应包含哪些核心目标？,产教融合型企业建设工作的三年规划应包含以下核心目标：1）与中高职业院校在人才培养、课程开发、实训基地建设等方面深度合作，共同开发课程教材不少于500课时，投入教学设备价值不少于2000万；2）现代学徒和新型学徒项目提质扩容，培养技能人才不少于500人；3）建成不少于3个重点职类的实训基地；4）制定技能人才职业技能等级企业评价标准，开展不低于2000人次的自主认定；5）建设'双师型'师资队伍，打造不低于100名'技术技能业务强、教育教学能力优'的双师；6）完成技能人才学考评一体化数字化学习平台搭建。,
1056,产教融合垂类问题,文本,在民办职业本科院校的产教融合实践中，如何有效提升双师型教师队伍的建设水平？,根据民办职业本科教育质量报告的分析，提升双师型教师队伍水平主要依靠三方面机制：一是**人才供给机制**，企业需深入参与专业课程开发与实际教学，提供具备相应理论教学和实践教学能力的人才；二是**经费供给机制**，通过横向技术服务与培训经费、科研经费等多元化渠道，为教师参与企业实践提供支持；三是**技术供给机制**，企业通过技术支持模拟真实工作情境，提供实训设备，同时学校提供教学场地，形成从“输血”向“造血”的正向循环。此外，还需对照《本科层次职业学校设置标准（试行）》要求，确保专任教师中“双师型”比例不低于50%。,
1057,产教融合垂类问题,文本,民办职业本科院校在专业建设中如何体现与区域产业发展的深度契合？,民办职业本科院校在专业建设中主要通过“适应性”导向对接区域产业需求：一是**对接产业需求**，以优势专业为依托服务区域发展战略，将重点关键领域纳入考量，依据专业与产业需求的适配性展开超前布局；二是**塑造产业特色**，以特色专业为依托形成高水平专业（群），超过60%的学校具备唯一设置专业，形成特色品牌效应；三是**凸显产业技术**，以技术型专业为载体培养高层次技术技能人才，本科专业中多带有“技术”、“工程”、“管理”、“设计”等关键词，满足区域高端产业和产业高端发展需求。,
1058,产教融合垂类问题,文本,针对民办职业本科院校产教融合的“成果共享机制”，企业参与人才培养的具体获益体现在哪些方面？,企业通过参与产教融合的成果共享机制，主要获益包括：一是**降低培养风险**，通过订单式培养、现代学徒制等形式，企业提前介入人才培养过程，确保人才规格与岗位需求高度匹配，减少招聘和培训成本；二是**整合利益诉求**，企业深度参与课程开发与评价，能够将最新的技术标准、操作规范融入教学，提升员工素质；三是**获得人才与智力支持**，企业可参与科研创新团队，获取专利成果转化、横向技术服务经费及非学历培训经费，同时获得优先的人才输送权。,
1059,产教融合垂类问题,文本,基于复杂适应系统理论，民办职业本科产教融合运行机制的核心特征是什么？,基于复杂适应系统理论，民办职业本科产教融合运行机制的核心特征是以“流动”为特征，关注多样资源能够在多元主体间顺畅流动、异质性属性互契相嵌。运行过程涉及多要素融合、多利益调适、多环节贯通，微观运行方式包括资源供给、课程实践、专业建设、成果共享等。各主体担任系统的“节点”，链接教师、课程、技术、人才等异质性资源，通过优势互补的联动效用，优化现有资源结构、提升资源利用效果，实现系统整体效能大于部分效能。,
1060,产教融合垂类问题,文本,民办职业本科产教融合的组织形态经历了怎样的演进过程？各阶段的主要特征是什么？,民办职业本科产教融合的组织形态经历了从单主体主导模式向双主体共建模式、多主体协同模式的演进：1. **单主体主导模式**：由一个主体起主导作用，尚未形成实体化机构，组织形态以校企共建的实践中心为代表，分为企业主导的“订单式”培养和高校主导的“学徒制”培养；2. **双主体共建模式**：两个核心主体形成共建共营的实体化运行机构，组织形态以产业学院为代表，具有共建性和跨界性特征；3. **多主体协同模式**：多主体共同协作，实体化运行，组织形态以市域产教联合体为代表，旨在促进教育链、产业链、人才链和创新链有机衔接。,
1061,产教融合垂类问题,文本,请解释江苏省深化现代职业教育体系建设改革中，市域产教联合体和行业产教融合共同体的建设目标及数量规划。,根据江苏省《关于深化现代职业教育体系建设改革的实施意见》，江苏省计划在现有13个市域产教联合体基础上，今年再遴选建设15个左右市域产教联合体；在现有90个行业产教融合共同体基础上，打造一批示范性行业产教融合共同体。其建设目标是深化职业教育体系与产业体系的互融互通，促进形成同市场需求相适应、与产业结构相匹配的现代职业教育结构和区域布局。,
1062,产教融合垂类问题,文本,江苏省如何优化“双师型”教师队伍结构，并提升产业教授和产业导师的作用？,江苏省将探索建立具有江苏特色的“双师型”教师认定工作体系，出台省级标准，开展认定工作。目前已累计选聘1147名高职类江苏省产业教授，奖补产业导师3300多人。未来将充分发挥产业教授、产业导师作用，从企事业单位选聘一批专业技术人员参与职业教育人才培养，推动职业学校和产业链企业开展协同创新。,
1063,产教融合垂类问题,文本,在江苏省现代职业教育体系建设改革中，如何促进职业教育体系的纵向贯通，支持技能人才多样化成长？,江苏省将建立“中等职业教育、专科高职教育、职业本科教育”相贯通的职业教育体系。同时，支持符合条件的中等职业学校扩大综合高中班试点规模，支持应用型本科高校通过“专转本”招生和现代职教体系贯通培养项目招收中、高职院校学生，引导和鼓励省属高水平本科高校参与职业教育改革，以支持技能人才多样化成长成才。,
1064,产教融合垂类问题,文本,请概述江苏省在推进产教融合方面，如何将其纳入更广阔的区域和产业发展规划？,江苏省将产教融合发展纳入区域发展、产业发展、城乡建设和重大生产力布局等专项规划，融入经济转型升级各环节。同时，将持续推进产教融合试点城市和产教融合型企业建设工作，加强跨区、跨领域、跨行业、跨部门组织协调，以确保产教融合的战略性和系统性。,
1065,产教融合垂类问题,文本,江苏省计划在现代产业学院和实践基地建设方面有哪些具体举措？,江苏省计划连续建设50个左右省级现代产业学院，建设30个产教融合实践中心、50个左右高水平专业化实践基地。这些举措旨在为职业教育提供更强的实践教学平台，促进产教融合，并提升人才培养的质量和水平。,
1066,产教融合垂类问题,文本,请结合江苏现代职业教育体系建设改革的实施意见，分析在深化产教融合方面，‘市域产教联合体’与‘行业产教融合共同体’在建设目标与运行机制上的主要区别。,"根据《关于深化现代职业教育体系建设改革的实施意见》，两者的主要区别如下：
1. **建设目标与覆盖范围**：市域产教联合体以产业园区为基础，旨在打造兼具人才培养、创新创业、促进产业经济高质量发展功能的区域协同平台，侧重于服务特定区域（如江苏‘1+3’功能区、苏锡常都市圈）的产业经济高质量发展；而行业产教融合共同体则由产业链链主企业、高水平高等学校、职业院校联合组建，重点围绕江苏战略性新兴产业、先进制造业等特定产业链，开展关键技术攻关和成果转化。
2. **运行机制**：市域产教联合体强调各类主体协同配合，龙头企业深度参与职业学校专业规划、人才培养标准研制、教材课程开发、师资队伍建设等环节，旨在提升人才培养质量并达到实体化运行要求；行业产教融合共同体则侧重于促进专业链对接产业链，支持骨干院校举办产业学院，并围绕产业链关键技术、核心工艺和共性问题开展协同攻关，同时探索建立学校、培训机构与行业企业协同开展终身职业技能培训的制度。",
1067,产教融合垂类问题,文本,针对职业学校教师队伍建设，江苏省在‘双师型’教师认定和培养方面提出了哪些具体举措？,"江苏省在‘双师型’教师队伍建设方面采取了一系列举措：
1. **评价考核体系**：建立职业学校、行业企业、培训评价组织多元参与的‘双师型’教师评价考核体系，坚持师德师风第一标准，并出台‘双师型’教师省级标准。
2. **培养培训模式**：探索建立具有江苏特色的‘双师型’教师认定工作体系，积极推进‘技术师范教育+岗位实习+企业实践’的一体化培养培训工作。同时，引导高水平大学参与培养，调整优化技术师范教育招生专业和规模，稳步扩大硕士及以上研究生培养规模。
3. **资源整合与激励**：健全开放灵活的‘双师型’教师培养体系，组建协作共同体。深化人才管理体制机制改革，探索‘固定岗+流动岗’的教师资源配置新机制，充分发挥产业教授、产业导师作用。",
1068,产教融合垂类问题,文本,在推动职业教育高质量发展和技能人才多样化成长方面，江苏提出了哪些具体的制度创新和改革措施？,"江苏在推动职业教育高质量发展和技能人才多样化成长方面提出了以下具体措施：
1. **深化教育教学改革**：实施职业教育数字化战略行动，建设省级职业教育专业教学资源库和在线精品课程；利用‘学分银行’实现学历职业教育与非学历职业技能培训的学分认定、积累和转换。
2. **完善职教体系贯通**：支持以高水平高职院校为基础设置本科层次职业学校，统筹推进高职院校高水平专业群开展本科层次职业教育专业试点；改革完善‘职教高考’制度，扩大招生规模；支持技工学校教育改革发展，推进高职院校和技师学院之间的合作办学、学分互认。
3. **拓宽升学与就业通道**：支持应用型本科高校通过‘专转本’招生和现代职教体系贯通培养项目招收学生；积极拓宽高职院校毕业生攻读专业学位研究生的通道；实施职业教育现场工程师专项培养计划，引导地方应用型本科高校联合企业招收一线技术技能人才。",
1069,产教融合垂类问题,文本,如何建设现代产业学院以提升产教融合水平？请结合政策要求和操作流程给出具体方案。,建设现代产业学院需从三方面入手：一是联合行业龙头企业打造产业学院集群，重点建设国家级、省级和市级产业学院，如常州已建成2个国家现代产业学院、8个省级重点产业学院和27个市级产业学院；二是推动校企共建实训基地，如中车·常州'三位一体'产教融合示范基地，实现教学、实操、培训一体化；三是实施现代学徒制，通过订单班、冠名班等项目近400个，确保75%以上学生在校企合作企业实习或就业。,
1070,产教融合垂类问题,文本,职业院校如何优化专业设置以适应产业需求？请说明动态调整机制的具体操作步骤。,职业院校需建立专业建设'动态链'：首先，校企共同根据产业发展方向和就业市场需求设置专业；其次，联合制定专业标准和课程体系；最后，定期评估专业与产业契合度并动态调整。例如，常州职业院校校企共建专业超80%，打造29个省级中职现代化专业群、5个五年制高职高水平专业群等专业集群，确保专业设置与产业需求高度匹配。,
1071,产教融合垂类问题,文本,企业参与产教融合项目可享受哪些政策激励？请从资金、税收和项目支持三方面说明。,企业参与产教融合可享受多重激励：一是资金支持，如常州市设立产教融合专项资金，各级财政投入210亿元支持实训基地建设等；二是项目认定，获评省级产教融合型企业可享受政策倾斜，常州已有89家企业入选省级试点；三是资源对接，企业可进入产教融合型企业培育库，获得教师实践、学生实习等资源对接服务，并优先参与现代产业学院、职教集团等共建项目。,
1072,产教融合垂类问题,文本,如何构建'双师型'教师队伍？请从引进、培养和激励三方面提出具体措施。,构建'双师型'教师队伍需三管齐下：一是拓宽引进渠道，实施'优才计划'引进高层次人才，并从企业聘请产业教授（如常州已遴选49名）；二是强化培养培训，校企共建'双师型'教师培养基地，开发定制化课程体系，如江苏理工学院建设职教教师教育协同创新实验区；三是完善激励机制，开展'十佳双师型教师'评选，对科研项目给予配套经费支持，鼓励专利转化，常州已获批国家级教学创新团队7个、省级名师工作室10个。,
1073,产教融合垂类问题,文本,职业院校如何深化职普融通？请设计可落地的实施方案。,深化职普融通需采取三项措施：一是建设职业体验中心，如常州已建成26家省级和42家市级中心，吸引24万余人次体验；二是建立普职课程互选机制，推动学分互认和资源互通；三是实施招生改革，建设职业学校与技工院校统一招生平台，实现'一网通办'。此外，可借鉴常州'双挂牌'模式（如武进区中等职业学校），由一套班子统一管理，促进职业教育与普通教育有机衔接。,
1074,产教融合垂类问题,文本,请解释江苏省在健全产教融合政策体系方面的主要举措，并说明这些举措如何促进校企合作。,江苏省通过印发《关于深化产教融合的实施意见》《关于加快推进职业教育现代化的若干意见》等文件，构建了较为完善的产教融合政策体系。具体措施包括：成立行业职业教育指导委员会、建设示范性职业教育集团和产教融合试点城市/行业；明确规模以上企业实习岗位安排比例；设立校企合作专项资金，提供财政、金融、税收和用地优惠政策；以及实施《江苏省职业教育校企合作促进条例》，将实践经验上升为法律规定。这些举措旨在通过政策引导和资金支持，鼓励企业参与职业教育办学，促进校企深度合作，实现人才培养与产业需求之间的有效对接。,
1075,产教融合垂类问题,文本,如何理解‘坚持教育与产业统筹规划’在产教融合中的作用？请结合江苏省的实践案例进行说明。,‘坚持教育与产业统筹规划’是产教融合的核心原则之一，意味着职业教育的发展必须紧密围绕产业发展需求进行布局。江苏省通过建立职业院校与产业园区建设的良性互动机制，实现了职业院校与产业园区同步规划、同步建设、同步发展。例如，全省13个设区市中9个建有职教园区，80多所中高职院校入驻，60%以上的县级职教中心易地新建到产业园区，有效缩短了人才培养与产业需求之间的距离，提升了职业教育的针对性和实效性。,
1076,产教融合垂类问题,文本,请详细阐述‘产教融合型企业’的认定标准和相关激励政策，并分析其对推动职业教育发展的作用。,江苏省对深度参与职业教育、取得突出成效、发挥示范引领作用的企业认定为‘产教融合型企业’。具体而言，企业需要积极参与职业教育的教学实践、人才培养、技术创新等环节，并与职业院校建立长期稳定的合作关系。政府对认定的‘产教融合型企业’给予一定的奖励，包括资金支持、政策倾斜等。省级每年认定“产教融合型企业”100家左右。这种激励机制能够引导更多企业积极参与职业教育，提供实习岗位、参与课程开发、共建实训基地等，从而促进职业教育与产业需求的深度融合，提升人才培养质量。,
1077,产教融合垂类问题,文本,现代学徒制在江苏省职业教育中如何推进？请说明其主要特点和政府的支持措施。,江苏省积极开展现代学徒制试点，现有教育部和省级试点单位共53个，覆盖了超过一半的职业院校。现代学徒制的主要特点是‘校企双主体育人’，强调在企业真实工作环境中进行学习和实践，培养学生的实际操作技能和职业素养。政府在资金、制度和管理等方面给予大力支持，例如太仓市政府设立对德合作产业发展专项资金，生均补1.5万元；对共建培训中心给予补贴100—200万元；并出台试点工作实施意见、项目成本分担办法、“双导师”管理办法等一系列配套文件，为现代学徒制的顺利实施提供保障。,
1078,产教融合垂类问题,文本,江苏省如何通过建立专业动态调整机制来应对产业升级的需求？请说明其具体流程和方法。,江苏省通过建立专业动态调整机制，主动对接地方产业转型升级需求。具体流程包括：定期开展职业学校专业结构与产业结构吻合度调查，发布吻合度预警报告；引导学校根据经济发展需求和产业升级状况，科学调整专业设置，增设紧缺专业，优化专业结构；推动重点专业集群建设，建成骨干（品牌）高职专业和中职现代化专业群。例如，2019年新增的专业主要集中在先进制造、轨道交通、信息技术等新兴产业，这些专业类学生占比约60%，体现了专业设置与产业发展需求的紧密结合。,
1079,产教融合垂类问题,文本,请阐述法国“大学校”产教融合机制中，创新型政府的角色定位及其具体体现。,法国“大学校”产教融合机制中，创新型政府并非全面干预，也非完全放任，而是通过法律法规、税收政策和中介机构等方式，引导高校与企业建立合作关系并保持相对独立。具体体现包括：颁布《赞助、协会和基金会法》（“阿亚贡法”）提供税收优惠，鼓励企业赞助高校设立企业教席；通过《教育法》规范学生实习活动，明确各方主体责任；征收学徒培训税和学徒培训附加税，引导企业接收学徒并提供实习机会；设立合作研究与知识产权部等中介机构，促进高校与企业之间的知识转移和技术转化。,
1080,产教融合垂类问题,文本,请解释高等教育与工作世界在产教融合中的“松散耦合”原则，并说明其重要性。,“松散耦合”原则是指高等教育与工作世界在产教融合中保持彼此独立性，同时又通过相互作用产生系统联系。这意味着高等教育并非完全面向工作世界发展，工作世界也不会对高等教育进行过度干预。其重要性在于：能够维持高等教育的自主性和学术自由，避免高等教育沦为职业培训；能够促进高等教育与工作世界之间的良性互动，实现优势互补；能够适应快速变化的社会需求，保持产教融合的灵活性和可持续性。,
1081,产教融合垂类问题,文本,分析知识型企业在产教融合中扮演的角色，并举例说明。,知识型企业在产教融合中扮演着支撑角色。它们依赖知识与创新发展核心竞争力，急需高水平创新人才并对高校合作研发具有强烈需求。具体体现在：提供专业人才，企业专家参与学校教学；提供经费资助，支持科学研究和成果转化；共享内部资源和前沿资源，如巴黎综合理工学院“雪铁龙教席”的合作伙伴雷诺、标致雪铁龙集团向学校开放技术资源，允许学生使用企业内部资料开展学习和研究。,
1082,产教融合垂类问题,文本,针对行业特色高校，如何借鉴法国“大学校”的产教融合经验，提升人才培养质量？,行业特色高校可以借鉴法国“大学校”的经验，从以下几个方面提升人才培养质量：一是明确自身在产教融合中的主体角色，发挥主导作用；二是建立企业教席制度，吸引企业参与人才培养和科研活动；三是加强学生实习实践，将实习纳入强制性课程；四是完善产教融合的制度保障，通过法律法规和税收政策鼓励校企合作；五是构建创新型政府与高校、企业之间的协同机制，形成稳定的产教融合“三螺旋”结构。,
1083,产教融合垂类问题,文本,浙江省在产教融合方面设定的量化目标有哪些？请列出2025年和2035年的具体指标。,浙江省产教融合的量化目标分为两个阶段：到2025年，目标是培育10个以上在全国具有广泛知名度和影响力的产教融合联盟，建成100个以上装备水平国内一流、产教深度融合的实验实习实训基地，培育300家以上产教融合型企业，实施500个以上产学合作协同育人项目。到2035年，目标是总体实现产教统筹融合，校企协同育人机制全面推行，需求导向人才培养模式健全完善，支撑高质量发展的现代人力资源体系全面建立，职业教育、高等教育对创新发展和产业升级的贡献显著增强。,
1084,产教融合垂类问题,文本,企业参与产教融合有哪些具体途径和政策支持？请从税收优惠、土地政策和金融支持三个方面说明。,企业参与产教融合的途径和政策支持包括：1）税收优惠：企业发生的职工教育经费支出不超过工资薪金总额8%的部分准予在计算企业所得税应纳税额时扣除，超过部分准予在以后纳税年度结转扣除；其中用于一线职工教育培训的经费比例不低于70%。企业通过经认定的公益性社会团体或县级以上政府及其部门向学校捐赠的，其捐赠按照税法规定予以税前扣除。2）土地政策：企业单独投资或企业与政府合作建设学校的建设用地，按教育科研用地管理，符合《划拨用地目录》的，可通过划拨方式供地，鼓励企业自愿以出让、租赁方式取得土地。各地应将新建重点实验室、重大工程中心、大科学装置和实训基地用地视为教育科研划拨用地，给予优先保障。3）金融支持：鼓励金融机构开发适合产教融合项目特点的多元化融资品种，支持符合条件的产教融合项目对接中国政企合作投资基金和国际金融组织，支持符合条件的企业在资本市场进行股权融资、债券融资。,
1085,产教融合垂类问题,文本,职业院校在深化产教融合过程中应如何加强师资队伍建设？请从教师实践要求、聘用机制和考核评价三个方面说明。,职业院校加强产教融合师资队伍建设的措施包括：1）教师实践要求：严格落实职业学校专业教师赴企业实践每5年累计不少于半年、新入职专业教师前两年须赴企业集中实践锻炼至少半年以上的制度。完善职业学校、普通高校教师实践假期制度，支持在职教师定期到企业实践锻炼。2）聘用机制：支持学校聘请行业企业专家和能工巧匠，支持教师与企业技术专家双向流动、依规取酬，支持企业和学校建立专业人才双向聘任制度。按照国家部署探索将行业企业从业经历作为取得职业学校专业课教师资格的必要条件。3）考核评价：推行全员岗位聘任制和绩效考核分配制，完善职业学校、普通高校教师资格标准和专业技术职务评聘办法。,
1086,产教融合垂类问题,文本,产教融合人才培养模式改革中，对学生实习实训有哪些具体要求？请从实习时长、企业接纳比例和权益保障三个方面说明。,产教融合人才培养模式改革对学生实习实训的具体要求包括：1）实习时长：应用型本科高校学生在校期间参加实习实训时间累计不少于1年，其中相关专业学生到企业实习不少于半年，职业学校实践性教学课时不少于总课时的50%。2）企业接纳比例：支持规模以上企业原则上按职工总数的2%-3%安排专业对口岗位接纳学生实习。3）权益保障：健全学生到企业实习实训制度，推进实习实训规范化，保障学生享有获得合理报酬等合法权益，对获得国家认定的技术技能证书的学生给予一定奖励。企业因接收学生实习所实际发生的与取得收入有关的合理支出，依法在计算应纳税所得额时扣除。,
1087,产教融合垂类问题,文本,《关于深化产教融合的若干意见》在政策设计层面实现了哪些重大突破？,《意见》在政策设计层面的重大突破主要体现在三个方面：一是明确了深化产教融合的政策内涵及制度框架，完善了体系架构，强化了顶层设计；二是构建了'四位一体'的产教融合发展大格局，发挥政府统筹规划、企业重要主体、人才培养改革主线、社会组织供需对接作用；三是将产教融合从职业教育延伸到以职业教育、高等教育为重点的整个教育体系，并从国家治理角度开展系统化的制度设计，将产教融合上升为国家教育改革和人才开发的整体制度安排。,
1088,产教融合垂类问题,文本,产教融合如何推动高等教育和职业教育的内涵发展？,产教融合推动高等教育和职业教育内涵发展的机制体现在三个维度：首先，产教融合是教育融入国家创新体系建设的关键环节，通过'产业链-创新链-教育链-人才链'的'四链贯通'，实现创新驱动发展核心要素资源的贯通；其次，产教融合是教育改革的核心机制，要求院校打破思维固化、时空局限等壁垒，提高综合运用各类资源的能力；最后，产教融合是应对科技革命加速的关键举措，通过跨界融合创新，推动教育形态从工业文明向后工业文明转变，实现学校组织方式、治理结构等历史性变革。,
1089,产教融合垂类问题,文本,企业在参与产教融合过程中可能面临哪些痛点问题？《意见》提出了哪些针对性解决方案？,企业参与产教融合的痛点主要包括积极性不高、参与机制不健全等问题。《意见》提出的针对性解决方案有：一是在建立价值共同体的基础上，促进企业需求侧和教育供给侧要素全方位融合，为'引企入教'改革提供制度保障；二是通过落实财税用地等政策激励，探索推进职业学校股份制和混合所有制改革；三是强化行业组织协调和第三方服务机构作用，支持中介组织和服务型企业开展产教融合相关服务；四是开展产教融合试点城市建设，打造产教融合发展创新生态，吸引更多企业参与。,
1090,产教融合垂类问题,文本,国家级产教融合服务平台的建设重点包含哪些方面？,国家级产教融合服务平台的建设重点包含七个方面：一是加强政策学习与宣传，开展专题研修与培训，办好产教融合发展战略国际论坛；二是搭建国家产教融合发展工程服务平台，利用'大数据''人工智能'建设信息化和金融服务平台；三是开展产教融合试点城市、试点行业企业建设探索；四是深化战略性新兴产业和前沿科技领域的产教融合引领性项目；五是启动智慧学习工场多层次试点，实施服务实体经济的长城计划；六是启动应用型高校课程综合改革实验；七是升级产教融合国际合作计划，构建'平台对平台、学校+企业'的创新国际合作网络。,
1091,产教融合垂类问题,文本,如何构建需求导向的人才培养模式以适应产教融合发展？,构建需求导向的人才培养模式需从三个层面推进：首先，对接新技术、新产业和新业态发展需求，重点解决产业发展需求与教育供给不匹配问题，改善人才供给结构；其次，对接创新驱动发展阶段需求，推动高水平大学加强创新创业人才培养，建立复合型、创新型技术技能人才系统培养制度；最后，对接人民群众对美好教育的需求，优化教育结构，提高教育质量，促进就业创业，为受教育者提供更优质教育服务和更广阔发展空间。同时需建立'供给-需求-供给'闭环反馈机制，促进人才需求侧和教育供给侧要素全方位融合。,
1092,产教融合垂类问题,文本,《职业教育产教融合赋能提升行动实施方案（2023—2025年）》中，到2025年国家产教融合试点城市的目标数量是多少？该方案对试点城市有何期望？,《职业教育产教融合赋能提升行动实施方案（2023—2025年）》明确指出，到2025年，国家产教融合试点城市达到50个左右。方案期望试点城市在全国具有突破和引领带动作用，培育1万家以上产教融合型企业，健全完善产教融合型企业制度和组合式激励政策体系，各类资金渠道对职业教育投入稳步提升，产业需求更好融入人才培养全过程，逐步形成教育和产业统筹融合、良性互动的发展格局。,
1093,产教融合垂类问题,文本,在深化职业教育产教融合的过程中，文章提到了“融而不合”、“校企跨而不实”的现实困境，请分析导致这些困境的核心原因。,文章认为，导致“融而不合”、“校企跨而不实”困境的核心原因在于主导权力缺位（非法人团体组织身份的“尴尬”）、利益诉求差异（经济效益与社会效益的“两难”）、激励政策缺失（实打实有效政策供给的“难产”）以及协同治理的失灵。这些因素共同制约了产教融合向更深层次发展。,
1094,产教融合垂类问题,文本,根据文章，当前职业教育产教融合的新型组织形式有哪些？这些组织形式与以往的合作模式相比，有哪些特点和优势？,当前职业教育产教融合的新型组织形式包括市域产教联合体和行业产教融合共同体。这些组织形式与以往的订单式合作、职业教育集团等模式相比，更强调政府统筹主导，以地方产业园区或龙头企业为基础纽带，汇聚多元主体共建共治，旨在打造集人才培养、职工培训、技术攻关、创新创业、促进产业经济发展等功能于一体的综合性组织体。,
1095,产教融合垂类问题,文本,文章中提到，实现跨界组织的实体化运作是深化职业教育产教融合的关键。请列举实现这一目标需要具备的条件。,实现跨界组织的实体化运作需要具备以下条件：符合实际的组织结构、发挥实效的主导权力、约束有力的职责分工、稳定的利益共享机制、有效的激励保障政策，以及多方主体协同有效的共建共治。,
1096,产教融合垂类问题,文本,分析“双师型”教师队伍建设在产教融合中的作用和意义。,文章提到，在2004年国务院批转的教育部《2003－2007年教育振兴行动计划》中，就强调要“大力加强‘双师型’教师队伍建设，鼓励企事业单位专业技术、管理和有特殊技能的人员担任专兼职教师”。这表明“双师型”教师队伍建设是深化产教融合的重要举措，能够将企业实践经验引入课堂，提升教学质量，更好地满足产业需求，培养适应产业发展的技能型人才。,
1097,产教融合垂类问题,文本,产教融合型企业的基本定义和核心特征是什么？,产教融合型企业是指深度参与产教融合、校企合作，在职业院校、高等学校办学和深化改革中发挥重要主体作用的企业。其核心特征包括：行为规范、成效显著，创造较大社会价值，在提升技术技能人才和创新创业人才培养质量上发挥示范引领作用。这类企业通过资本、技术、知识、设施、管理等要素参与职业教育，是推动现代职业教育体系建设的重要市场主体。,
1098,产教融合垂类问题,文本,企业申报产教融合型企业需要满足哪些基本条件？,企业申报产教融合型企业需满足以下条件之一：（1）独立举办或参与举办职业院校/高等学校，或通过企业大学开展培训，或参与组建产教融合集团；（2）承担现代学徒制/新型学徒制试点，或近3年接收60人以上学生实习实训（每人每年3个月以上）；（3）承担1+X证书制度试点任务；（4）通过订单班等形式共建3个以上学科专业点；（5）近3年累计投入100万元以上共建实训基地或捐赠设备；（6）近3年取得与院校共享的知识产权证明。同时企业需无重大安全事故、信用记录良好。,
1099,产教融合垂类问题,文本,地方政府在产教融合型企业培育中应采取哪些支持措施？,地方政府对产教融合型企业的支持措施主要包括：（1）建立建设培育机制：组织企业申报、专家复核评议，纳入建设信息储备库；（2）落实优惠政策：在项目审批、购买服务、金融支持、用地政策等方面给予便利；（3）实施组合式激励：对认证企业落实'金融+财政+土地+信用'激励和相关税收政策；（4）动态管理：每3年进行资格复核，建立年报制度；（5）失信惩戒：对弄虚作假、发生重大事故等行为取消资格并限制5年内申报。,
1100,产教融合垂类问题,文本,现代产业学院在产教融合中扮演什么角色？其建设要点有哪些？,现代产业学院是产教融合的重要载体，其核心角色是搭建校企协同育人平台，促进教育链、人才链与产业链、创新链有机衔接。建设要点包括：（1）实体化运作：由校企双方共同投入资源，建立混合所有制或独立法人机构；（2）专业共建：围绕区域重点产业需求，联合开发课程体系和教学标准；（3）双师队伍建设：校企互派师资，共建'双师型'教师培养培训基地；（4）实训基地建设：共建集教学、实训、科研、技术服务于一体的产教融合实训平台；（5）技术创新：联合开展技术研发与成果转化，实现产学研用深度融合。,
1101,产教融合垂类问题,文本,如何设计职业院校产教融合三年规划的评估指标体系？,职业院校产教融合三年规划评估指标体系应包含以下维度：（1）主体参与度：产教融合型企业数量、校企共建产业学院/实训基地数量、企业投入资源占比；（2）人才培养质量：订单班覆盖率、学生实习实训对口率、双师型教师比例、毕业生就业率与专业对口率；（3）协同创新成效：联合技术攻关项目数、专利/软著等知识产权数量、技术服务到款额；（4）社会服务能力：职业培训规模、职业技能等级证书获取率、行业企业满意度；（5）可持续发展机制：校企合作长效制度建立情况、产教融合专项经费保障、年度报告制度执行情况。评估应采用定量与定性相结合的方法，注重过程性评价与结果性评价相统一。,
1102,产教融合垂类问题,文本,根据国家政策，产教融合型企业的核心认定标准有哪些？请列举至少四项具体条件。,产教融合型企业的核心认定标准包括：（1）独立举办或参与举办职业院校/高校，或通过企业大学开展培训，或参与组建产教融合集团；（2）承担学徒制试点任务，或近3年接收职业院校学生实习实训累计达60人以上；（3）实施1+X证书制度试点；（4）通过订单班共建3个以上学科专业点；（5）共建产教融合实训基地或捐赠教学设施，近3年累计投入100万元以上；（6）近3年内取得与院校共享的知识产权证明。,
1103,产教融合垂类问题,文本,企业申报产教融合型企业的完整流程是什么？请分步骤说明关键环节。,企业申报产教融合型企业的流程分为四步：（1）自愿申报：填写《深圳市产教融合型企业建设培育申报表》，提交校企合作协议、产教融合成果证明等材料；（2）复核评议：由市教育局、发改委组织专家复核，通过者进入建设信息储备库并公示；（3）建设培育：制定三年规划，经1年培育期后接受认证评价；（4）认证评价：符合条件者纳入认证目录，享受‘金融+财政+土地+信用’组合式激励，并建立年报制度。,
1104,产教融合垂类问题,文本,现代产业学院在产教融合中如何实现‘双师型’人才培养？请结合政策背景分析其运作机制。,现代产业学院通过‘校企双主体’运作机制实现‘双师型’人才培养：政策明确企业需利用资本、技术、设施等要素参与职业教育，通过共建学科专业点、实训基地及共享知识产权，将产业需求融入教学。企业导师与院校教师共同开发课程，学生通过订单班、学徒制等形式参与真实项目，提升实践能力。政策要求企业制定产教融合三年规划，确保人才培养与产业升级同步，最终实现‘教室与车间合一、教师与工程师合一’的双师型培养目标。,
1105,产教融合垂类问题,文本,地方政府如何通过政策工具激励企业参与产教融合？请列举至少三种具体措施。,地方政府通过以下政策工具激励企业参与产教融合：（1）组合式激励：对认证企业给予‘金融+财政+土地+信用’支持，包括项目审批便利、金融优惠、用地优先等；（2）税收优惠：按国家规定落实产教融合型企业相关税收政策；（3）资源倾斜：在政府购买服务、专项资金分配中优先支持建设培育企业；（4）荣誉体系：纳入认证目录的企业可享受社会声誉提升，增强行业影响力。,
1106,产教融合垂类问题,文本,请为一家智能制造企业设计一份产教融合年度实施方案，需包含目标、合作模式和预期成果。,智能制造企业产教融合年度实施方案：目标：共建智能机器人技术专业，培养30名‘双师型’技术人才。合作模式：（1）与高职院校共建3个订单班，开发‘岗课赛证’一体化课程；（2）捐赠200万元设备建设产教融合实训基地；（3）企业工程师每周授课4课时，接收学生实习60人次。预期成果：（1）申报1+X证书试点；（2）联合申请2项实用新型专利；（3）学生就业率达95%，企业技术岗人才缺口降低40%。方案需报发改委备案，并纳入企业社会责任年度报告。,
1107,产教融合垂类问题,文本,现代产业学院建设对专兼职教师队伍建设提出了哪些核心要求？,"现代产业学院要求教师具备广博的知识面、高水平的教育教学能力、扎实的工程实践能力、突出的工程创新能力及显著的服务产业发展能力。具体而言，教师需在""卓越计划""1.0基础上，强调多学科专业的交融性和学科专业的产业性，具备人文社科及新兴交叉学科知识，了解产业链形成与转化，掌握先进工程设备使用，并具备运用多学科知识解决复杂工程问题的能力。此外，教师还应具备敬业精神、职业道德和家国情怀，成为学生道德修养的榜样。专兼职教师队伍应由校内专职教师和校外兼职教师共同组成，建立校内外人才双向流动机制，通过联合讲授课程、联合指导学生、合作开展科研等方式，形成优势互补、密切合作的团队。",
1108,产教融合垂类问题,文本,为了调动高校专职教师参与现代产业学院建设的积极性，高校应采取哪些激励措施？,高校应从三个方面制定激励政策：1. 制定绩效薪酬制度，在提高质量要求的基础上提高核心课程的单位学时教学课酬，将新学科专业建设、课程内容更新等柔性工作纳入绩效奖励体系，并依据教学效果确定绩效工资；2. 制定激励教师参与产业技术改造和主动服务产业发展的政策，像重视纵向项目一样重视源于企业的横向项目，并将服务区域产业发展作为年度和聘期考核指标及晋升条件；3. 制定配套激励政策，完善绩效考核管理（如减免在校工作量、给予工作补贴），改革绩效工资制度（如计入年度工作量、支付往返旅费、提供访问学者待遇等）。,
1109,产教融合垂类问题,文本,企业兼职教师普遍存在教学能力不足的问题，高校应如何提升其教育教学能力？,高校应从五个方面着手：1. 制定企业兼职教师教育教学能力基本要求，明确从教育理论、教学大纲制定到教学效果评价等具体标准；2. 安排专门培训，结合个人情况开展教育教学理论学习、教学方法观摩、课堂试讲训练等活动，发挥教学名师和教师教学发展中心作用；3. 加强专兼职教师相互交流学习，实现优势互补；4. 面向兼职教师开放校内教育教学资源，如MOOC、精品课程在线学习平台、微课、课件等；5. 在教学任务安排上由易到难，先安排熟悉、课时不长的实践教学，再逐步过渡到与专职教师合作完成理论结合实践的综合教学任务。,
1110,产教融合垂类问题,文本,如何解决企业兼职教师因本职工作繁忙而导致的时间投入不足问题？,高校应采取四项措施：1. 高校与企业在共建之初充分沟通，争取企业领导层对兼职教师工作的支持与承诺；2. 采取教学A、B角制度，当A角教师因企业任务冲突无法授课时，由B角教师及时顶上；3. 实行柔性灵活的教学安排，将课程教学尽可能安排在晚上或学生到企业开展工程实践的时间，或偶尔采用线上教学方式减少往返时间；4. 由专兼职教师联合授课，专职教师侧重理论教学，兼职教师侧重实践教学，当兼职教师无法授课时由专职教师及时顶上，确保课程教学顺利进行。,
1111,产教融合垂类问题,文本,在提高企业参与共建现代产业学院建设的积极性方面，政府应发挥什么作用？,政府应从促进和支持本地区行业产业发展的高度，出台切实可行的激励政策。由于企业与高校在目标定位上存在本质差异（企业追求经济效益，高校注重人才培养），政府需要充分认识到这种区别，通过调查研究和座谈研讨了解企业状况，制定针对性政策以鼓励企业自觉主动地投入现代产业学院建设，形成长期稳定的产教融合模式。,
1112,产教融合垂类问题,文本,在产教融合场域中，如何构建政府、职业学校与企业的主体间性关系？,构建“跨界协同”的主体间性关系是关键。这要求打破传统的主从或契约关系，建立基于“协商、互信且保持相对独立”的伙伴关系。具体而言，政府、职业学校和企业都是现场工程师核心能力培养的责任主体，各自承担不同职能，并无主次之分。三者应通过明确的分工、高效的协作和公平的利益分配机制，增进彼此的认知共享与信任互动，共同构建协同育人体系。,
1113,产教融合垂类问题,文本,现场工程师核心能力培养的行动框架包含哪些关键要素？,基于场域理论，“三场协同”现场工程师核心能力培养的行动框架包含四个关键要素：1. 基底层：“三位一体”的产教融合共生场域（行政场域、职业教育场域、产业场域）；2. 主体层：“跨界协同”的主体间性关系；3. 条件层：“和而不同”的优势资本累积（制度性资本、产业性资本、教育性资本）；4. 目标层：“上显下隐”的多维立体能力（多元知识、实践技能、价值情感）。,
1114,产教融合垂类问题,文本,结合“冰山模型”，现场工程师核心能力体系应如何构建？,现场工程师核心能力体系可划分为三个维度：1. 基础维度（显性能力）：多元知识，包括工程实践知识、规则规范知识和技术创新知识；2. 应用维度（显性能力）：实践技能，包括技术应用能力、资源调配能力、处理突发事件能力和沟通交流能力；3. 态度维度（隐性能力）：价值情感，包括爱国情怀、合作意向和工匠精神。这种“上显下隐”的结构体现了理论与实践并重、技能与素养兼备的特点。,
1115,产教融合垂类问题,文本,在“三场协同”育人机制中，行政场域、职业教育场域和产业场域分别发挥什么作用？,1. 行政场域：政府提供政策和资源支持，负责制度性资本的供给，包括设立专项基金、税收优惠及完善职业资格认证体系，为现场工程师培养构建全面的支持体系。2. 职业教育场域：职业学校组织实践教学活动，负责教育性资本的供给，通过专业建设、课程设计及“双师型”师资队伍建设，传授专业知识和文化素养。3. 产业场域：企业提供实践培训平台，负责产业性资本的供给，提供真实的技术资本和社会资本环境，锤炼学生的现场应对能力。,
1116,产教融合垂类问题,文本,如何理解产教融合场域中“和而不同”的优势资本累积？,“和而不同”强调各场域在保持自身独特运行逻辑和优势的同时，实现资本的互补与整合。政府掌握制度性资本，企业提供产业性资本，学校拥有教育性资本。这种累积体制旨在打破各类资本之间“融而不合”的状态，将异质性资本汇聚，共同作用于现场工程师核心能力培养，为学生提供坚实的资本支撑，使其在企业一线和生产现场能够“大显身手”。,
1117,产教融合垂类问题,文本,生成式人工智能在产教融合共同体建设中表现出哪些技术—职业教育特征？这些特征如何提升产教融合智能化水平？,生成式人工智能在产教融合共同体建设中表现出四种技术—职业教育特征：1）互补性：辅助职业教育研究和教学，优化专业课程体系，拓展产业相关内容，生成测试问题与评价规则；2）智能性：通过海量数据分析产生新知识，提供自适应、个性化的学习支持，诊断学习需求与决策困难；3）融合性：促进师—生—机'三元'融合，构建虚实一体、人机协同的职业教育模型，实现与行业需求的深度融合；4）共生性：推动新兴业态形成，重构职业教育教学模式，形成GenAI驱动下的共生型生态圈。这些特征通过多模态生成效应、多主体协同效应、市场化运作效应和扁平化治理效应，提升产教融合智能化水平，促进人才培养与产业需求的精准对接。,
1118,产教融合垂类问题,文本,行业产教融合共同体建设需要哪些基础条件保障？如何确保其长效化运作？,行业产教融合共同体建设需要三方面基础条件保障：1）规则保障：建立数据收集、使用的合规安全规则，遵循《生成式人工智能服务管理暂行办法》中隐私保护与数据安全规定；2）技术基础：具备强大的算力、算法支撑及配套设施，技术运营商需根据共同体特点选择或开发合适的架构模型；3）数据核心：利用GenAI分析行业发展趋势、技术态势及人才需求数据，形成数据集合体指导院校工作。确保长效化运作需：通过GenAI重塑多方主体价值链条，实现人才需求与供给的智能匹配；采用市场化手段推进要素资源协同发力并按效益分配；实施扁平化治理，依据章程、共享机制、权责分配等落实主体职责，实现关系网络的实体化高效运作。,
1119,产教融合垂类问题,文本,如何设计产教融合共同体的智能化人才培养评价体系？,设计产教融合共同体的智能化人才培养评价体系需：1）采用'文化素质+职业技能'双维度人才筛选机制；2）利用GenAI的多维信息获取能力，构建'泛在学习'综合评价体系，全面关注学生知识掌握、学习能力及思维发展；3）借助GenAI创设虚实一体的测评情境，有效开展职业技能测评及职业能力倾向测试；4）以个体职业生涯发展为评价对象，通过开放式问题情境进行数据采集及自动化测评；5）依据测评结果推送个性化学习内容，指导职业选择与生涯发展，使评价过程伴随个体职业生涯成长全过程。评价体系需体现多元协作，整合行业企业、科研单位及院校等多方主体参与，确保评价的科学性和导向性。,
1120,产教融合垂类问题,文本,现代产业学院在推进产教融合过程中应重点建设哪些应用场景？,现代产业学院在推进产教融合过程中应重点建设三类应用场景：1）个性化学习支持场景：利用GenAI做好智能化知识系统管理，自动检索、实时分享推送各类知识，分析学习者现有基础与需求，提供定制化学习体系与培训规划；2）产教供需对接场景：通过GenAI掌握行业企业动态发展数据，分析院校人才培养与就业数据，自动化生成翔实报告和清单，打通产教供需链；3）协同治理场景：GenAI生成工作流程，自动化开展数据处理、项目管理、权益分配等，提高共同体凝聚性，优化扁平化治理。这些场景建设需以共同体章程为依据，在专业课程体系中加入算法、数据处理等内容，培养GenAI专门人才，构建体现产业学院特色的模型与数据库。,
1121,产教融合垂类问题,文本,产教融合型企业如何利用生成式人工智能技术提升人才供应链效能？,产教融合型企业可通过四方面利用生成式人工智能技术提升人才供应链效能：1）人才需求预测：利用GenAI的预训练模型模拟，实现精准的前瞻性人才需求预测，为人才培养提供数据支撑；2）人才培养过程优化：通过GenAI分析学习者主体情感偏好，快速生成个性化学习情境，实现教学方法、教学过程、评价体系等一体化设计；3）产教资源整合：运用GenAI多模态生成能力，将产业运行过程、生产过程等经验转化为多模态内容，促进校企共识形成；4）人才质量评估：借助GenAI创设虚实一体的职业能力测评情境，开展伴随性评价，根据测评结果调整培养策略。企业需与院校共同建立基于GenAI的评估体系，确保训练数据体现区域多样性，对生成内容进行批判性分析，持续提升人才供应链的精准性和适应性。,
1122,产教融合垂类问题,文本,国家层面在推进产教融合型数字化教材建设方面有哪些重要政策文件及其核心目标？,国家层面推进产教融合型数字化教材建设的重要政策文件包括：2019年1月《国家职业教育改革实施方案》提出建设校企'双元'合作开发的国家规划教材，要求适应'互联网+职业教育'发展需求；2021年12月《'十四五'职业教育规划教材建设实施方案》鼓励职业院校与高水平大学、科研机构、龙头企业联合开发教材，将纸质教材数字化改造列为重点；2023年7月《教育部办公厅关于加快推进现代职业教育体系建设改革重点任务的通知》明确提出建设约2000种全国性职业教育产教融合优质教材的目标。这些政策的核心目标是推动教材内容与产业技术深度融合，提升教材质量，培养适应未来产业需求的技术技能人才。,
1123,产教融合垂类问题,文本,职业院校在开发产教融合型数字化教材时应如何优化学习者的认知负荷？,职业院校开发产教融合型数字化教材时应从三个维度优化认知负荷：首先，在教材内容方面，应过滤冗余信息，坚持行动导向原则，将技术知识'无痕'融入学习情境，降低内在认知负荷；其次，在教材体例方面，应从知识堆砌转向工作逻辑，按照工作过程组织编排技术知识，降低外在认知负荷；最后，在教材使用方面，应从心理加工转向技术实践，通过模拟操作和互动练习增强实际应用能力，增加相关认知负荷。教材设计需基于具身认知理论，强调'体知'的认知取向，通过动态生成的内容、工作逻辑的体例和技术实践的使用，促进学习者技术知识的有效迁移和内化。,
1124,产教融合垂类问题,文本,产教融合型数字化教材与传统纸质教材相比具有哪些核心优势？,产教融合型数字化教材相比传统纸质教材具有五大核心优势：一是内容动态性，能够及时融入产业新技术、新工艺和新标准，实现内容的实时更新与适应性调整；二是呈现多样性，通过数字化技术提升可视化程度，构建更贴近工作环境的学习情境；三是交互实践性，结合虚拟仿真等技术支持学习者进行技术实践，促进缄默知识的内化；四是认知适应性，能够根据学习者认知规律优化认知负荷分配，提高认知资源利用率；五是跨界协同性，依托数字化技术支持'校政行企'之间的资源整合与协作，强化各方在知识共享与实践应用中的协同效应。这些优势使其更有效地培养适应产业需求的高素质技术技能人才。,
1125,产教融合垂类问题,文本,请设计一份高职院校提升产教融合水平的年度工作重点方案。,高职院校提升产教融合水平的年度工作重点方案应包含以下方面：一、深化产教融合型教材建设，联合行业企业开发10-15种数字化教材，建立教材动态更新机制；二、建设'双师型'教师队伍，安排30%专业教师到企业实践锻炼，引进20名行业技术专家担任兼职教师；三、打造现代产业学院，与3-5家龙头企业共建产业学院，实现人才培养与产业需求精准对接；四、优化实训基地建设，升级5个产教融合实训中心，引入企业真实项目作为教学载体；五、完善评价机制，建立以企业满意度、技能证书获取率和就业质量为核心的产教融合评价体系；六、推动数字化转型，建设智慧教育平台，实现教学资源、实训项目和管理服务的数字化集成。通过这些措施，形成'人才共育、过程共管、成果共享、责任共担'的产教融合长效机制。,
1126,产教融合垂类问题,文本,产教融合型企业参与职业教育人才培养的战略意义是什么？,产教融合型企业参与职业教育人才培养具有三重战略意义：一是在人才供给层面，能够精准对接产业需求，将企业技术标准、生产工艺和岗位能力要求融入人才培养全过程，缩短学生从学校到职场的适应期，解决'用工荒'与'就业难'的结构性矛盾；二是在技术创新层面，通过校企协同开展技术攻关和成果转化，促进教育链、人才链与产业链、创新链有机衔接，增强企业核心竞争力；三是在社会价值层面，履行企业社会责任，参与构建现代职业教育体系，推动形成'政府主导、行业指导、企业参与、学校主体'的多元办学格局，为发展新质生产力提供高素质技术技能人才支撑。企业深度参与产教融合不仅是人才培养模式的创新，更是实现产业转型升级和教育高质量发展的关键路径。,
1127,产教融合垂类问题,文本,请分析职业教育产教融合概念演进中，从“校中厂”到“行业产教融合共同体”的主要逻辑变化。,根据林克松教授的研究，产教融合概念的演进遵循三大逻辑线索：一是企业参与机制从“风险过高”向“责权平衡”优化，新型载体明确了企业的牵头地位和利益保障；二是主导结构从“校企自发”向“政府统筹”转变，新型载体强调政府的达鹄（目标定位）、企业动员和监督评价功能；三是功能边界从“单一功能对接”向“多元功能融合”拓展，从单纯的实训教学转向支撑产业集群、区域技术创新和职业教育链延伸。,
1128,产教融合垂类问题,文本,在现代职业教育“两翼”建设背景下，职业院校如何通过优化专业建设布局来增强产业适应能力？,职业院校应采取以下策略：第一，科学确定专业结构，建立常态化调整机制，紧跟现代产业发展，以产业逻辑组建专业群而非功利性组群；第二，推动课程内容与时俱进，将企业高水平技术标准、工业生产规范及优秀工程案例纳入课程，并开发数字教材；第三，利用新型产教融合载体推动职业教育贯通培养，构建上下贯通的课程标准，培养适应产业发展新形态的高层次技术技能人才。,
1129,产教融合垂类问题,文本,针对职业院校教师队伍“增量”和“存量”优化的需求，请结合文本提出具体的建设建议。,在增量方面，应优化人才引进机制，摒弃唯学历导向，设定弹性化准入门槛，制定产教融合教师职业标准，并建立专项基金提供竞争性薪酬及项目分红等激励；在存量方面，需提升教师的实践教学能力（通过企业锻炼、技术骨干合作等）和创新能力（主动融入载体创新体系，为中小企业提供技术服务），以增强教师的产业发展服务能力。,
1130,产教融合垂类问题,文本,请根据《国务院办公厅关于深化产教融合的若干意见》（2017）的政策要求，阐述产教融合型企业的认定标准及其在职业教育中的核心作用。,根据《国务院办公厅关于深化产教融合的若干意见》（2017），产教融合型企业的认定标准主要包括：1）企业自身经营行为符合国家相关政策和行业规范要求；2）经济效益和社会信用较好；3）能够创造较大社会价值；4）深度参与产教融合和校企合作。其核心作用在于：1）作为重要办学主体，主导产教融合走向；2）承担商品生产和教育教学双重功能，实现人才链、产业链、创新链融合；3）通过要素禀赋独立或参与举办职业教育，提升技术技能人才培养质量。,
1131,产教融合垂类问题,文本,结合职业教育集团的发展现状，分析当前其组织形态存在的主要问题及改进方向。,当前职业教育集团存在的主要问题包括：1）牵头单位以职业院校为主（占比78.26%-89.33%），企业主导性不足；2）契约型合作组织缺乏法人民事主体资格，关系松散、结构不稳；3）多主体参与但协同机制不完善。改进方向为：1）强化企业办学主体作用，推动形成政府主导式、企业主导式、股份融资式等多元模式；2）探索实体化运作路径，如建立独立法人资格或明确产权关系；3）完善治理结构，引入理事会、监事会等专业化管理机构，实现“利益相关者共治”。,
1132,产教融合垂类问题,文本,请设计一份高职院校推进产业学院建设的年度工作重点方案。,高职院校推进产业学院建设的年度工作重点方案应包括：1）机制建设：联合企业制定产业学院章程，明确理事会（董事会）架构及权责分工，建立实体化运营机制；2）资源整合：通过“校中厂”“厂中校”等形式共建实践教学基地，引入企业真实生产项目；3）人才培养：共同开发模块化课程体系，实施“双师型”教师互聘计划，推广现代学徒制；4）社会服务：面向区域产业开展技术培训、技术研发及成果转化；5）评估改进：建立以人才培养质量、技术成果转化率为核心的绩效考核指标，动态优化合作模式。,
1133,产教融合垂类问题,文本,分析市域产教联合体在破解“校热企冷”问题中的创新路径。,市域产教联合体通过以下路径破解“校热企冷”问题：1）空间聚焦：以市域为组织单元，依托产业园区构建区域化合作生态，降低企业合作成本；2）主体协同：政府、企业、学校、科研机构共同组建理事会，明确企业作为牵头单位之一的法定地位；3）实体运作：要求产权明晰、实体化运行，通过项目制设计激发企业参与动力；4）政策激励：如《关于开展市域产教联合体建设的通知》（2023）明确资源倾斜和财税优惠，强化企业主导作用。,
1134,产教融合垂类问题,文本,论述产教融合组织形态从“松散耦合”向“实体嵌入”演进的必然性及其对职业教育质量的影响。,产教融合组织形态从“松散耦合”向“实体嵌入”的演进具有必然性：1）破解传统契约型合作的结构性缺陷，如权责不清、稳定性差；2）通过独立法人资格或产权明晰实现风险共担、利益共享；3）适应国家治理现代化要求，如《关于深化现代职业教育体系建设改革的意见》强调实体化运作。对职业教育质量的影响包括：1）提升资源整合效率，如22.76%的产业学院具备独立法人资格；2）强化校企深度协同，推动“四链”融合；3）保障人才培养与产业需求动态对接，实现从“教学”融合向“教育”融合的质变。,
1135,产教融合垂类问题,文本,根据政策文件，市域产教联合体的主要功能是什么？,根据《关于深化现代职业教育体系建设的意见》，市域产教联合体以产业园区为基础，兼具人才培养、创新创业和促进产业经济高质量发展三大功能，是产教融合的新型组织形态。,
1136,产教融合垂类问题,文本,产教融合组织在技术技能人才培养中发挥什么作用？,产教融合组织通过构建技术技能积累的'立交桥'，横向促进职业技术知识跨场域协同，纵向实现技术能力动态跃迁，整合学校与企业资源，提升人才培养质量。,
1137,产教融合垂类问题,文本,当前产教融合组织面临的主要困境有哪些？,主要困境包括：主体利益共生关系联结松散、协同治理体系架设受缚、技术技能人才中介服务能力拘囿、资源整合共享平台搭建不力。,
1138,产教融合垂类问题,文本,如何优化产教融合组织的治理效能？,需从两方面入手：内部要减少信息遮蔽的'隐蔽行为'，外部要完善基础制度框架，明确权责利分配，降低协同治理交易成本。,
1139,产教融合垂类问题,文本,现代产业学院的建设目标是什么？,现代产业学院以区域产业发展急需为牵引，面向行业特色鲜明的高校，旨在培养新时代技术技能人才，推动产教深度融合，赋能区域经济发展。,
1140,产教融合垂类问题,文本,根据《职业教育产教融合赋能提升行动实施方案（2023—2025年）》，企业兴办职业教育的投资在税收政策上有哪些具体抵免措施？,根据方案第17条，产教融合型企业兴办职业教育的投资符合规定的，可按投资额30%的比例抵免当年应缴教育费附加和地方教育附加。,
1141,产教融合垂类问题,文本,为了响应《职业教育产教融合赋能提升行动实施方案》，职业院校在专业设置上应遵循哪些原则以对接产业链和创新链？,职业院校应优先发展先进制造、新能源、新材料、生物技术、人工智能等产业需要的新兴专业，加快建设护理、康养、托育、家政等人才紧缺的专业，改造升级冶金、医药、建材、轻纺等领域的传统专业，并撤并淘汰供给过剩、就业率低、职业岗位消失的专业，从而形成紧密对接产业链、创新链的专业体系。,
1142,产教融合垂类问题,文本,在产教融合实训基地建设方面，中央预算内投资支持的重点领域有哪些？,中央预算内投资优先支持先进制造、新能源、新材料、生物技术、人工智能等领域以及护理、康养、托育、家政等领域的实训基地建设，以辐射带动相关产业领域的实习实训、员工培训、产品中试、工艺改进、技术研发等。,
1143,产教融合垂类问题,文本,产教融合型企业在土地政策上享有哪些特殊权益？,企业投资或与政府合作建设职业院校、高等学校的建设用地，按教育用地管理，符合《划拨用地目录》的，可通过划拨方式供地。鼓励企业自愿以出让、租赁方式取得土地，探索采取长期租赁、租让结合、弹性年期出让方式供地。,
1144,产教融合垂类问题,文本,如何通过建设市域产教融合联合体来提升人才培养质量？,打造以产业园区为基础的市域产教融合联合体，发挥职教集团（联盟）、市域产教融合联合体、产教融合共同体的作用，将教育链、人才链与产业链、创新链有机衔接，从而提升人才培养质量，促进高质量就业。,
1145,产教融合垂类问题,文本,根据《职业教育产教融合赋能提升行动实施方案》，产教融合型企业如何通过土地政策获得支持？,根据方案第18条，企业投资或与政府合作建设职业院校、高等学校的建设用地，按教育用地管理。符合《划拨用地目录》的，可通过划拨方式供地。企业也可自愿以出让、租赁方式取得土地。此外，探索采取长期租赁、租让结合、弹性年期出让方式供地。,
1146,产教融合垂类问题,文本,在职业教育专业设置方面，如何优化专业结构以适应产业发展需求？,方案提出要完善职业教育专业设置，引导职业院校优先发展先进制造、新能源、新材料、生物技术、人工智能等产业需要的新兴专业，加快建设护理、康养、托育、家政等紧缺专业，同时改造升级冶金、医药、建材、轻纺等传统专业，并撤并淘汰供给过剩、就业率低、职业岗位消失的专业，最终形成紧密对接产业链、创新链的专业体系。,
1147,产教融合垂类问题,文本,产教融合实训基地在建设方向上有哪些重点领域？,根据方案第8条，实训基地建设优先考虑先进制造、新能源、新材料、生物技术、人工智能等领域以及护理、康养、托育、家政等领域的实训基地建设。这些基地旨在辐射带动相关产业领域的实习实训、员工培训、产品中试、工艺改进、技术研发等。,
1148,产教融合垂类问题,文本,产教融合型企业兴办职业教育可享受哪些财税优惠政策？,根据方案第17条，产教融合型企业兴办职业教育的投资符合规定的，可按投资额30%的比例抵免当年应缴教育费附加和地方教育附加。这是方案中明确提及的财税激励措施之一。,
1149,产教融合垂类问题,文本,市域产教联合体的核心建设目标是什么？请从人才培养、治理机制和区域服务三个维度进行说明。,市域产教联合体的核心建设目标包含三个维度：首先，在人才培养方面，以技术技能人才为核心，通过多元主体合作模式打通人才培养障碍，实现人才供给与地方需求精准匹配，推动职业院校凝练创新办学理念与定位。其次，在治理机制方面，着力解决产教融合的体制性障碍，形成完备的组织治理结构和科学决策机制，通过政府保障支持和各主体履职，打破'央-地''政府-市场-学校'治理瓶颈，构建区域特色职业教育体系。最后，在区域服务方面，推动职业教育全面融入地方经济社会发展，通过创新要素集聚提升人才、技术等要素配套能力，形成自下而上支持国家战略的联动机制，有效服务市域内产业转型升级和区域协调发展。,
1150,产教融合垂类问题,文本,如何构建市域产教联合体的'四链'互通体系？请说明各主体的具体职责分工。,构建'四链'互通体系需政府、产业端、育人端协同配合：政府作为牵头主体，需结合区域经济发展和产业实际进行统筹规划，制定差异化激励监督政策及权责清单，发挥联合体纽带作用；产业端企业应主动对接专业，共享技术资源，打造产教融合型企业，为人才培养提供产业需求导向；育人端职业院校需根据区域产业动态调整专业布局，加强专业建设，通过学徒制培养、中高本贯通等途径提升人才规格。通过政府统筹规划、产业需求引领、教育精准响应的协同机制，实现'教育链-人才链'与'产业链-创新链'的有机衔接，形成产教深度融合的闭环系统。,
1151,产教融合垂类问题,文本,市域产教联合体与产业学院、职教集团的本质区别是什么？,市域产教联合体与产业学院、职教集团存在三方面本质区别：第一，在功能定位上，联合体兼具人才培养、创新创业、产业经济高质量发展等多维功能，而产业学院主要聚焦教学育人，职教集团侧重职业教育办学中介服务。第二，在组织架构上，联合体是实体化运作的多元主体合作平台，具有制度化组织结构和资源协调机制；产业学院多为二级学院建制，职教集团则发挥介于政府、学校、企业间的协调作用。第三，在运行机制上，联合体以产教融合为主线，通过政府统筹、企业牵引、学校主体实现深度耦合，而产业学院和职教集团存在'校热企冷''联而不合'等现实掣肘，难以形成真正的资源整合与利益共同体。,
1152,产教融合垂类问题,文本,请设计市域产教联合体实体化运行的保障机制框架。,市域产教联合体实体化运行需构建'三层级'保障机制：政府层面要强化统筹规划，将联合体建设纳入区域经济社会发展规划，加大公共资源投入，建立联合体章程和运营管理制度，优化'政府-市场-学校'治理结构；企业层面需明确产教融合责任，通过共建实习实训基地、产学研研发中心等实体平台，主动参与专业建设与人才培养，发展成为产教融合型企业；学校层面应主导改革，以岗位需求为导向制定人才培养方案，推动校企共建产业学院，延伸办学空间，形成'政府统筹、园区推动、行业指导、多元合作'的办学机制。通过权责明确的制度设计、资源整合的平台搭建和协同创新的运行模式，确保联合体可持续发挥人才培养、技术服务和社会培训等实体功能。,
1153,产教融合垂类问题,文本,如何通过市域产教联合体破解职业教育人才供需结构性矛盾？,破解职业教育人才供需结构性矛盾需通过市域产教联合体实施'三化'策略：一是专业设置动态化，以产业园区为基础建立专业-产业联动机制，职业院校根据区域主导产业需求实时调整专业布局，实现教育链与产业链精准对接；二是培养过程协同化，企业深度参与人才培养方案制定、课程开发和教学实施，通过现代学徒制、订单培养等模式构建'产学研用'一体化技术技能积累体系；三是评价标准融合化，建立由行业企业主导的人才质量评价机制，将职业资格标准、企业岗位需求融入人才培养全过程。通过联合体平台实现教育端与产业端的双向赋能，形成人才培养规格与产业发展需求同频共振的适应性调节机制，从根本上解决'专业落后产业、教育与区域脱节'的结构性矛盾。,
1154,产教融合垂类问题,文本,请阐述职业教育数字化转型对人才培养的核心价值，并从理念、方式、专业设置三个维度展开分析。,职业教育数字化转型对人才培养的核心价值在于契合人才素养新需求、激活科技创新新动能、构建产业升级新样态及催生终身学习新体系。在理念层面，数字化转型推动职业教育人才观向多元、开放、个性化转变，深化产教融合；在方式层面，通过虚拟仿真、VR等技术创新教学场景，实现沉浸式学习，提升学生的数字化思维与技能；在专业设置层面，需与行业变革保持动态平衡，如2022年新增的150个职业类别中61%为数字技能职业，确保人才培养与市场需求匹配。,
1155,产教融合垂类问题,文本,职业教育数字化转型如何通过技术赋能推动产教深度融合？请从教学、管理、评价三个层面说明具体路径。,职业教育数字化转型通过技术赋能推动产教深度融合的路径包括：教学层面，搭建数字化教学平台，引入VR、全息影像等技术构建虚拟工厂，实现人机协同的精准教学；管理层面，打造覆盖学生、教师、实习管理的智能化系统，如岗位实践管理系统实现校外实习闭环管理；评价层面，通过数据采集与分析开展过程性、个性化、多元化评价，形成可视化评价图谱，为产教融合质量提供客观依据。,
1156,产教融合垂类问题,文本,请设计一份高职院校推进数字化转型的年度工作方案，重点包括理念更新、基座建设、教师素养提升和产教融合四个方面。,高职院校数字化转型年度工作方案：1. 理念更新：组织数字化专题培训，树立‘数字赋能、产教协同’理念，制定《数字化转型行动计划》；2. 基座建设：升级智慧教室与虚拟仿真实训中心，搭建‘云网端’一体化平台，接入国家职业教育智慧平台2万余门课程资源；3. 教师素养：开展‘双师型’教师数字化能力认证，要求教师掌握AI教学工具开发能力；4. 产教融合：与龙头企业共建产业学院，开发数字化课程模块，建立‘产业链-人才链-教育链’协同机制，实现教学资源共建与成果共享。,
1157,产教融合垂类问题,文本,分析职业教育数字化转型对构建终身学习体系的作用机制，并说明其政策意义。,职业教育数字化转型通过构建智能化学习平台、丰富在线资源库、打通学历教育‘立交桥’三大机制推动终身学习体系构建。平台方面，‘云网端’三位一体支持灵活学习；资源方面，国家平台上线2万余门课程满足多样化需求；政策方面，政府推动学分银行制度认可在线学习成果。其政策意义在于：缓解人工智能带来的结构性失业风险，通过技能持续提升保障劳动者职业竞争力，同时为企业降低培训成本，形成‘个人成长-产业升级-社会公平’的良性循环。,
1158,产教融合垂类问题,文本,如何理解‘教学过程精准化’作为职业教育数字化转型内涵的核心要义？请结合技术案例说明。,‘教学过程精准化’是职业教育数字化转型的核心内涵，指通过数字化技术重塑教学流程，实现人机协同的个性化教学。其核心在于以数据驱动教学决策，例如：1. 利用VR技术构建虚拟工厂，将实体操作转化为沉浸式实训，降低成本并提升安全性；2. 智慧课堂整合行为分析系统，实时捕捉学生学习数据，生成个性化学习画像；3. 数字孪生技术模拟复杂工业场景，支持‘做中学’与‘学中做’的深度融合。此类技术应用使教学从标准化转向精准化，培养具备数字化素养的复合型人才。,
1159,产教融合垂类问题,文本,某职业院校计划申报‘产教融合型企业’认定，请说明需满足的核心条件及申报流程。,申报‘产教融合型企业’需满足核心条件：1. 与职业院校共建产业学院或实训基地，年投入不低于营收的2%；2. 派驻技术骨干担任产业导师，年授课不少于16课时；3. 开发‘岗课赛证’融通课程模块，参与人才培养方案制定。申报流程：1. 企业向属地教育局提交《产教融合承诺书》及合作证明材料；2. 联合院校填写《产教融合型企业申报表》，附共建协议、课程开发成果等；3. 经省级教育厅审核公示后，由教育部联合发改委授予认定证书，享受税收抵免等政策激励。,
1160,产教融合垂类问题,文本,职业教育新质生产力的核心内涵是什么？它对经济社会发展有何战略意义？,职业教育新质生产力是以'新'提'质'、以'质'催'新'的高效能职业教育生产力质态，其核心内涵包括四个方面：一是以培养创新性高技能人才为核心的生产力；二是以实现高效能产教深度融合为特征的生产力；三是以采用先进性教学培养模式为手段的生产力；四是以培育高质量发展型社会人才为目标的生产力。其战略意义在于：适应经济转型升级的迫切需求，推动技术创新转化的重要途径，提升教育服务社会的关键能力，以及弘扬民族工匠精神的紧迫任务。通过产教融合、校企合作等方式，职业教育新质生产力能够为产业升级、技术创新和经济社会发展提供高素质技术技能人才支撑。,
1161,产教融合垂类问题,文本,构建现代产业学院是实现产教深度融合的重要途径，请阐述其关键实施步骤和保障措施。,构建现代产业学院需要系统推进，关键实施步骤包括：第一，深化产教融合机制，建立校企双主体治理结构，成立由学校、企业、行业协会等多元主体共同参与的理事会；第二，重构课程体系，将企业真实项目、技术标准和职业资格要求融入教学内容，开发模块化、项目化课程；第三，打造'双师型'教师队伍，通过企业实践、技术培训、联合研发等方式提升教师实践能力；第四，共建共享实训基地，建设集教学、生产、研发、培训于一体的实践教学平台。保障措施包括：制度层面完善法律法规和政策支持，建立现代产业学院评价标准；资源层面整合政府、学校、企业多方资源，形成稳定投入机制；机制层面建立校企利益共享、风险共担的长效合作机制，确保产业学院可持续发展。,
1162,产教融合垂类问题,文本,职业院校如何通过技术创新层建设推动新质生产力发展？请从理论框架和实施路径两方面分析。,从理论框架看，技术创新层是职业教育新质生产力的驱动层，位于人才培养层和社会服务层之间，三者相互依存、相互促进。技术创新层通过校企合作将前沿科技成果、先进工艺技术及现代管理理念嵌入教学实践，同时通过联合研发、技术服务等活动直接驱动技术创新。实施路径包括：第一，建立校企协同创新平台，共建技术中心、实验室等研发机构；第二，开展'订单式'技术人才培养，将企业真实技术问题转化为教学项目；第三，推动教师参与企业技术研发，提升教师技术创新能力；第四，构建技术转移转化机制，促进科研成果在产业中的应用；第五，建立技术创新评价体系，将技术创新成果纳入教师考核和学校评价。通过这些路径，职业院校能够有效促进技术创新与人才培养的深度融合，提升服务产业发展的技术支撑能力。,
1163,产教融合垂类问题,文本,请设计一份高职院校提升产教融合水平的年度工作重点方案。,高职院校提升产教融合水平的年度工作重点方案应包括以下内容：一、深化产教融合机制改革：1.完善校企合作理事会运行机制，建立企业深度参与专业建设的制度；2.制定产教融合型企业认定标准，吸引5-8家龙头企业深度参与人才培养；3.建立'产业导师'制度，聘请20名以上企业技术骨干担任兼职教师。二、推进人才培养模式创新：1.重构3-5个重点专业课程体系，融入行业新技术、新工艺、新规范；2.推广'现代学徒制'培养模式，在2个专业开展试点；3.建设3个以上'教学工厂'式实训基地，实现教学过程与生产过程对接。三、强化'双师型'教师队伍建设：1.实施教师企业实践计划，专业教师每五年累计不少于6个月企业实践；2.建立教师技术创新激励机制，支持教师参与企业技术研发项目；3.开展教师教学能力提升培训，重点提升实践教学和信息化教学能力。四、提升社会服务能力：1.面向区域产业开展技术培训服务，年培训不少于1000人次；2.建设中小企业技术服务平台，为企业提供技术咨询与解决方案；3.开发职业技能等级证书，服务区域技能人才评价需求。五、完善保障机制：1.设立产教融合专项经费，确保重点项目投入；2.建立产教融合评价体系，将校企合作成效纳入部门考核；3.定期召开产教融合推进会，及时解决合作中的问题。,
1164,产教融合垂类问题,文本,请阐述产教融合对新质生产力发展的战略意义，并分析其在人才培养方面的关键作用。,产教融合是赋能新质生产力的关键战略，它通过紧密连接教育体系与产业发展需求，促进技术创新、知识转移和人才培养。新质生产力以信息技术为代表，对人才的知识结构、技能水平和创新能力提出了更高要求。产教融合能够加速教育内容与产业需求的同步更新，培养具备适应新质生产力发展所需的高素质技术技能人才，从而为新质生产力发展提供源源不断的人力支撑。在人才培养方面，产教融合强调理论与实践的深度融合，通过校企合作、工学结合等模式，提升学生的实践能力、创新能力和解决实际问题的能力，培养既具备专业技能又具备综合素质的复合型人才。,
1165,产教融合垂类问题,文本,如何评估职业教育产教融合项目的成效？请列出至少五项关键评估指标。,评估职业教育产教融合项目的成效需要综合考虑多个维度。关键评估指标包括：1. **毕业生就业率及就业质量**：考察毕业生在相关行业的就业比例、薪资水平和职业发展前景。2. **企业参与度**：衡量企业在课程开发、教学实践、师资培训等方面的参与程度和投入资源。3. **技术创新成果转化率**：评估产教融合项目产生的科研成果、专利数量和技术转移转化情况。4. **学生实践能力提升度**：通过技能竞赛、项目实践等方式，评估学生在实践操作、问题解决和创新能力方面的提升情况。5. **行业认可度**：调查企业对产教融合项目培养人才的认可程度和评价反馈。,
1166,产教融合垂类问题,文本,针对当前职业教育中产教融合深度不足的问题，请提出三条可行的改进措施。,针对产教融合深度不足的问题，可采取以下改进措施：1. **建立常态化的校企合作机制**：推动建立长期稳定的校企合作关系，签订战略合作协议，明确双方的权利和义务，建立信息共享、资源互通的平台。2. **深化课程体系改革，引入企业实践内容**：鼓励企业参与课程开发和教材编写，将最新的技术和行业标准融入教学内容，增加实践教学环节，提升课程的实用性和针对性。3. **创新人才培养模式，推行“订单式培养”和“学徒制”**：根据企业的人才需求，定制培养方案，实现人才培养与企业需求的精准对接，提高人才培养的效率和质量。,
1167,产教融合垂类问题,文本,在推进现代产业学院建设过程中，如何有效整合校企双方资源，实现优势互补？,现代产业学院的建设需要有效整合校企双方资源，实现优势互补。具体措施包括：1. **共建共享教学资源**：企业提供先进的设备、技术和案例，学校提供专业的师资和教学管理经验，共同开发课程和教材。2. **联合设立研发中心**：校企共同出资设立研发中心，开展技术攻关和产品开发，实现科研成果的转化和应用。3. **建立人才培养和交流机制**：企业为学生提供实习、实训和就业机会，学校为企业提供人才培训和技术咨询服务，实现人才的双向流动。4. **构建利益共享机制**：明确校企双方在项目成果、知识产权和经济收益方面的分配比例，激励双方积极参与合作。,
1168,产教融合垂类问题,文本,请解释“双师型”教师在产教融合背景下的重要性，并说明如何培养和引进双师型教师。,“双师型”教师是指既具有扎实的教育教学理论功底，又具备丰富的实践经验和职业技能的教师。在产教融合背景下，“双师型”教师至关重要，他们能够将最新的行业知识和技术融入教学内容，提升学生的实践能力和职业素养，更好地满足产业发展的人才需求。培养和引进双师型教师的措施包括：1. **鼓励教师深入企业实践**：通过企业实习、技术培训等方式，提升教师的实践经验和职业技能。2. **引进行业专家和技术骨干**：聘请企业技术专家和工程师担任兼职教师或客座教授，为学生提供专业的指导和培训。3. **加强教师培训和继续教育**：定期组织教师参加行业技术培训和学术交流活动，更新知识结构和教学方法。4. **建立激励机制**：对在产教融合方面做出突出贡献的教师给予奖励和晋升机会。,
1169,产教融合垂类问题,文本,请阐述现代产业学院建设在产教融合中的核心作用，并分析其与传统校企合作模式的主要区别。,现代产业学院是深化产教融合的重要载体，其核心作用在于通过深度融合产业需求与人才培养目标，构建校企一体化、产学研协同的创新生态系统。与传统校企合作模式相比，现代产业学院具有以下主要区别：一是组织架构更紧密，由学校、企业、科研机构等多方共同建设和管理，形成共建共管共享的治理机制；二是人才培养更贴近产业需求，企业深度参与课程开发、教学实践和人才评价，确保培养方案与产业发展同步；三是创新资源更充分，校企双方共享科研平台、实验设施和人才队伍，促进技术创新和成果转化；四是发展目标更具战略性，产业学院不仅承担人才培养任务，还致力于推动区域产业升级和经济发展。,
1170,产教融合垂类问题,文本,如何理解“双师型”教师队伍建设在职业教育高质量发展中的战略意义？请详细说明其建设路径。,“双师型”教师队伍建设是职业教育高质量发展的关键支撑。“双师型”教师既要有扎实的专业知识和技能（行业经验），又要有系统的教育教学理论和方法，能够将行业实践转化为教学内容，培养出适应产业需求的技能人才。其战略意义在于：一是提升教学质量，确保教学内容与产业发展同步；二是增强教师的实践能力，提高教学的针对性和实效性；三是促进产教融合，搭建学校与企业之间的桥梁。建设路径包括：一是加强行业实践经历，鼓励教师到企业实习、挂职、兼职；二是强化教育教学能力培训，提升教师的教学设计、教学方法和教学评价水平；三是建立激励机制，鼓励教师参与行业技术创新和成果转化；四是完善评价体系，将行业经验和教学能力纳入教师职称评定和绩效考核。,
1171,产教融合垂类问题,文本,针对新质生产力发展对高技能人才的需求，请设计一份高职院校“产教融合型企业”培育方案，包括选型标准、合作模式和保障措施。,"**高职院校“产教融合型企业”培育方案**
**一、选型标准：**
1.  **产业地位：** 位于战略性新兴产业或传统产业转型升级的关键环节，具有较强的创新能力和发展潜力。
2.  **技术水平：** 拥有核心技术和自主知识产权，具备较强的技术研发和创新能力。
3.  **人才需求：** 对高技能人才需求旺盛，能够提供充足的实习、实训和就业机会。
4.  **合作意愿：** 具有积极的产教融合意愿，愿意与学校共同开展人才培养、技术创新和成果转化。
**二、合作模式：**
1.  **订单培养：** 企业与学校签订订单培养协议，明确人才培养目标、课程设置、实习实训内容和就业保障。
2.  **联合开发课程：** 企业专家参与课程开发，提供最新的行业技术和实践案例，确保课程内容与产业需求紧密结合。
3.  **共建实训基地：** 企业提供先进的设备和技术，与学校共同建设实训基地，为学生提供真实的实践环境。
4.  **师资互聘：** 企业技术专家兼任学校兼职教师，学校教师到企业进行实践锻炼，实现师资资源共享。
5.  **联合研发项目：** 校企双方共同开展技术研发项目，培养学生的创新能力和实践能力。
**三、保障措施：**
1.  **政策支持：** 争取政府在资金、税收、土地等方面给予支持，鼓励企业参与产教融合。
2.  **资金投入：** 学校和企业共同投入资金，用于实训基地建设、课程开发、师资培训和项目研发。
3.  **制度保障：** 建立健全产教融合管理制度，明确双方的权利和义务，确保合作顺利进行。
4.  **评估机制：** 定期对产教融合效果进行评估，及时调整合作策略，确保合作目标的实现。",
1172,产教融合垂类问题,文本,请分析职业教育“专业链”与“产业链”对接的关键环节，并提出提升对接效率的策略。,职业教育“专业链”与“产业链”对接的关键环节主要包括：一是**信息沟通环节**，即学校和企业对彼此需求的了解程度；二是**课程体系构建环节**，即课程设置是否能够满足产业发展需求；三是**师资队伍建设环节**，即教师是否具备足够的行业经验和实践能力；四是**实训基地建设环节**，即实训条件是否能够模拟真实的工作环境；五是**人才评价环节**，即评价标准是否能够反映产业对人才的实际需求。提升对接效率的策略包括：一是建立常态化的信息沟通机制，定期开展校企交流会、座谈会等活动；二是加强专业动态调整，根据产业发展趋势及时调整专业设置和课程内容；三是大力推进“双师型”教师队伍建设，鼓励教师到企业实践锻炼；四是加强实训基地建设，引进先进的设备和技术，提供真实的实践环境；五是建立多元化的人才评价体系，将企业评价纳入评价体系，确保评价结果的客观性和公正性。,
1173,产教融合垂类问题,文本,职业本科教育在发展新质生产力中的主要职责边界是什么？,职业本科教育在发展新质生产力中的职责边界主要包括三个方面：首先必须基于自身教育特色和优势进行合理定位，体现在专业设置独特性、课程内容实用性和教学方法创新性等方面；其次需要根据新质生产力发展需求和自身能力确定职责边界，及时调整专业设置和课程内容以满足多样化、高层次化人才需求；最后需要明确自身定位和能力范围，既不能越位也不能缺位，需量力而行避免盲目扩张，同时与其他教育类型、科研机构及社会各界密切合作协调。,
1174,产教融合垂类问题,文本,如何构建职业本科教育赋能新质生产力的社会支持体系？,构建职业本科教育赋能新质生产力的社会支持体系需要从四个方面着手：一是企业参与支持，通过提供实习实训岗位、共建实训基地、参与课程开发、提供兼职教师等方式深度参与；二是发挥行业协会与中介机构作用，及时提供行业动态和技术发展趋势预测，组织参与课程开发与教学评估；三是引导社会舆论与文化，提高职业本科教育社会认可度，营造尊重技术技能人才的社会氛围；四是加强国际合作交流，引进先进职业教育理念和资源，拓展学生国际视野和跨文化交流能力。,
1175,产教融合垂类问题,文本,职业本科教育应采取哪些措施优化专业结构以适应新质生产力发展？,职业本科教育优化专业结构适应新质生产力发展的措施包括：深入市场和企业调研，了解当前及未来产业发展趋势和人才需求状况；结合学校自身办学特色和资源优势，调整优化专业结构和布局；确保教育与产业、市场紧密对接，提高人才培养针对性和实效性；建立动态专业调整机制，及时淘汰不适应新质生产力发展的专业，增设符合新兴产业发展需求的专业方向；加强专业集群建设，促进专业间交叉融合，培养学生跨学科能力。,
1176,产教融合垂类问题,文本,政府在推动职业本科教育发展新质生产力方面应提供哪些政策保障？,政府在推动职业本科教育发展新质生产力方面应提供的政策保障包括：制定发展目标与战略规划，成立专门发展委员会汇聚多方专家共同制定发展规划；出台法律法规与政策保障，加快职业本科教育立法进程明确其法律地位，制定财政税收优惠政策吸引社会资本投入；推行教育改革与实践创新，实行以实践为主导的教学模式，引入现代学徒制、工学结合等多元化培养方式；完善质量监控与评估措施，建立多元化评价体系，实施动态质量监控机制，加强与国际职业教育评价机构合作交流。,
1177,产教融合垂类问题,文本,职业本科教育如何通过师资队伍建设赋能新质生产力发展？,职业本科教育通过师资队伍建设赋能新质生产力发展的路径包括：建设既具备扎实理论知识又具有丰富实践经验的'双师型'教师队伍；引进企业优秀人才充实教师队伍，加强教师企业实践锻炼；建立教师培训进修机制，提高教师专业水平和实践教学能力；与企业建立紧密合作关系，共同开展教师培训和科研工作；完善教师激励机制，鼓励教师参与产教融合项目和技术研发；加强教师国际交流合作，引进国外先进职业教育理念和教学方法，提升教师国际化视野和教学能力。,
1178,产教融合垂类问题,文本,职业院校在深化产教融合过程中，普遍存在哪些主要问题？,"根据调研分析，H省职业院校在深化产教融合方面主要存在以下四个突出问题：
1. **产教融合政策供给不足**：配套法规政策、实施细则和操作指南不完善，激励措施不够具体有力，利益分配制度不完善，财税用地支持政策落实困难。
2. **产教融合治理体系不健全**：质量保障体系尚未完全建立，评价、监测、督导制度不完善，缺乏统一标准，存在“多头管理”、“条块分割”的弊端。
3. **产教融合资源投入不足**：部分学校缺乏长期规划，经费投入不足，配套资源不充足，校企共建共享共管水平不高。
4. **产教融合实施有效性不足**：利益分配错位和不均衡，导致合作关系割裂。特别是科技成果奖、教师企业实践、学生企业实习、1+X证书试点等指标处于低位阶段。",
1179,产教融合垂类问题,文本,如何构建一个有效的产教融合协同创新机制？,"为了提高产教融合协同创新效能，应采取以下策略：
1. **健全产教融合配套法规政策**：明确主体责任、投入保障、利益分配、风险防控等规定，提升政策供给水平。
2. **创新产教融合办学体制机制**：落实企业重要主体责任，支持社会力量参与举办股份制、混合所有制职业学校，鼓励企业深度参与。
3. **增强产教融合科技开发能力**：支持组建产教融合研究院，搭建成果转化平台，建立供需对接机制，发挥校企科研与产业优势。
4. **完善内部治理制度**：健全职业院校产教融合管理机构，完善激励制度，明确教师企业实践、技术研发在职称评聘等方面的激励办法。",
1180,产教融合垂类问题,文本,现代学徒制试点改革在产教融合中面临哪些挑战？,"现代学徒制试点改革在推进过程中面临以下挑战：
1. **1+X证书试点质量不高**：企业社会认可度低，实施效果未达预期。
2. **协同育人机制不完善**：校企共同制订人才培养方案、开发课程教材和教学资源库的深度不够，课程学分转换互认改革滞后。
3. **师资队伍建设滞后**：教师企业实践数量不足、质量不高，“双师型”教师培养机制不健全。
4. **实习实训管理不足**：学生企业岗位实习时间不足（建议不少于6个月），校企合作开展科研及成果转化的制度保障与激励机制缺乏。",
1181,产教融合垂类问题,文本,产教融合评价指标体系中，“过程有效性”包含哪些关键维度？,"产教融合评价指标体系中的“过程有效性”主要包含以下五个关键维度：
1. **专业设置**：包括专业设置调整和产业匹配度。
2. **协同育人**：包括培养方案制订、课程体系建设、教材资源建设。
3. **试点改革**：包括1+X证书试点和现代学徒制试点。
4. **学生实习**：包括学生企业实习和企业订单班培养。
5. **教师实践**：包括教师数量充足、教师企业实践、行企兼职教师和“双师型”教师。",
1182,产教融合垂类问题,文本,如何提升职业院校产教融合的协同育人效能？,"提升职业院校产教融合协同育人效能的策略包括：
1. **加快构建现代职业教育体系**：加快发展职业本科教育，构建职普融通、产教融合、科教融汇的高质量职教体系。
2. **提升专业体系匹配度**：建立专业动态调整机制，主动对接区域主导产业和新兴产业设置专业。
3. **深化校企协同育人**：共同制订人才培养方案，开发课程、教材和教学资源库，推进“课岗赛证”融通。
4. **强化实习实训管理**：确保学生企业岗位实习时间不少于6个月，提高合作企业接收实习实训的占比。
5. **探索课程学分转换**：制定学分互认标准，开展课程学分转换试点。",
1183,产教融合垂类问题,文本,行业产教融合共同体的核心特征是什么？请从运行方式、团体属性和建设任务三个维度进行说明。,行业产教融合共同体的核心特征体现在三个方面：一是运行方式合作化，通过有组织的人才培养、科技创新和社会服务合作，推动成员单位资源共建共享，实现产教全要素融合；二是团体属性多重化，具有行业性、跨域性、协同性、自组性、互利性和广泛性六大属性；三是建设任务具体化，包括建立健全实体化运行机制、构建产教供需对接机制、联合开展人才培养、协同开展技术攻关、有组织开发教学资源和强化支持保障力度六项任务，其中前两项为保障性任务，后四项为核心产出性任务。,
1184,产教融合垂类问题,文本,如何建立健全行业产教融合共同体的实体化运行机制？请提供具体的组织架构和运行机制设计建议。,建立健全行业产教融合共同体实体化运行机制需从三方面入手：首先，规范搭建领导架构，设立由龙头企业法人代表担任第一理事长、牵头高校和职校法人代表担任第二共同理事长的理事会，并吸纳具有行业影响力的副理事长单位；其次，合理设置工作组织，在秘书处（设在牵头职校）下设产教供需对接、专业建设、人才培养等专业委员会，以及分产业方向的产业发展委员会，同时成立产教融合研究院提供学术支持；最后，完善运行机制，包括成员集体决策监督机制、利益共享机制、责任风险分担机制、考核评价奖惩机制、常态化产教供需对接机制和校企研协同创新成果交易机制。,
1185,产教融合垂类问题,文本,行业产教融合共同体在人才培养方面有哪些具体实践路径？请结合职业教育特点进行分析。,行业产教融合共同体的人才培养实践路径包含三个维度：一是职业学校技术技能人才培养，通过联合招生、师资互兼互聘、共建实习实训基地，采用委托培养、订单培养、学徒制培养及现场工程师专项培养等模式，提升人才培养质量；二是企业员工培训与继续教育，依托共同体资源开展岗前培训、岗位培训和技能提升培训；三是学历提升通道建设，由高水平高校接收职校毕业生和企业员工攻读本科、专业学位研究生，形成'中职-高职-本科-专业硕士'贯通式培养体系。这些实践路径通过产教深度融合，有效破解了职业教育适应性不足、吸引力不强等问题，实现了人才培养与产业需求的精准对接。,
1186,产教融合垂类问题,文本,政府在推动行业产教融合共同体建设中应发挥哪些作用？请从政策支持和环境优化两个层面提出建议。,政府在推动行业产教融合共同体建设中应发挥双重作用：在政策支持层面，需贯彻落实新《职业教育法》，建立健全'金融+财政+土地+信用'组合式激励机制，对参与共同体建设的产教融合型企业给予专项扶持；在环境优化层面，应将共同体建设纳入区域产业升级整体规划，鼓励以产教融合为引领的城市建设，引导银行机构按照'风险可控、商业可持续'原则提供金融支持，同时通过政府采购产教融合创新成果等方式，降低企业参与风险，营造'政府引导、市场驱动、多元协同'的良好生态。,
1187,产教融合垂类问题,文本,行业产教融合共同体如何促进教育链、人才链与产业链、创新链的有机衔接？请结合实践逻辑进行阐述。,行业产教融合共同体通过三重逻辑促进'四链'有机衔接：一是遵循人才培养逻辑，整合企业、高校、职校和科研机构资源，将发展科技、培养人才、增强创新深度融合，构建'产学研用'协同育人模式；二是立足产业发展逻辑，推动教育界、科技界与产业界互动，通过技术攻关、工艺改进和产品升级，助力产业向中高端转型；三是基于教育内生逻辑，促进高校科研范式变革，建立产业前沿动态和技术难题信息共享机制，推动教育组织形态从封闭走向开放。这种'四链衔接'既解决了职业教育适应性不足问题，又提升了产业核心竞争力，最终实现教育高质量发展与产业升级的良性互动。,
1188,产教融合垂类问题,文本,根据《关于深化现代职业教育体系建设改革的意见》，国家层面对于行业产教融合共同体建设有哪些战略部署？,《关于深化现代职业教育体系建设改革的意见》明确提出“打造行业产教融合共同体”的战略部署。后续教育部发布《行业产教融合共同体建设指南》，对行业产教融合共同体组建的牵头单位、参与单位作出了明晰的规定，并提出了建设的六大任务。全国各地积极响应，推动行业产教融合共同体建设，旨在形成教育全面支撑行业企业发展的格局。,
1189,产教融合垂类问题,文本,行业产教融合共同体在发展过程中面临的主要困境有哪些？请从组织形态、协同机制和评价标准三个方面进行阐述。,行业产教融合共同体面临的主要困境包括：组织形态概念不明，即对共同体是实体组织、系统、机构还是机制的界定缺乏共识；协同机制缺失，具体表现为多主体合作、企企协同、校企协同和政府部门协同等方面存在障碍；评价标准缺位，缺乏统一的建设标准、质量控制、评估依据和监管机制。,
1190,产教融合垂类问题,文本,请简述国家级行业产教融合共同体建设的主要成效，并结合案例说明。,国家级行业产教融合共同体建设主要体现在三个方面：一是发挥产业的战略牵引作用，例如国家轨道交通装备行业产教融合共同体，依托轨道交通产业链长、带动效应明显的特点，充分发挥产业战略牵引作用；二是凸显主导企业的技术、人才和资源优势，如中国中车集团凭借其技术、人才和资源优势，成为行业中具有引领作用的企业；三是呈现良好的工作基础和示范效应，行业龙头企业在与职业教育合作培养高技能人才的过程中积累了丰富的经验。,
1191,产教融合垂类问题,文本,针对行业产教融合共同体建设中企业参与积极性不足的问题，请提出至少两条可行的解决方案。,针对企业参与积极性不足的问题，可行的解决方案包括：一是建立明确的利益分配机制，确保企业在合作中获得相应的回报，例如通过技术成果转化、人才定向培养等方式实现互利共赢；二是提供政策激励，如财政补贴、税收优惠等，降低企业参与成本，提高其参与积极性。此外，还应加强对企业参与价值的宣传，提升其社会形象。,
1192,产教融合垂类问题,文本,如何理解“一体两翼”在推动职业教育发展中的作用？,"""一体两翼""是指以职业教育为一体，以产教融合和现代学徒制为两翼，共同推动职业教育高质量发展。产教融合是实现人才培养与产业需求紧密结合的关键，现代学徒制则是一种深化产教融合、注重实践操作的培养模式。通过“一体两翼”的协同发展，可以有效提升职业教育的适应性和竞争力，为经济社会发展提供更强有力的人才支撑。",
1193,产教融合垂类问题,文本,根据国家政策，请概述当前深化现代职业教育体系建设改革中，行业产教融合共同体建设的核心目标和主要任务。,根据中共中央办公厅、国务院办公厅印发的《关于深化现代职业教育体系建设改革的意见》以及国家发改委等八部委联合印发的《职业教育产教融合赋能提升行动实施方案（2023-2025 年）》，行业产教融合共同体建设的核心目标是打造校企深度融合的协同创新体系，实现人才培养、技术创新和产业升级的良性循环。主要任务包括：一是规划部署在重点行业深度推进产教融合；二是打造一批区域特色鲜明的产教融合型企业；三是构建以企业为主体、学校为支撑、政府为引导的产教融合共同体治理体系；四是推动产教融合共同体成员之间在人才培养、技术研发、成果转化等方面开展全方位合作。,
1194,产教融合垂类问题,文本,请阐述“产教融合型企业”的定义，并说明其在行业产教融合共同体建设中的作用和意义。,产教融合型企业是指积极参与职业教育教学过程，提供实践教学基地、师资力量、课程内容等资源支持，并与学校共同培养人才的企业。这类企业通常具备较强的技术创新能力和人才需求，能够为学生提供真实的职业体验和实践机会。在行业产教融合共同体建设中，产教融合型企业是核心力量，承担着人才培养的重要责任，是实现产学研深度融合的关键环节，也是推动产业升级和技术创新的重要引擎。,
1195,产教融合垂类问题,文本,在行业产教融合共同体建设过程中，如何有效化解校企双方因“多元化价值”导致的合作热情消减问题？请结合文档内容提出至少两种策略。,文档指出，校企合作中因价值取向不同可能导致“情感倦怠”，从而消减合作热情。化解这一问题，首先需要承认“多元化价值”的存在，并以主动、理性的态度协调不同价值观间的关系，而非试图消除差异。具体策略包括：一是建立情感联结，通过共同利益的获取，引导共同体内部成员的情感联结，从“各自为营”到“利益共享”；二是增强理念认同，在尊重差异的基础上，通过沟通交流，促进校企双方对彼此价值理念的理解和认同，最终实现共识。,
1196,产教融合垂类问题,文本,分析在行业产教融合共同体建设中，分散式治理可能带来的问题，并提出相应的改进建议。,文档指出，分散式治理可能导致校企双方缺乏沟通，合作流于形式，角色转变难以实现。具体问题包括：决策流程长、效率低，企业与学校未能形成合作意识，产教融合所需的角色定位模糊。改进建议包括：一是建立集中统一且高效的治理模式，加强校企之间的沟通协调；二是明确企业和学校在产教融合中的角色定位，企业应发挥“实践指导者”和“育人协助者”的角色，学校应发挥“人才培养者”和“人才输送者”的角色；三是构建跨区域的产教融合命运共同体，实现资源共享和协同发展。,
1197,产教融合垂类问题,文本,针对行业产教融合共同体建设中“浅层性合作”导致行动主体“退场”的问题，请提出至少两种提升合作深度和稳定性的措施。,文档指出，浅层性合作容易导致企业缺乏参与产教融合的内驱力，甚至“退场”。提升合作深度和稳定性的措施包括：一是建立深度合作机制，从资源共享到利益共享，实现校企双方的互利共赢；二是加强政府引导和支持，提供政策激励和资金支持，鼓励企业积极参与产教融合；三是构建长期稳定的合作关系，通过签订合作协议、建立合作平台等方式，确保合作的持续性和稳定性。,
1198,产教融合垂类问题,文本,作为产教融合领域的专家，请分析行业产教融合共同体与传统的产业学院、职教集团在组织架构和运行机制上有哪些核心差异？,"根据行业产教融合共同体的相关研究，其与产业学院、职教集团在组织架构和运行机制上存在显著差异，主要体现在以下三个方面：
1. **成员构成与组织架构**：
   - **产业学院**：主要由高校、行业、企业、地方政府等构成，属于二级学院或以二级学院机制运作的办学机构，实行董事会领导下的院长负责制。
   - **职教集团**：由代表人才供给方的职业学校、代表人才需求方的用人单位、代表人才培养协调管理方的行政管理部门、代表人才培养质量监督考核方的行业协会等四类主体共同参与，通常由董事会或理事会和执行、监督与反馈三个系统构成。
   - **行业产教融合共同体**：打破了传统的“校—企”或“校—校”双元主体形式，形成了“政—学—行—企—研”的多元主体参与结构。其组织架构上设立专门的领导小组，明确职责分工，配备数量充足、结构合理的专兼职人员负责日常工作。
2. **权责分配机制**：
   - **产业学院**：按照权利对等与权力分配的原则设立新型校企董事会，通过成员构成比例的不同决定企业参与高校内部管理的范围与话语权。
   - **职教集团**：根据董事会或理事会的成员数量与结构、集团实际情况等进行权责分配，对集权与分权、扁平化程度等问题进行考量。
   - **行业产教融合共同体**：通过制定规范合理的利益共享机制，明晰责权分配，保障各方权益，强调多元主体的深度参与和实质性合作。
3. **运行与管理模式**：
   - **产业学院**：采取相对独立的管理运行机制，对教学管理、资金使用、资产管理和利益分配进行明确规定，实行撤并退出机制。
   - **职教集团**：设立明确的财务管理制度、决策管理制度和监督考核制度，推进管理的科学化和民主化。
   - **行业产教融合共同体**：提倡管理运行机制多样化，以行业龙头企业为主导，注重政府搭台和机制保障，其管理运行方式触及职业教育治理的“深水区”，在运作机制上进行深度探索，逐步从“单一办学模式”发展为“多种办学模式”融合。",
1199,产教融合垂类问题,文本,在建设行业产教融合共同体时，如何构建一个稳固的组织基础和运行机制？,"为了确保行业产教融合共同体的有效运行，必须构建稳固的组织基础和完善的管理运行机制，具体措施如下：
1. **扎实的基础建设（根本）**：
   - **完善的组织体系与章程制度**：明确共同体成立的时间、规模大小及成员构成的合理性。建立完备的组织架构，包括决策、执行、协调等多个部门，确保各司其职。制定详细的章程制度，明确共同体的本质属性、核心目标、主要任务以及成员各方的权利、责任和义务。
   - **清晰的总体目标定位与规划**：基于科学依据制定发展目标和规划，涵盖体制机制改革、人才培养模式创新、资源共享策略等多个维度，确保与国家及区域产业发展趋势相契合。
2. **完善的管理运行机制（实体化条件）**：
   - **健全的日常工作与信息交流机制**：明确各主体职责，加强信息共享，规范产权管理。
   - **高效的运作机制**：建立完整的会商、决策、考评与奖惩体系，防止责任主体不明确等问题。
   - **密切的合作机制**：建立校企合作、校际合作及区域合作机制，完善利益与责任机制，增强主体间的“黏性”。
3. **卓越的服务能力与显著的运行成效（标志）**：
   - **明确服务定位**：明确服务区域经济发展、社会发展、人才系统化培养及普惠性人力资本提升的目标。
   - **深化合作成果**：在资源共建共享、产教紧密合作、组织文化塑造等方面取得显著成效，形成独特优势并产生广泛的社会影响。",
1200,产教融合垂类问题,文本,国务院办公厅《关于深化产教融合的若干意见》中，深化产教融合的目标和主要任务有哪些？,国务院办公厅《关于深化产教融合的若干意见》旨在构建现代职业教育体系，目标是使职业教育与经济社会发展需求更加紧密结合，培养更多高素质技术技能人才。主要任务包括：一是构建产教融合型企业、院校和平台，二是深化课程体系改革，三是创新人才培养模式，四是完善产教融合的制度保障和政策支持。,
1201,产教融合垂类问题,文本,现代产业学院建设方案中，高校在现代产业学院建设中应如何与地方政府和行业企业进行合作？,现代产业学院建设方案强调高校应与地方政府和行业企业建立紧密的合作关系。具体而言，高校应主动对接区域产业发展需求，与地方政府共同规划学院建设，争取政策和资金支持；与行业企业共建课程体系、实践基地和师资队伍，实现人才培养与产业需求的深度融合；同时，鼓励企业参与学院管理，形成校企共建共管共享的治理模式。,
1202,产教融合垂类问题,文本,如何理解“双师型”教师在产教融合背景下的重要性？如何培养和引进“双师型”教师？,“双师型”教师是指既具有扎实的理论知识，又具备丰富的实践经验的教师，在产教融合背景下至关重要。他们能够将最新的产业技术和实践经验带入课堂，提升教学质量和学生的实践能力。培养“双师型”教师需要：一是鼓励教师深入企业实践，二是引进具有丰富产业经验的专业人才，三是建立完善的教师培训和考核机制，四是提供具有竞争力的薪酬待遇。,
1203,产教融合垂类问题,文本,针对行业特色研究型高校，如何通过现代产业学院建设来突破人才培养中存在的阶段割裂、资源壁垒等问题？,行业特色研究型高校可以通过现代产业学院建设，构建贯通高中、本科和研究生阶段的产业人才培养体系，实现育人阶段的无缝衔接。通过校企共建共享，打破资源壁垒，优化资源配置。同时，通过学科交叉融合，打破学科壁垒，培养复合型人才。此外，加强校政企合作，建立紧密的协同机制，提升人才培养的针对性和实效性。,
1204,产教融合垂类问题,文本,在推进产教融合的过程中，如何有效解决高校科研成果转化率低的问题？,提高高校科研成果转化率需要多方面努力：一是加强校企合作，建立科研成果转化平台，二是完善知识产权保护制度，鼓励科研人员参与成果转化，三是建立科研成果转化激励机制，将成果转化纳入科研人员的考核评价体系，四是加强政府引导和支持，提供资金和政策支持，五是优化科技成果转移转化服务体系，降低转化成本和风险。,
1205,产教融合垂类问题,文本,产教融合共同体的核心构成要素有哪些？请结合产教融合理论进行说明。,产教融合共同体的核心构成要素包括合作互助、价值认同和内在'法'三大基本要素。其中，合作互助是共同体的基本样态，体现为产业与教育主体间的双向联动；价值认同是共同体可持续发展的内在要义，基于共同目标形成的群体归属感；内在'法'则是共同体自发生成的内部约束制度，区别于国家立法的外部规约。这三者耦合共生，共同构成产教融合共同体区别于其他产教融合组织的根本特征。,
1206,产教融合垂类问题,文本,新质生产力背景下，产教融合共同体应如何构建'创新驱动'的发展模式？,新质生产力背景下，产教融合共同体构建'创新驱动'发展模式需从三方面推进：首先，以科学技术创新引领价值认同，将'科技创新'作为核心价值定位，支持技术革命性突破；其次，以人才培养模式创新打造组织架构，对接产业'中心—外围'结构需求，培养高技能创新人才；最后，以内外法协同创新保障运行效能，在政策法规框架下建立共同体内部约束制度。通过'三位一体'创新体系赋能新质生产力全要素跃升。,
1207,产教融合垂类问题,文本,现代学徒制与传统学徒制在产教融合方面存在哪些本质区别？,现代学徒制与传统学徒制的本质区别主要体现在三方面：一是组织基础不同，传统学徒制依托血缘、地缘等自然关系形成浑然一体，现代学徒制则建立在法制规约下；二是动力机制不同，传统学徒制具有内在一致性动力，现代学徒制呈现'貌合神离'特征，依赖外部制度约束；三是主体关系不同，传统学徒制是师徒亲密关系，现代学徒制转化为经济利益关系下的合作。德国'双元制'是现代学徒制的典型代表，通过法律保障校企协同育人。,
1208,产教融合垂类问题,文本,高职院校如何设计产教融合共同体的年度工作重点？,高职院校设计产教融合共同体年度工作重点应包含四个维度：一是深化校企合作机制建设，与行业龙头企业共建现代产业学院，完善'双师型'教师培养体系；二是创新人才培养模式，对接新质生产力需求，开发模块化课程体系，推行中国特色学徒制；三是强化技术创新服务，建设行业共性技术研发平台，促进科技成果转化；四是完善评价激励机制，将产教融合成效纳入绩效考核，培育产教融合型企业。重点在于形成'产学研用'协同创新生态。,
1209,产教融合垂类问题,文本,行业产教融合共同体在政策演进中经历了哪些重要发展阶段？,我国行业产教融合共同体的政策演进经历三个阶段：2019年国务院《国家职业教育改革实施方案》首次提出'命运共同体'概念，标志着政策萌芽；2022年中办国办《关于深化现代职业教育体系建设改革的意见》提出'一体、两翼'举措，将行业产教融合共同体确立为重要改革载体；2023年教育部《行业产教融合共同体建设指南》出台，首个国家级行业产教融合共同体成立，标志着政策落地实施。这一演进过程体现了从理念提出到制度设计再到实践推进的完整政策链条。,
1210,产教融合垂类问题,文本,在产教融合协同培养专业学位研究生的过程中，如何定义并实现“跨越边界”的深层内涵？,产教融合的本质在于跨越边界，即模糊不同主体的界限，促进资源要素融通。在专业学位研究生培养中，这表现为高校与企业之间、以及政府、高校、企业和市场之间的相互渗透和深度互动。其深层内涵包括：1. 产教融合是一种系统化集成策略，通过融合知识、技术、人才等要素，在循环互动中实现职能转化；2. 协同培养的关键在于实现“三协同”，即目标协同（兼顾社会需求与个人发展）、过程协同（以解决实际问题为目标共同提供资源与管理）、利益协同（构建共建共管共享的利益共同体）。,
1211,产教融合垂类问题,文本,“扬子江菁英计划”构建了“六双”人才培养模式，请详细阐述这一模式的具体内容及其作用。,“扬子江菁英计划”针对产教融合堵点，创新构建了“双选择、双导师、双课程、双身份、双考核、双资助”的“六双”模式：1. 双选择：机构与研究生互选实战项目，确保需求匹配；2. 双导师：高校学术导师与机构资深工程师共同指导，强纽带关联；3. 双课程：第一年在高校学理论，第二年在机构学创新创业课程；4. 双身份：在机构以实践人员身份参与项目；5. 双考核：分别考核理论学习与成果、实践成效；6. 双资助：享受机构助学金及成果转化收益奖励。该模式有效破解了企业被动参与、实践走马观花等痛点，促进了理论与实践的深度融合。,
1212,产教融合垂类问题,文本,当前专业学位研究生培养面临哪些主要挑战？如何通过产教融合解决这些问题？,主要挑战包括：1. 课程教学缺少学生体验和实践场景，理论与实践脱节；2. 双导师制存在融合度不高、匹配错位、指导乏力的问题；3. 实践创新能力不强，培养路径不明确；4. 培养过程中的监控与考核评价形式化。通过产教融合，可以：1. 跨越组织边界，构建“政产学研用”一体化体系，促进资源开放；2. 建立“双导师制”与强纽带关联机制，解决导师指导匹配问题；3. 设立产业需求导向的实践课程与课题，强化应用能力；4. 实施全过程、多维度的考核与管理，确保培养质量。,
1213,产教融合垂类问题,文本,在产教融合中，政府、高校、企业各自需要跨越哪些传统边界？,1. 政府（“政”）：需要跨越传统职能边界，提供前瞻性政策环境，充当技术创新体系构建与产业发展的推动者；2. 高校（“学和研”）：需要跨越传统组织边界，面向社会职业需要，主动对接企业需求，整改融合不“融”、实践不“实”的问题；3. 企业（“产和研”）：需要跨越内向型的科技研发边界，参与人才培养方案制定，吸引研究生参与技术开发，共同开展核心技术创新与应用。,
1214,产教融合垂类问题,文本,请阐述产教融合在解决高校人工智能人才培养模式与市场需求不相符问题中的作用机制。,产教融合通过整合产业界与高校资源，构建AI人才培养生态环境，有效解决人才培养模式与市场需求脱节的问题。具体机制包括：1）通过校企共建工作室、实验室等实践平台，弥补高校封闭式资源不足，让学生接触真实产业需求；2）通过校企共研师资建设，提升教师实践能力，确保教学内容与产业动态同步；3）通过企业导师主导的AI感知阶段活动，引导学生了解行业趋势，培养面向真问题解决的能力。这种模式使培养方案从理论导向转向实践导向，实现人才培养与市场需求的精准对接。,
1215,产教融合垂类问题,文本,如何理解'一建设+二共研+三协同+四阶循升'人工智能人才培养模式的核心逻辑？,'一建设+二共研+三协同+四阶循升'模式的核心逻辑在于构建全链条产教融合育人体系：1）'一建设'指AI人才培养生态建设，通过整合校内双创中心与产业资源实现资源互补；2）'二共研'强调校企联合开展师资培训与教研教改课题，提升教学实践性；3）'三协同'建立AI小导师、校内导师、企业导师协同机制，实现学术指导与实践指导的融合；4）'四阶循升'通过AI感知、基础支撑、实践巩固、企业级实战四阶段进阶培养，形成从兴趣激发到工程能力提升的完整路径。该模式通过系统性设计实现产学研深度融合，培养具备系统思维和跨学科能力的AI人才。,
1216,产教融合垂类问题,文本,请设计一份提升高职院校产教融合水平的年度工作方案。,高职院校产教融合提升年度工作方案：1）机制建设：成立产教融合工作领导小组，制定《产教融合型企业认定管理办法》，建立校企利益共享机制；2）平台搭建：重点建设5个产业学院和10个校企联合实训基地，引入企业真实项目进课堂；3）师资培养：选派20名教师赴企业实践，聘请15名企业技术骨干担任兼职教师，开展'双师型'教师专项培训；4）课程改革：开发3门基于岗位能力的模块化课程，编写2本产教融合特色教材；5）评价体系：建立学生实践能力第三方评价机制，将企业满意度纳入教师绩效考核。,
1217,产教融合垂类问题,文本,分析产教融合背景下AI人才培养中'三导师协同'模式的实施要点。,'三导师协同'模式的实施要点包括：1）角色定位：AI小导师（高年级学生/毕业生）负责经验传承与朋辈指导，校内导师负责学术体系构建，企业导师负责行业需求对接；2）协同机制：建立定期联席会议制度，共同制定培养方案；3）能力互补：AI小导师提供技术实践案例，校内导师夯实理论基础，企业导师引入产业前沿问题；4）评价体系：采用三方评价机制，综合考察学生学术能力、工程实践能力和职业素养；5）动态调整：根据学生反馈和企业需求变化，及时优化导师指导内容和方式。该模式通过多维度指导实现知识传授、能力培养与职业发展的有机统一。,
1218,产教融合垂类问题,文本,阐述产教融合对解决AI人才结构与工程需求不适应问题的战略意义。,产教融合对解决AI人才结构与工程需求不适应问题的战略意义体现在三个层面：1）人才结构优化：通过企业级实战阶段的项目训练，培养具备算法设计、软件工程、系统部署等复合能力的工程型人才，弥补单一研究型人才结构缺陷；2）能力体系重构：建立'感知-基础-实践-实战'四阶能力培养体系，强化工程实践能力和系统思维培养；3）产业需求适配：通过产业链与教育链深度融合，确保人才输出与AI产业在技术迭代速度、工程复杂度等方面的需求高度匹配。这种模式不仅解决当前人才供需矛盾，更通过构建可持续的产教融合生态系统，为我国AI产业长期发展提供人才支撑。,
1219,产教融合垂类问题,文本,请阐述现代产业学院建设在产教融合中的作用，并分析其与传统校企合作模式的主要区别。,现代产业学院是深化产教融合的重要载体，旨在通过深度融合产业需求与人才培养，构建校企互助、共赢的新型合作模式。其核心在于以产业需求为导向，将企业深度融入人才培养全过程，实现人才、技术、项目、资金等要素的深度融合。与传统校企合作模式相比，现代产业学院具有以下主要区别：一是合作深度不同，传统合作多为订单培养或实习实践，而产业学院是全方位、深层次的融合；二是参与主体不同，产业学院由学校、企业、科研机构等多方共同建设和管理；三是目标导向不同，传统合作侧重解决企业用工问题，产业学院则侧重提升区域产业创新能力和人才培养质量；四是资源配置不同，产业学院实现校企双方资源共享，共同投入，共同受益。,
1220,产教融合垂类问题,文本,国家层面对于鼓励企业深度参与高等院校人才培养，有哪些主要的政策支持和激励措施？,国家层面鼓励企业深度参与高等院校人才培养，主要通过以下政策支持和激励措施：一是税收优惠政策，对参与产教融合的企业给予税收减免或抵扣；二是项目资金支持，设立产教融合项目专项资金，支持校企合作开展人才培养、技术创新等活动；三是人才引进政策，鼓励企业引进高校优秀毕业生和教师，并提供相应的落户、住房等优惠政策；四是知识产权保护政策，加强对校企合作研发成果的知识产权保护，鼓励成果转化和应用；五是职称评定政策，允许企业技术人员在高校兼职任教，并参与职称评定；六是支持企业建立工程师学院、技术创新中心等平台，提升企业人才培养和技术创新能力。此外，国家还鼓励地方政府结合自身实际，出台更加具体的支持政策。,
1221,产教融合垂类问题,文本,如何评估一所高职院校产教融合的实际效果？请列出至少五项关键评估指标。,评估高职院校产教融合的实际效果，需要综合考虑多个维度。以下列出五项关键评估指标：一是学生就业质量，包括就业率、就业岗位匹配度、薪资水平等；二是课程体系与产业需求的契合度，通过调查企业对毕业生技能的评价，以及课程内容的更新频率来衡量；三是师资队伍的“双师型”比例，即既有扎实的理论基础，又有丰富的实践经验的教师占比；四是校企合作项目的数量和质量，包括合作项目的资金投入、技术成果转化、人才培养等；五是产教融合的制度保障和支持力度，包括学校是否建立了完善的产教融合管理体系，以及是否提供了充足的资源支持。,
1222,产教融合垂类问题,文本,针对“1+X”证书制度，请解释其在职业教育中的作用，并分析其在推行过程中可能遇到的挑战。,“1+X”证书制度是国家大力推行的职业教育改革举措，旨在以国家职业资格证书为基础，鼓励学校与企业合作，开发更多符合产业需求的职业技能证书，实现职业教育与产业需求的无缝对接。其作用在于：一是拓宽了职业教育的人才培养路径，为学生提供了更多选择职业发展的机会；二是提升了职业教育的就业导向性，使学生具备更强的职业竞争力；三是促进了职业教育与产业的深度融合，推动了产业升级和转型。推行过程中可能遇到的挑战包括：一是证书质量参差不齐，部分证书缺乏权威性和认可度；二是校企合作机制不健全，导致证书开发和实施缺乏有效保障；三是学生对证书的认知度不高，缺乏学习和考取证书的积极性；四是评价体系不完善，难以有效评估证书的实际价值。,
1223,产教融合垂类问题,文本,请为一家希望提升产教融合水平的民营企业，设计一份包含短期（1年内）和中期（3年内）目标的行动方案。,"**民营企业产教融合提升行动方案**
**一、短期目标（1年内）**
1. **建立校企合作框架协议：** 与1-2所本地高职院校或应用型本科院校签订合作协议，明确双方合作方向、资源投入和利益分配。
2. **开展人才需求调研：** 深入调研企业未来3-5年的人才需求，形成详细的人才培养规格。
3. **开设实习基地：** 在企业内部设立规范化的实习基地，为学生提供真实的实践机会。
4. **参与课程开发：** 邀请企业工程师参与学校相关专业的课程开发，确保课程内容与产业需求紧密结合。
5. **开展师资培训：** 邀请高校教师到企业进行短期实践，提升教师的实践能力。
**二、中期目标（3年内）**
1. **共建现代产业学院：** 与高校共同建设现代产业学院，实现人才培养、技术创新、成果转化等方面的深度融合。
2. **设立奖学金/助学金：** 为在校学生设立奖学金或助学金，吸引优秀学生到企业实习和就业。
3. **联合研发项目：** 与高校共同开展研发项目，解决企业实际技术难题。
4. **建立联合实验室：** 在企业内部建立联合实验室，为学生提供更高级的实践平台。
5. **推动人才双向流动：** 鼓励企业技术人员到高校兼职任教，高校教师到企业进行技术指导，实现人才双向流动。",
1224,产教融合垂类问题,文本,请分析新一轮'双高计划'在产教融合方面的政策导向变化，并说明其对高职院校的战略意义。,新一轮'双高计划'在产教融合方面的政策导向呈现四大转变：一是定位从'自我循环发展'转向'服务产业发展和区域发展'，二是标准框架将建立新标准，三是遴选方式强调校企'双向奔赴'，四是任务从'眼睛向内'变为'眼睛向外'。其战略意义在于推动高职院校从'基础好、条件好'转向'服务好、支撑好'，通过产教融合深度对接产业链、创新链，提升服务区域经济和产业发展的能力，同时通过'有进有出'的动态机制优化资源配置，实现职业教育与产业需求的精准匹配。,
1225,产教融合垂类问题,文本,高职院校如何构建'双师型'教师队伍以支撑产教融合实践？请结合典型案例说明操作路径。,构建'双师型'教师队伍需通过'扩队伍、优结构、建机制、激活力'四维发力：一是政策层面给予学校编制、岗位比例倾斜（如山东允许专项招聘），二是创新社会服务收入分配机制（如北京允许社会培训净收入纳入绩效工资），三是实施专项培养计划（如宁夏'双师多能型'教师培养），四是建立校企互聘机制。典型案例包括：北京电子科技职业学院依托产教融合载体构建教师发展体系，成都航空职业技术学院与企业共建技能大师工作室，通过实践提升教师技术转化能力。,
1226,产教融合垂类问题,文本,请设计一份高职院校提升产教融合水平的年度工作方案，需包含机制创新、平台建设和成效评估三个维度。,"年度工作方案如下：
1. 机制创新：制定产教融合共同体建设计划，牵头组建1-2个行业产教融合共同体；修订兼职教师管理办法，赋予企业工程师教学参与权；建立校企利益共享机制，明确技术服务收益分成比例。
2. 平台建设：重点建设1个产业学院（参考苏州职院集成电路产业学院模式），打造2个校企协同创新中心；开发3门模块化课程，引入企业真实项目案例；建设1个数字化产教融合管理平台，实现岗位需求与人才培养动态对接。
3. 成效评估：建立'四维'评价体系（人才培养质量、技术服务产出、企业满意度、区域贡献度），采用季度调度+年度绩效评估机制，将评价结果与资源配置挂钩。",
1227,产教融合垂类问题,文本,如何理解'产教融合型企业'在职业教育中的核心作用？请结合政策要求和典型案例分析其运作模式。,'产教融合型企业'是职业教育与产业协同的关键枢纽，其核心作用体现在：一是政策层面被纳入产教融合型政策激励范畴，二是通过校企共建专业群实现人才供给侧改革，三是通过技术反哺推动产业升级。典型运作模式包括：成飞集团与成都航空职院共建产业学院，实施'订单班'培养；江苏农林职院联合企业共建国家级产教融合实训基地，形成'产学研训创'一体化链条；山东特大型企业在海外共建'班·墨学院'，实现产能合作与人才培养同步输出。,
1228,产教融合垂类问题,文本,请分析专业群建设与产教深度融合的内在逻辑，并说明如何避免同质化风险。,专业群建设与产教深度融合的内在逻辑体现为：专业群通过'集群化对接产业链'实现人才培养供给侧改革，而产教融合则为专业群提供动态调整机制（如根据岗位需求新增/合并专业）。避免同质化风险需把握三点：一是立足区域产业特色（参考广东技术演进与类属化布局策略），二是建立专业群共生机制（如'和而不同·和合共生'的生态系统），三是强化动态评估（如四川交职院对接川藏建设需求的能力导向）。典型案例显示，苏州职院聚焦电子信息万亿级产业集群打造的集成电路专业群，有效避免了同质竞争。,
1229,产教融合垂类问题,文本,根据《教育强国建设规划纲要(2024—2035年)》，国家在推进产教融合方面有哪些具体政策标准？,《教育强国建设规划纲要(2024—2035年)》明确提出要'建强国家卓越工程师学院、国家产教融合创新平台'，重点通过以下政策标准推进产教融合：1. 构建'教育链、创新链、人才链与产业链精准对接'的协同机制；2. 支持高校与企业共建产教融合校外实践基地，要求工程类专业学位研究生至少有一年时间驻点合作单位实习实训；3. 推行'校工研企'协同培养模式，建立成果共享、培养共担的合作机制；4. 完善分类评价体系，允许专利、标准、技改方案等作为学位申请条件。,
1230,产教融合垂类问题,文本,企业参与产教融合项目可获得哪些政府激励措施？,根据产教融合相关政策，参与企业可获得以下激励措施：1. 被认定为'产教融合型企业'的企业可享受'金融+财政+土地+信用'的组合式激励政策；2. 对校企共建的产教融合实践基地，政府提供税收减免和专项补贴；3. 企业参与联合攻关科研项目可享受研发费用加计扣除政策；4. 政府优先支持产教融合型企业申报重大科技专项和人才计划；5. 对深度参与人才培养的企业，在政府采购、服务购买等方面给予倾斜。,
1231,产教融合垂类问题,文本,如何理解'双师型'教师队伍建设在产教融合中的战略意义？,'双师型'教师队伍建设是产教融合的核心支撑，其战略意义体现在：1. 是实现'理论实践实战'交叉融合培养模式的关键前提；2. 能够有效破解高校教师工程实践经验不足的痛点，提升人才培养与产业需求的匹配度；3. 通过'引进来+走出去'机制，促进高校教师与企业工程师双向流动，构建协同育人网络；4. 是推动课程体系重构和教学模式创新的基础，确保教学内容始终处于科研与实践前沿；5. 最终服务于高层次卓越工程师培育目标，为解决'卡脖子'技术问题提供人才保障。,
1232,产教融合垂类问题,文本,请为高职院校设计一份提升产教融合水平的年度工作重点方案。,高职院校提升产教融合水平年度工作重点方案：1. 机制建设方面：成立产教融合工作领导小组，制定《产教融合校企合作管理办法》，建立校企定期会商机制；2. 平台搭建方面：重点建设3-5个产业学院，新增5家以上深度合作企业，打造'校中厂'实践基地；3. 师资建设方面：选派10名骨干教师赴企业实践锻炼，引进5名企业技术骨干担任兼职教师；4. 课程改革方面：开发3门模块化课程，修订人才培养方案，实践课时占比提升至50%；5. 质量监控方面：建立校企联合评价机制，将企业满意度作为人才培养质量核心指标。,
1233,产教融合垂类问题,文本,分析科研赋能与产教融合在高层次工程师培育中的协同机制。,科研赋能与产教融合的协同机制表现为：1. 通过'企业需求学院命题学生答题'的联合攻关体系，实现科研课题与产业需求的精准对接；2. 构建'科研项目报告、示范企业走访、应用基地调研'三覆盖的科研过程交流机制；3. 汇聚多学科背景专家组成'科研+'团队，与行业专家协同指导研究生；4. 以高水平学科竞赛为牵引，将专业教育与赛创实践结合，提升工程创新能力；5. 建立'成果共享、培养共担'的合作机制，形成科研反哺教学、教学促进科研的良性循环，最终实现'教育链、创新链、人才链与产业链'的深度融合。,
1234,产教融合垂类问题,文本,请分析我国高校产教融合多元立体化治理模式的特点及实施路径。,我国高校产教融合多元立体化治理模式以‘功能互补、产业互联、资源互通’为核心，特点包括：1）资源调配上，通过‘东西协作’等区域合作机制打破地理限制，实现教育资源与产业资源的均衡分配；2）治理保障上，建立绩效评价体系，将企业纳入评价范围，依据评价结果给予政策支持。实施路径包括：以区域为载体构建产教融合新格局，结合地方产业特色细化评价框架，动态监测合作成效，推动跨区域协同发展。,
1235,产教融合垂类问题,文本,如何理解产教融合中‘四链衔接’与‘三圈协同’的生态系统构建？,产教融合生态系统构建需实现‘四链衔接’（教育链、人才链、产业链、创新链）与‘三圈协同’（高校、产业、政府）的有机联动：‘四链衔接’指提升教育链人力资源供给能力、增强人才链产业转化能力、促进产业链知识吸收与产出能力、强化创新链创业精神激发能力；‘三圈协同’则要求高校作为创新核心、产业作为跃迁动力、政府作为管理协调者，通过标准制定明确各方权责，推动联合机构建设与人才流动规范化，形成共生共荣的生态体系。,
1236,产教融合垂类问题,文本,请设计一份高职院校深化产教融合的操作方案，重点包括政策对接、资源整合和人才培养三方面。,高职院校深化产教融合操作方案如下：1）政策对接：主动对接国家《关于深化产教融合的若干意见》等政策文件，申请产教融合型企业认定，争取税收优惠、财政支持等政策红利；2）资源整合：联合区域龙头企业共建产业学院或实训基地，引入企业真实项目与双师型教师，实现资源共享；3）人才培养：建立‘专业设置—课程更新—实习实训’动态调整机制，推行现代学徒制，强化学生实践能力与产业适配性，同时对接职业教育与继续教育，构建终身学习体系。,
1237,产教融合垂类问题,文本,国际产教融合经验对我国高校有哪些启示？,国际产教融合对我国高校的启示包括：1）法制保障：借鉴德国《高等教育总法》、美国《拜杜法案》等，完善产教融合政策法规体系，明确成果归属与教师从业资格；2）组织创新：参考美国IUCRC、英国KTPs等模式，构建跨界合作平台，强化商业转化与双向协同机制；3）本土化实践：结合区域产业特色，推动‘生产—教学—科研’多元协作，如德国技术导向型合作、美国创新创业体系等，形成具有中国特色的产教融合路径。,
1238,产教融合垂类问题,文本,产教融合如何赋能国家战略需求？请结合行业特色高校与区域优势进行分析。,产教融合赋能国家战略需求需双轨并行：1）行业特色高校应建立科技前瞻机制，通过产业论坛对接前沿需求，设立产学研一体化基地培养高精尖人才，并以动态调整机制确保专业设置与市场需求契合；2）区域层面需深耕特色产业，构建‘产教融合型企业—行业—城市’点线面格局，通过共建实验室、创新中心推动科技成果转化，同时融入区域合作网络，服务新型城镇化、乡村振兴及‘一带一路’倡议，实现高校、产业、区域多方共赢。,
1239,产教融合垂类问题,文本,请阐述产教融合在培育新质生产力中的战略意义及其核心作用机制。,产教融合是培育新质生产力的关键路径，其战略意义体现在三个方面：首先，通过教育科技人才一体化发展机制，实现创新要素的倍增效应；其次，促进学科专业结构与产业需求精准对接，形成人才培养与产业发展的良性循环；最后，构建新型生产关系，贯通教育和产业两大系统，形成协同创新的生态系统。核心作用机制包括：搭建产学研一体化平台促进技术转化，建立校企协同育人机制培养新质劳动者，以及通过资源共享优化全要素生产率配置。,
1240,产教融合垂类问题,文本,高校应如何调整学科专业结构以适应新质生产力发展需求？请提供具体实施方案。,高校调整学科专业结构的实施方案应包括四个维度：一是战略性布局，聚焦新能源、新材料、人工智能等未来产业领域，增设交叉学科专业；二是动态调整机制，建立专业预警和退出机制，淘汰与产业发展脱节的传统专业；三是师资队伍建设，组建跨学科教学团队，引进具有产业实践经验的'双师型'教师；四是质量保障体系，构建以产业需求为导向的专业评估标准，定期开展学科专业与区域产业匹配度分析，确保人才培养供给侧与产业需求侧精准对接。,
1241,产教融合垂类问题,文本,现代产业学院作为产教融合的重要载体，其建设标准与运行机制应包含哪些要素？,现代产业学院的建设标准与运行机制应包含以下核心要素：建设标准方面，需具备'双主体'治理结构（校企共同管理）、'双师型'教学团队（企业导师占比不低于30%）、'双基地'实践平台（校内实训+企业实习）以及'双认证'质量体系（教育标准+职业标准）。运行机制方面，应建立校企协同的专业建设委员会、动态调整的人才培养方案、基于真实项目的教学模式、技术协同创新中心以及成果转化利益分配机制，形成'人才共育、过程共管、成果共享、责任共担'的可持续发展生态。,
1242,产教融合垂类问题,文本,产教融合型企业认定标准有哪些？这类企业可享受哪些政策支持？,产教融合型企业的认定标准主要包括：深度参与教育教学过程（如接收实习、共建实训基地）、投入教育资源（设备、资金或技术支持）、开展职工培训规模、联合开展技术研发等指标。政策支持通常涵盖：税收优惠（按投资额一定比例抵免应纳税所得额）、金融支持（优先获得产教融合专项贷款）、用地保障（科教用地政策倾斜）、人才政策（引进技能型人才绿色通道）以及评优奖励（在政府采购、项目招标中给予加分）。具体标准和支持措施需参照国家及地方《产教融合型企业建设培育实施方案》等政策文件执行。,
1243,产教融合垂类问题,文本,如何构建职业教育产教融合质量评价体系？请设计关键评价指标框架。,职业教育产教融合质量评价体系应构建'三维五级'指标框架：维度一为资源融合度，包括企业投入占比、双师型教师比例、校企共建实训基地数量等指标；维度二为过程融合度，涵盖共同开发课程标准、企业参与教学课时数、技术技能积累转化率等；维度三为成效融合度，重点考察毕业生对口就业率、企业满意度、技术服务到款额等。评价等级可分A-E五级，采用定量与定性相结合的方法，引入第三方评估机制，建立动态监测数据库，实现评价结果与资源配置、政策支持的精准挂钩。,
1244,产教融合垂类问题,文本,请分析产教融合型企业的主要认定标准及其在政策支持体系中的核心作用。,产教融合型企业的认定标准主要包括企业深度参与职业教育办学、与院校共建实训基地、共同开发课程教材、接纳学生实习就业等实质性合作行为。在政策支持体系中，此类企业可享受税收优惠、财政补贴、融资便利等激励措施，其核心作用在于打通产业需求与人才培养的‘最后一公里’，通过校企协同创新实现教育链、人才链与产业链、创新链的有效衔接，从而提升技术技能人才培养质量，服务新质生产力发展。,
1245,产教融合垂类问题,文本,针对高职院校提升产教融合水平，请设计一份包含关键绩效指标的年度工作计划框架。,年度工作计划框架应包括：1）校企共建产业学院数量≥3个，引入企业真实项目进课堂比例≥40%；2）双师型教师培养计划，企业实践学时人均≥80小时，行业专家授课占比≥25%；3）建设省级以上产教融合实训基地1-2个，设备更新投入≥500万元；4）开展现代学徒制试点，学徒制学生占比≥20%，就业对口率≥85%；5）建立校企协同创新中心，横向课题经费≥300万元。,
1246,产教融合垂类问题,文本,如何理解‘双师型’教师队伍建设在产教融合中的战略意义？,‘双师型’教师是产教融合的核心载体，其战略意义体现在：1）通过教师企业实践机制实现‘教’与‘产’的动态平衡，确保教学内容与产业技术同频更新；2）教师作为校企‘翻译官’，可促进企业技术标准向教学标准的转化，解决学用脱节问题；3）在技术研发与教学融合中培养‘教学研用’一体化能力，为产业升级提供智力支撑；4）通过教师团队共建创新平台，推动科研成果就地转化，形成‘人才培养-技术创新-产业服务’的良性循环。,
1247,产教融合垂类问题,文本,请解释现代产业学院的运行机制及其在区域经济发展中的差异化功能。,现代产业学院采用‘共建共管共享’的运行机制，由政府、高校、企业、行业协会等多主体协同治理，实行理事会领导下的院长负责制。其差异化功能包括：1）在新兴产业领域（如人工智能、新能源）开展订单式人才培养，形成人才蓄水池；2）针对区域产业集群需求，建设专业化实训基地，提供技术攻关服务；3）通过‘企业命题-高校解题-市场阅卷’模式，加速科研成果产业化；4）在中西部地区发挥‘造血’功能，通过产业人才本地化减少人才虹吸效应。,
1248,产教融合垂类问题,文本,结合产学研融合现状，分析当前职业教育成果转化率低的主要原因及破解路径。,主要原因包括：1）评价体系重论文轻应用，教师缺乏转化动力；2）企业参与度不足，供需对接机制不畅；3）中试环节缺失，实验室成果难以产业化；4）知识产权归属不明晰，收益分配机制不健全。破解路径需：1）建立以市场价值为导向的职称评审标准；2）推行‘技术经理人’制度，对接企业需求；3）建设区域性产学研协同创新中心，提供中试平台；4）完善知识产权作价入股政策，建立‘高校-企业-科研人员’三方利益共享机制。,
1249,产教融合垂类问题,文本,在新质生产力背景下，高等职业教育在人才培养方面应如何突破传统模式？,高等职业教育应突破传统的以技能适应为导向的人才培养体系，建构以能力提升、岗位适应和社会服务为导向的创新应用型人才培养体系。重点在于完善和优化高级技能型人才评价体系的准入机制和内容结构，通过个人品质塑造、基本能力培养和社会实践服务等方面的现代化变革，赋予受教育者面向现代化、适应新质生产力的实质能力，实现从传统技术人才向新质技术人才的转变。,
1250,产教融合垂类问题,文本,高等职业教育如何通过技术创新赋能新质生产力？,高等职业教育应发挥科技第一生产力、创新第一动力的技术优势，以知识的应用价值和技术的颠覆性创新为重要指向。具体包括：主动推进技术体系的颠覆性创新，关注制造业领域和民生领域的生产应用型技术创新；紧密结合新质生产力的技术变革诉求，通过技术创新的有序化输出服务区域社会的高质量发展，推动“技术研发、技术推广、技能迭代”的并行式路径。,
1251,产教融合垂类问题,文本,在产业逻辑层面，高等职业教育应如何适配新质产业的发展需求？,高等职业教育应通过提高劳动者技能水平促进产业提升生产效率，满足新质产业对数字化、智能化技术驾驭能力的需求。具体措施包括：聚焦产业的结构性调整，探索与“专业产业”高度契合的专业建设路径，构建面向区域发展和集聚数字化内涵的特色化专业集群；以应用型技术创新的内生属性联动产业的创新体系，推动产教创新资源高效配置。,
1252,产教融合垂类问题,文本,高等职业教育在“生产逻辑”上应如何聚焦新质生产的变革成效？,高等职业教育应积极推动生产过程的新质化，实现绿色发展和可持续发展。具体路径包括：以“绿色育人”观念奠定新质生产的理念基调，培养受教育者的绿色生产职业观与劳动观；推广可持续发展的绿色生活方式，摒弃粗放式生产模式，形成“绿色技术赋能+跨界治理兜底”的新质生产格局；致力于培养生态保护的文化惯习，推动技术文化、职业文化、生态文化的迭代更新与重新组合。,
1253,产教融合垂类问题,文本,新质生产力视域下，高等职业教育在治理逻辑上应如何助推新质治理的向善发展？,高等职业教育应依托数字化治理范式的搭建，在生产理念上融合新型生产战略，在治理要素上联动标准管理范式。具体包括：以治理理念的创新深化产教协调发展，倡导“整体数治”的新治理理念，推动产业内部治理机制的重塑和学校治理模式的升级；以治理要素升级为变革重心，培育现代化治理人才，提高企业内部组织管理水平；聚焦产业治理业务模式的数字化转型，推动产业治理的智能化与协同化发展。,
1254,产教融合垂类问题,文本,如何理解产教融合在职业教育中的战略意义？,产教融合是职业教育提升人才培养质量与效率的核心策略，其战略意义在于通过深化校企合作，实现教育链、产业链、人才链的有机衔接。具体而言，它有助于解决专业与产业脱节、课程内容滞后于职业标准等问题，培养符合数字经济需求的高素质高技能数字人才。同时，产教融合能够推动教学过程与生产过程的联动，通过现代学徒制、订单班等模式提升学生的实践能力和创新能力，从而为经济高质量发展提供坚实的人才支撑。,
1255,产教融合垂类问题,文本,职业院校如何创新课程设置以适应数字经济发展需求？,职业院校创新课程设置需从以下四方面着手：1）紧密结合产业需求，及时调整课程内容，涵盖数字技术全链条知识，并通过校企合作开发在线课程资源；2）聚焦技术前沿，开设特色课程或选修模块，邀请行业专家担任客座导师；3）推动跨学科融合，打破学科壁垒，培养学生的综合素养；4）兼顾个性化发展，构建灵活选课机制，支持学生根据兴趣组合课程模块。此外，课程设计需对标职业标准，确保教学内容与行业动态同步，提升人才培养的针对性和适应性。,
1256,产教融合垂类问题,文本,产教融合型企业参与职业教育有哪些具体激励措施？,产教融合型企业参与职业教育的激励措施包括：1）政策支持，如政府提供资金奖励、税收优惠等政策激励；2）资源整合，支持企业参与课程开发、实训基地建设和教学资源库建设；3）合作模式创新，鼓励企业通过现代学徒制、订单班等形式深度参与人才培养；4）评价机制优化，将企业参与度作为产教融合型企业认定的核心指标，优先推荐其参与国家级产教融合项目；5）社会认可，通过表彰优秀产教融合案例，提升企业社会声誉。,
1257,产教融合垂类问题,文本,高职院校如何构建现代产业学院以提升产教融合水平？,构建现代产业学院需采取以下举措：1）依托龙头企业与区域产业园区，组建“数字”产教共同体，整合优势专业资源；2）创新合作模式，通过“嵌入”标杆企业，探索教育链、产业链、人才链的协同发展；3）强化实践教学，开发虚拟仿真教学资源，建设开放型区域产教融合实践中心；4）打造“双师型”教师队伍，通过校企互派教师、共建研修基地提升师资水平；5）推动资源共建共享，联合开发数字教材、实训资源，形成产教深度融合的长效机制。,
1258,产教融合垂类问题,文本,数字人才培养中产教融合面临的主要挑战及应对策略是什么？,数字人才培养中产教融合面临的主要挑战包括：1）数字技术迭代快导致专业与产业匹配困难；2）商业场景模糊加剧校企对接难度；3）“双师型”师资匮乏影响课程内容与职业标准衔接；4）产教融合创新不足导致教学与生产过程脱节。应对策略包括：1）建立动态调整机制，定期更新专业设置和课程内容；2）明确企业需求，通过“真实场景、真实项目”提升培养精准性；3）加强师资培训，推动教师企业实践与专家进校园双向交流；4）深化产教融合共同体建设，实现人才培养与产业需求同频共振。,
1259,产教融合垂类问题,文本,现代产业学院在产教融合中的核心功能定位是什么？,现代产业学院是教育链、人才链与产业链、创新链有机衔接的产教融合型组织，其核心功能定位包括：一是以人才培养为主，通过创新人才培养模式培育适配产业需求的新型劳动者；二是以立地式研发推动技术创新，打造新型劳动资料；三是以专业设置动态调整推动产业创新，拓展新型劳动对象。现代产业学院作为当前职业教育最有效的产教融合模式之一，实现了职业教育供给侧与产业发展需求侧的紧密对接，对赋能新质生产力发展具有重要意义。,
1260,产教融合垂类问题,文本,高职院校在建设现代产业学院时面临哪些主要困境？如何破解这些困境？,高职院校建设现代产业学院面临三大主要困境：一是校企组织目标存在差异，企业以营利为目标而学校以育人为目标，影响新型劳动者培育成效；二是学校技术创新与企业实际需求脱节，产学研合作制度不健全，制约新型劳动资料迭代升级；三是现代产业学院治理结构不完善，多元主体协同共治机制缺失，阻碍新型劳动对象拓展。破解路径包括：打造育人共同体，更新育人理念、创新人才培养体系、提升企业员工技能；打造产学研共同体，加强顶层设计、健全知识产权保护机制、修订教师考核评价制度；打造协同治理共同体，完善组织架构、健全专产联动机制、建立利益分配机制。,
1261,产教融合垂类问题,文本,新质生产力发展对职业教育人才培养提出了哪些新要求？职业教育如何适应这些要求？,新质生产力发展对职业教育人才培养提出的新要求主要体现在：一是要求劳动者具备高新科技知识和劳动技能，超越第三次工业革命以来的常规数字技术和传统技能；二是强调培养技能型、创新型、复合型人才，具备创新思维和创新能力；三是要求劳动者掌握新型生产工具，能对新型生产资料进行处理分析和再生产。职业教育适应这些要求的路径包括：更新人才培养理念，把创造力、反思性、企业家精神等软技能作为关键目标；创新人才培养体系，推动企业深度参与全过程，将行业新工艺新技术转化为教学资源；构建校企共同参与的评价体系，突出对学生创新精神、创造能力、数字素养的评价；加强'双师型'教师队伍建设，提升教师产业实践能力。,
1262,产教融合垂类问题,文本,如何构建现代产业学院的有效治理结构以促进产教深度融合？,构建现代产业学院有效治理结构需从三方面着手：一是完善组织架构，建立以董事会（理事会）为领导机构的治理模式，通过章程统领制定会议制度、成果奖励制度、绩效分配制度等规章制度，由理事会任命产业学院院长并赋予最高执行权，根据业务需要设立相关业务部门；二是健全专产联动机制，打造产教对话交流协调平台，根据现代化产业体系建设要求动态调整专业设置，淘汰不适应专业，增设战略性新兴产业相关专业；三是建立科学合理的利益分配机制，寻求校企利益契合点，通过'表达—履权—分配—再分配—相容'程序构建持续稳定的利益共享机制，实现多元主体多维价值共创共享，突破组织壁垒和部门协同壁垒。,
1263,产教融合垂类问题,文本,产教融合型企业参与现代产业学院建设有哪些激励措施和政策支持？,产教融合型企业参与现代产业学院建设可获得多方面激励措施和政策支持：在制度保障方面，国家层面出台《现代产业学院建设指南》等政策文件，明确建设方向、功能定位和考核要求；省级层面制定实施方案和指导意见，校级层面出台建设方案和实施细则，形成三级政策供给格局。在权益保护方面，健全知识产权保护机制，通过协议明确知识产权归属和权益分配方式，设立专门知识产权管理部门。在人才支持方面，发挥职业院校专业、师资、技术优势，为企业员工提供技能培训、创新能力培养、数字素养提升等多元化职后培训。在评价激励方面，修订教师考核评价制度，提高应用性研究与技术服务等项目在职称评审中的权重，引导教师围绕企业实际需求开展科研。,
1264,产教融合垂类问题,文本,请解释现代产业学院在产教融合中的作用，并阐述其与传统校企合作模式的区别。,"现代产业学院是高职院校与产业深度融合的重要载体，旨在通过共建、共享、协同育人、协同创新，实现人才培养与产业发展的高度匹配。与传统校企合作模式相比，现代产业学院具有以下区别：
1. **深度融合程度更高**：传统合作多为订单培养、实习基地等，而现代产业学院涉及课程体系、教学资源、科研平台等全方位融合。
2. **参与主体更广泛**：现代产业学院通常由龙头企业牵头，联合多家企业、行业协会、科研机构共同参与，形成产业共同体。
3. **目标导向更明确**：现代产业学院以产业发展需求为导向，聚焦新兴产业、战略性产业，培养高素质技术技能人才。
4. **运行机制更完善**：现代产业学院建立理事会等治理机制，实现产学研用深度协同，确保学院可持续发展。",
1265,产教融合垂类问题,文本,如何评估高职院校产教融合的有效性？请基于本文内容，构建一个包含一级、二级和三级指标的简要评估框架。,"根据本文，高职院校产教融合有效性评价可构建如下框架：
**一级指标：** 产教融合支持有效性、产教融合过程有效性、产教融合产出有效性。
**二级指标：**
*   **产教融合支持有效性：** 制度支持、经费支持、平台支持。
*   **产教融合过程有效性：** 专业设置、协同育人、试点改革、学生实习、教师实践。
*   **产教融合产出有效性：** 培养质量、协同创新、社会服务、满意度、影响力。
**三级指标：** (选取部分示例)专业设置调整、专业产业匹配度、培养方案制定、学生就业创业率、教师企业实践、技术服务经费、行业企业满意度等。",
1266,产教融合垂类问题,文本,针对高职院校产教融合中“教师参与产教融合的技术话语权不高、能力水平不足、精力时间不够”的问题，请提出三条改进建议。,"针对高职院校教师在产教融合中面临的挑战，提出以下改进建议：
1.  **加强教师企业实践能力培训：** 建立常态化的教师企业实践培训机制，通过企业见学、挂职锻炼、项目合作等方式，提升教师对产业发展趋势和企业需求的了解，增强其技术话语权。
2.  **完善教师参与产教融合的激励机制：** 建立与产教融合贡献相挂钩的职称评定、绩效考核、薪酬分配等激励制度，鼓励教师积极参与企业项目、技术攻关等活动。
3.  **优化教师工作时间安排：** 减轻教师行政负担，合理安排教学任务，为教师参与产教融合活动提供充足的时间和精力保障。",
1267,产教融合垂类问题,文本,请阐述“双师型”教师在产教融合中的重要性，并说明如何培养和引进双师型教师。,"“双师型”教师，即既有扎实的理论知识，又具备丰富的实践经验的教师，是产教融合的关键要素。其重要性体现在：
1.  **提升教学质量：** 双师型教师能够将最新的产业技术和实践经验融入教学内容，使教学更贴近实际，提高学生的实践能力。
2.  **促进产学研合作：** 双师型教师能够更好地与企业开展合作，共同进行技术研发和创新，推动产学研深度融合。
3.  **培养高素质人才：** 双师型教师能够培养出既具备理论知识，又具备实践技能的高素质技术技能人才，满足产业发展需求。
培养和引进双师型教师的措施包括：
*   **校企合作培养：** 鼓励教师到企业实践锻炼，参与企业项目，提升实践能力。
*   **企业专家授课：** 聘请企业技术专家到学校授课，分享实践经验。
*   **引进高层次人才：** 积极引进具有丰富实践经验的企业技术专家和行业领军人才。",
1268,产教融合垂类问题,文本,高职院校产教融合有效性评价中，哪些指标处于低位低阶段，需要着力完善？,"高职院校产教融合有效性评价中，以下指标处于低位低阶段，需要着力完善：
1.  科技成果水平
2.  国际影响力
3.  技术服务经费
4.  教师教学能力
5.  学生技能水平",
1269,产教融合垂类问题,文本,构建高职院校产教融合能力评价指标体系时，应从哪些核心维度进行考量？,"根据产教融合的内涵与特征，高职院校产教融合能力评价指标体系通常包含三个核心维度：
1. **组织能力**：指高职院校实施产教融合战略所具备的基础性、内生性资源和条件。它分为显性条件（如综合实力、专业设置、师资力量、办学经费）和隐性条件（如办学理念、制度设计、治理水平、文化特质），是产教融合的基础支撑。
2. **场域能力**：指高职院校建构产教融合场域，推进各参与方资源整合、业务协作和资本增值的能力。它具体包含资源整合能力（如合作企业数量与质量）、业务协作能力（如人才共育、队伍共建、资源共建）以及资本增值能力（如人才培养增值、知识技术增值、产教融合水平）。
3. **动态能力**：指高职院校适应环境变化及主动创造市场变革的能力。它分为客观适应能力（如专业动态调整、教学安排调整、多元评价机制）和主观创造能力（如主动激励机制、牵头制定行业标准、主动发展业绩）。",
1270,产教融合垂类问题,文本,在产教融合的场域中，高职院校如何提升自身的“巧实力”？,"在产教融合场域中，高职院校要提升“巧实力”，不能仅靠“硬实力”和“软实力”，必须着力增强场域能力和动态能力：
1. **增强场域能力**：这是高职院校在复杂博弈中构建优势的关键。具体路径包括：
   - **提升资源整合能力**：通过优化组织架构和决策机制，集聚政、校、行、企、研各方资源，实现资源的优化配置。
   - **提升业务协作能力**：深化校企合作，从浅层的岗位实习向深度的协同育人、协同创新转变，建立长效合作机制。
   - **提升资本增值能力**：以多方共赢为目标，利用市场化手段将各方投入转化为实际价值，实现知识、人才、技术的增值。
2. **增强动态能力**：这是高职院校适应和引领产业发展的关键。具体路径包括：
   - **客观适应能力**：建立灵活的动态调整机制，根据产业变化和企业需求，及时调整专业设置、培养方案和教学安排。
   - **主观创造能力**：从产业的“跟随者”转变为“早期采用者”甚至“创新者”，通过牵头制定行业标准、开展社会公益服务等主动举措，引领产业发展。",
1271,产教融合垂类问题,文本,高职院校在建设产教融合能力时，应采取哪些具体策略来夯实基础？,"高职院校在建设产教融合能力时，应采取以下策略夯实基础：
1. **分类发展，扬长补短，提升显性能力**：
   - **“国双高”院校**：应加强校际协作，建设职教联盟，带动中西部院校共同发展。
   - **“省双高”院校**：应明确战略中心，夯实校地合作，争取专项支持，实现差异化特色发展。
   - **其他院校**：应立足自身禀赋，在特定区域或行业内寻求突破，避免盲目补齐短板。
2. **机制突破，文化沁润，提升隐性能力**：
   - **理念创新**：树立服务型办学定位，将高职教育与区域发展、终身教育相结合。
   - **治理体系完善**：构筑政、校、行、企多主体共治格局，健全以章程为引领的制度体系。
   - **文化培育**：营造开放办学氛围，通过“企业家进课堂”等活动增进校企文化融合。",
1272,产教融合垂类问题,文本,产教融合能力的评价工具设计应包含哪些主要评价方式？,"产教融合能力的评价工具设计主要包含以下评价方式：
1. **数据采集**：利用高等职业院校人才培养工作状态数据采集与管理平台、质量年度报告等渠道获取客观数据。
2. **资料查阅与文件佐证**：对成果性指标（如校企双元开发课程数、教材数）进行填报审核，提供佐证材料。
3. **报告评估**：要求被评价单位提供分析报告、制度清单及执行情况总结，由专家组评定赋分。
4. **问卷调查与网络访谈**：针对满意度观测点（如用人单位满意度、合作企业对学校满意度），设计测评表进行抽样调查。
5. **现场走访**：通过实地考察核实产教融合的实际开展情况。",
1273,产教融合垂类问题,文本,请解释现代产业学院在深化产教融合中的作用，并阐述其与传统校企合作模式的主要区别。,现代产业学院是深化产教融合的重要载体，它突破了传统校企合作“订单培养”的局限，强调学校、企业、科研机构等多方深度参与，共同构建人才培养、技术创新、成果转化和产业服务一体化的平台。区别在于：传统校企合作往往是“点”的合作，针对特定专业或项目；而现代产业学院是“面”的融合，围绕产业发展需求，整合学校资源和企业资源，形成长期稳定的合作关系。产业学院更注重共建课程体系、共聘师资队伍、共建实践基地、共研创新项目，实现人才培养与产业发展深度融合。,
1274,产教融合垂类问题,文本,国家级市域产教联合体建设有哪些关键要素？请从组织架构、运行机制和人才培养三个方面进行阐述。,国家级市域产教联合体建设的关键要素包括：1. 组织架构：需建立由政府、企业、学校和科研机构等多方参与的理事会（董事会），明确各方权责，形成稳定的决策机制。2. 运行机制：强调实体化运作，明晰法人地位属性，健全组织结构，完善内部管理制度，确保产教融合项目有效实施。3. 人才培养：围绕区域产业发展需求，共同制定人才培养方案，创新人才培养模式，加强师资队伍建设，提升人才培养质量，促进人才链与产业链的有机衔接。,
1275,产教融合垂类问题,文本,如何理解“四链”有机衔接在产教融合中的重要性？请结合当前职业教育发展趋势进行分析。,"""四链""（教育链、人才链、产业链、创新链）有机衔接是深化产教融合的核心目标。教育链通过人才培养输送人才给产业链，人才链是连接教育链和产业链的关键，创新链则为产业链提供技术支撑和发展动力。当前职业教育发展趋势是向高质量、应用型方向转型，强调培养适应产业发展需求的高素质技术技能人才。因此，实现“四链”有机衔接，能够有效解决职业教育与产业发展脱节的问题，提升人才培养的针对性和有效性，促进产业升级和创新发展。",
1276,产教融合垂类问题,文本,产教融合型企业在推动职业教育高质量发展中扮演什么角色？政府在培育产教融合型企业方面有哪些支持政策？,产教融合型企业是职业教育产教融合的重要主体，它们承担着人才培养、技术创新、成果转化和提供实践教学基地的多重职责。它们通过与职业院校合作，参与课程开发、师资培训、实训基地建设等，提升人才培养的质量和针对性。政府在培育产教融合型企业方面，通常会提供以下支持政策：1. 资金支持：提供项目补贴、税收优惠等。2. 政策支持：简化企业认定流程，提供政策咨询服务。3. 平台支持：搭建产教融合交流合作平台，促进企业与院校之间的合作。4. 人才支持：鼓励企业引进和培养高层次人才。,
1277,产教融合垂类问题,文本,请设计一份高职院校提升产教融合水平的年度工作重点，包含至少四个方面，并简要说明每个重点的实施策略。,"高职院校提升产教融合水平的年度工作重点：
1. **深化校企合作，共建实践基地**：实施策略：建立校企合作长效机制，定期举办校企对接会，共建高水平的实训基地和实习基地，确保学生有充足的实践机会。
2. **创新人才培养模式，推行“产学研”合作**：实施策略：引入企业专家参与课程开发，开展“订单培养”和“现代学徒制”，鼓励教师到企业实践，促进科研成果转化。
3. **加强师资队伍建设，打造“双师型”教师队伍**：实施策略：组织教师到企业进行实践学习，邀请企业工程师到学校授课，鼓励教师参与企业项目，提升教师的实践能力和行业经验。
4. **完善质量评估体系，提升产教融合效果**：实施策略：建立产教融合效果评估指标体系，定期对产教融合项目进行评估，根据评估结果进行改进，确保产教融合取得实效。",
1278,产教融合垂类问题,文本,请简述职业教育产教融合的内涵特点，并结合高质量发展背景分析其新趋势。,职业教育产教融合的内涵特点体现为一体化的融合发展关系，依赖各主体实际有效的深层嵌入，形成关系融合网络。其本质是职业教育的再社会化，为学习者提供跨界学习的资源、制度、理念、文化、形式，促进知识融合和技术技能形成。高质量发展背景下呈现三个新特点：一是重视科学指导与技术创新的引领作用，突出科技创新与成果转化的战略地位；二是强调多元办学体制机制的规范作用，确立'校政行企'四方联动机制，从校企'点对点'向'点与面'跃升；三是树立全局意识的统领作用，依托教育链与产业链紧密耦合，形成以新兴产业变革与技术创新为愿景的发展机制。,
1279,产教融合垂类问题,文本,如何理解职业教育产教融合中'政产学市'四大核心要素的联动机制？请结合实践案例说明其运作逻辑。,'政产学市'是产教融合的核心要素，分别代表政府、行业企业、职业院校和市场。政府负责宏观引导与政策制定，行业企业提供市场需求信号并参与教育过程，职业院校承担人才培养与科研创新功能，市场作为最终目的和出发点。联动机制体现为：政府通过政策引导资源合理配置，企业凭借市场洞察指导专业设置，院校实施教育教学，市场反馈需求形成闭环。例如，市域产教联合体以产业园区为基础，通过多元主体理事会决策，实现人才培养、生产与科技创新一体化；行业产教融合共同体由龙头企业牵头，联合上下游企业、科研机构等，促进产教资源跨区域汇聚，提升服务全行业发展能力。,
1280,产教融合垂类问题,文本,设计一份高职院校提升产教融合水平的年度工作重点方案，需涵盖办学模式创新、人才培养改革和资源整合三个维度。,"高职院校提升产教融合水平的年度工作重点方案：
1. 办学模式创新：
   - 推进现代产业学院建设，引入龙头企业共建混合所有制产业学院，实现治理体系多元化、服务面向产业化；
   - 申报产教融合型企业，争取政策支持，将生产经营与人才培养功能深度融合；
   - 构建市域产教联合体，依托产业园区成立多元主体理事会，推动产教协同规划。
2. 人才培养改革：
   - 建立'双师型'教师培养机制，要求教师定期赴企业实践，同时聘请企业技术骨干担任兼职教师；
   - 推行'岗课赛证'综合育人模式，将岗位需求、课程标准、技能竞赛与职业证书有机衔接；
   - 开发模块化课程体系，联合企业制定教学标准，实现课程内容与职业标准对接。
3. 资源整合：
   - 建设产教融合一站式管理平台，整合专业教学、企业实践、科技创新等功能；
   - 推动链式生态协作，与产业链上下游企业共建实训基地，共享设备、技术等资源；
   - 加强政策争取，在经费、税收等方面争取倾斜，完善产教融合激励机制。",
1281,产教融合垂类问题,文本,分析职业教育产教融合对产业转型升级的支撑作用，并说明其如何通过人才链助推产业链升级。,"职业教育产教融合对产业转型升级的支撑作用体现在三方面：
1. 人才支撑：通过产教协同规划、校企共担育人责任，动态调整人才结构，培养适配产业链需求的高素质技术技能人才，解决创新产能不足问题；
2. 技术支撑：依托产教融合共同体促进技术研发与成果转化，提升产品技术附加值，增强产业竞争效能；
3. 制度支撑：通过产教融合型企业、产业学院等新型组织形态，推动教育链与产业链紧密耦合，形成以技术创新为愿景的发展机制。
人才链助推产业链升级的逻辑在于：职业教育立足全产业链需求，重构人才培养新格局，通过'人才育用衔接'机制，将人才供给精准对接产业岗位能力需求，同时促进企业保持市场竞争力。例如，行业产教融合共同体通过跨区域汇聚资源，实现产教布局高度匹配，支撑全行业技术迭代与产业升级。",
1282,产教融合垂类问题,文本,在产教融合背景下，职业院校如何解决高技能人才进入教师队伍的路径不畅问题？,"针对高技能人才进入职业院校的路径不畅，应通过以下制度设计打通瓶颈：
1. **实施实践教学教师资格证书制度**：建立基于技能和技艺的遴选条件，降低对学科学术能力及学历的要求，借鉴英国和澳大利亚的经验，为只有行业和企业经验的能手提供基于能力的教师资格课程体系认证。
2. **建立专业实践教学教师培训制度**：开发师德师风和实践教学能力培训包，对高技能人才进行专门的职业教育理论和教学实践培训，考核合格后核发教师资格证书。
3. **建立校企高技能人才双向交流机制**：规定实践教学教师在5年工作周期后，需回企业一线连续工作3-6个月，以更新知识和技能，保持技术领先，同时支持企业设立""候鸟型""高技能人才服务于职业院校。",
1283,产教融合垂类问题,文本,应用型高校在产教融合型教师培养体系中应扮演什么角色？,"应用型高校应成为职教师资培养的主力军，构建开放型培养体系。具体措施包括：
1. **优化专业学位研究生教育**：在专业学位下增设职业技术教育方向，采用""专业教育+职业教育""的主辅修制，增强人才培养的适用性。
2. **强化实践能力培养**：在培养过程中，确保研究生到企业实践顶岗工作至少一个学期，增强专业实践能力，使毕业生能更好地适应职业教育教学。
3. **培养复合型人才**：在原有专业体系外融入职业教育教学能力培养，增加职业教育教学实践环节，使毕业生具备从事职业教育的知识和技能。",
1284,产教融合垂类问题,文本,当前职业院校“双师型”教师队伍建设存在哪些主要困境？,"当前职业院校“双师型”教师队伍建设主要面临三大困境：
1. **职前培养不足**：职教专硕培养规模小，无法满足职业教育需求；职教专硕人才培养定位不准确，与企业需求不匹配，且企业实践环节薄弱，导致毕业生专业知识和技能滞后。
2. **高技能人才进入路径不畅**：存在政府、学校、企业、个人四个层面的障碍，如企业不愿放、学校请不到、个人不愿教等，且产业教师（导师）到校兼职任教的体制机制不明确。
3. **重在职培训轻学历提升**：虽然教师培训体系完善，但缺乏体系化的在职学历提升政策，在职教师提升学历的通道狭窄，难以从根本上提升教师队伍的整体素质。",
1285,产教融合垂类问题,文本,如何通过产教融合为“双师型”教师队伍建设提供可持续发展保障？,"通过产教融合为“双师型”教师队伍建设提供保障的关键在于构建开放体系和建立双向流动机制：
1. **建设开放型培养体系**：吸引应用型高校加入职教教师培养体系，扩大培养规模，通过校企合作强化实践能力培养。
2. **建立校企双向流动机制**：打通“旋转门”，支持企业技术和管理人才到学校任教，鼓励学校教师到企业实践，确保教师队伍的技术水平与时代同步。
3. **完善企业实践基地建设**：通过国家级、省级到校级的三级企业实践基地建设，形成资源共享网络，为教师提供稳定的企业实践平台。",
1286,产教融合垂类问题,文本,请简述我国高职教育产教融合的主要政策支持方向。,我国高职教育产教融合的政策支持方向主要包括：落实政策支持，提供产教融合制度保障；调整专业结构，深化产教融合发展方向；加强技术创新，转变产教融合培养理念；兼顾区域差异，促进产教融合协调发展。这些政策旨在通过制度保障、专业优化、技术创新和区域协同，提升产教融合水平，服务区域经济高质量发展。,
1287,产教融合垂类问题,文本,如何构建高职教育产教融合的评价指标体系？,构建高职教育产教融合评价指标体系需从高职教育发展系统和产业发展系统两方面入手。高职教育发展系统包括培养过程（经费投入、师资投入、企业投入）和培养成效（学生满意度、就业水平）两大维度；产业发展系统包括产业规模、产业质量、产业效益、产业可持续四大维度。通过熵值法确定各指标权重，采用耦合协调度模型综合评价产教融合发展水平。,
1288,产教融合垂类问题,文本,分析产业结构高级化对高职教育产教融合的负面影响及其原因。,产业结构高级化对高职教育产教融合发展水平具有显著负向影响。原因在于产业结构高级化对高职院校新技术应用型人才培养提出了更高要求，而现有高职院校的高技能人才培养体系难以完全满足产业升级需求，导致教育与产业发展失衡。这种失衡反映了高职教育在技术创新和人才培养模式上与产业发展的脱节。,
1289,产教融合垂类问题,文本,为高职院校设计一份提升产教融合水平的年度工作重点方案。,高职院校提升产教融合水平的年度工作重点方案包括：1. 加强'双师型'教师队伍建设，提升教师实践能力；2. 深化产业学院建设，推动校企协同育人；3. 调整专业结构，对接区域产业需求；4. 增加企业投入，共建实践教学资源；5. 提升技术创新水平，促进科研成果转化；6. 优化毕业生就业服务，提高本省就业率；7. 加强政府政策对接，争取制度保障。,
1290,产教融合垂类问题,文本,技术创新水平如何影响高职教育产教融合发展？,技术创新水平对高职教育产教融合发展具有显著正向影响。一方面，技术创新是产业发展的第一动力，提升产业整体效益和竞争力；另一方面，技术创新推动高职院校提升新技术应用型人才培养质量，而技术创新能力是衡量人才培养质量的重要标准。因此，加强技术创新能力建设是促进产教深度融合的关键路径。,
1291,产教融合垂类问题,文本,"你好，请根据以下信息生成职位描述：
职位：SEO谷歌优化
学历：本科
经验：1-3年","岗位名称：SEO谷歌优化
学历要求：本科
工作经验：1-3年
岗位要求：
岗位职责：
1、负责公司海外网站的SEO优化工作，涵Google等主要海外搜索引擎，制定包括关键词研究，内容优化和技术优化，提升网站在Google等国际搜索引擎的排名，对SEO效果负责。
2、执行网站内部优化，包括内容、架构、内链和代码优化，网站开发中的SEO审核与咨询，提升网站用户体验和各大搜索引擎可见度。
3、评估、分析、维护并拓展关键词，制定并实施页面关键词布局方案，提升网站搜索排名和自然流量。
4、负责外部链接的建设，拓展并维护优质外链资源，提升网站流量及权重。
5、跟踪分析SEO相关数据，监控流量、排名和转化率，用户行为，定期输出数据报告并基于数据调整优化方案。
6、沟通协作，与设计、运营协作，推动SEO策略实施。指导并优化网站内容，确保内容质量高、相关性强、易于搜索引擎收录，同时吸引并留住目标受众。
8、研究分析竞争对手，掌握行业竞争动态，优化提升SEO效果。
任职要求:
1、4年以上独立操盘GoogleSEO经验，有成功网站排名和流量的案例。
2、精通 Google SEO原理、算法及最佳实践;熟练使用SEO工具GA， GSC， Ahrefs， SEMrush等；
3、英语流利，具备多语言SEO网站优化经验者优先。
4、具有强大的数据分析能力，能够解读复杂数据并转化为可执行的策略，思维清晰而有条理。
5、工作积极主动、细心、踏实，出色的沟通能力。",
1292,产教融合垂类问题,文本,写一个招聘启事，岗位是大模型算法工程师，要求硕士毕业，有经验不限相关经验。,"岗位名称：大模型算法工程师
学历要求：硕士
工作经验：经验不限
岗位要求：
基本介绍
     随着智能时代的到来，行业数字化正在加速网络自动化、智能化的进程。公共开发部发挥全栈AI和算网存（算⼒、⽹络、存储）融合创新优势，打造领先世界的ADN（⾃动驾驶网络）及企业运维产品与解决方案，规划和构建ICT软件公共能⼒，打造先进的嵌入式、云化、AI和大数据软件平台和能力中心，做强软件生态，支撑ICT商业成功。
      我们将人工智能（AI)、大数据（Big Data）、云计算（Cloud）等融入下一代智能软件系统，用智能点亮ICT。
       加入我们，和数千人研发团队、数百名技术专家、数十所全球研究所共同见证智能世界的无限可能，携手锻造创新能力强、软件能力强、AI能力强的研发队伍。
招聘岗位
1. 多模态大模型方向：
   •构建ICT场景多模态基础模型（网络运维/故障诊断/资源调度）
   · 突破跨模态对齐、生成式推理、动态知识演化等关键技术
   · 研发下一代智能交互核心引擎
2. 算法研发方向：
   · 深耕计算机视觉（目标检测/图像分割/3D重建）
   · 探索自然语言处理（对话系统/知识图谱/大模型优化）
   · 攻坚决策智能（强化学习/运筹优化/自动驾驶算法）
技术栈期待 •多模态方向：Transformer/Diffusion/NeRF/LLM等相关经验 •算法方向：CV/NLP/RS/SLAM等领域的深度实践 •工具要求：精通PyTorch/MindSpore，有昇腾/GPU分布式训练经验者优先 •学术背景：在CVPR/ICCV/ICML/NeurIPS/ACL等顶会发表论文者优先",
1293,产教融合垂类问题,文本,来一份AI架构师的岗位介绍。学历本科，经验5-10年。,"为您生成了一份AI架构师的招聘详情：
**我们正在寻找一位AI架构师！**
* **我们希望您拥有：** 本科学历以及5-10年的相关工作经验。
* **您将负责：**
【岗位职责】
1.充分理解业务战略，参与顶层设计
2.协助部门推进业务模式由原来的人控模式快速演进到以科技平台为支撑的系统驱动模式
3.设计AI平台技术架构，构建多模块集成能力，规划GPT语义引擎、情绪识别与推荐系统结构
4.推动模型部署、版本迭代与算力效率提升
5.推进数据、算法、模型等板块的整合，推进核心AI引擎能力上线
6.确保AI模块与产品、平台系统良好对接
【任职要求】
1.本科及以上学历，5年以上技术管理经验，2年以上AI行业解决方案或AI算法架构研发从业经历，具备较强的业务需求分析能力，能快速理解业务逻辑，准确识别业务痛点并转化为平台化的技术需求。
2.精通Python语言
3.AI算法技术能力扎实，熟悉常见的机器学习、深度学习算法原理和应用场景，精通大模型架构、微调、推理优化与部署管理
4.精通语音识别、意图识别、图文生成、智能对话系统、推荐、撮合、预测、模拟等场景的核心算法
5.有较强的系统思维与工程化落地能力，能独立完成平台架构方案的设计与评审
6.学习能力突出，能主动追踪业界前沿的AI技术和平台架构理念，将技术融入平台建设
7.具备用户价值导向、运营价值导向思维
8.熟悉其他技术板块优先，例如工程化、大数据、区块链领域，有大健康/体重管理服务类行业经验优先
9.能拥抱变化、接受挑战，完成部门交办的其他事务",
1294,产教融合垂类问题,文本,为python开发工程师这个职位生成岗位职责和任职要求。基本情况：学历本科，经验：3到5年。,"根据您的要求，python开发工程师的岗位职责和任职要求如下：
**职位名称：** python开发工程师
**硬性要求：** 本科, 3-5年
**工作描述：**
岗位职责：
• 负责基于 Python 的爬虫发，采集和处理大量数据，保证数据质量和采集效率；
• 根据需求搭建和优化 AI 项目，包括数据预处理、模型训练与部署。
·设计和实现高效、可扩展的Python系统架构，确保系统的稳定性和可维护性。
·熟悉机器学习全流程，包括数据预处理、特征工程、模型训练、评估和优化。
·精通AI、机器学习、自然语言处理(如NLP或GPT)等基础知识
• 参与后端系统的设计与开发，使用 Python 编写高效的服务端逻辑；
• 编写高质量的代码，进行单元测试、性能调优和代码复审；
• 与团队成员紧密合作，解决技术难题，并持续优化现有系统；
岗位要求：
·本科及以上学历，计算机科学、软件工程、人工智能或相关专业，3年及以上python开发工作经验； 
·掌握至少一种AI编程语言能力，如Python等，熟悉OpenAI、DeepSeek、Qwen大模型的运用
• 扎实的 Python 编程基础，熟悉常见的开发框架（如 Flask、FastAPI 等）；
• 具备爬虫开发经验，能够熟练使用 Scrapy、BeautifulSoup、Selenium 等爬虫工具；
• 熟悉机器学习/深度学习框架（如 TensorFlow、PyTorch 等），有 AI 项目开发经验者优先；
• 熟悉 Linux 操作系统和常用开发工具，能够高效使用 Git 进行版本控制；
• 良好的团队合作能力，沟通能力和自我驱动力，能够独立解决问题，乐于对前沿技术的钻研；
加分项：
• 有大规模数据爬取和处理经验，了解反爬虫机制；
• 有 AI 项目相关实践经验，特别是在模型部署、性能优化等方面；
• 有使用 Docker、Kubernetes 等容器化技术的经验；",
1295,产教融合垂类问题,文本,请生成大模型算法工程师的岗位描述，用于招聘。要求：3-5年经验，本科学历。,"当然，这是关于“大模型算法工程师”的职位介绍：
* **职位名称：** 大模型算法工程师
* **基本要求：** 本科学历, 3-5年经验
* **具体职责：**
位职责：
1. 设计并优化大模型（如DeepSeek、LLaMA）应用解决方案，覆盖需求分析、实现与性能调优‌；
2. 负责模型训练、调优、部署及维护，保障生产环境高效运行与可扩展性‌；
3. 优化相关算法，提升模型在NLP/CV/语音等领域的性能与效率‌；
4. 根据业务场景调整模型架构与参数，平衡精度、速度及资源利用率‌；
5. 与产品、研发、运营团队协作，推动项目从概念验证到落地实施‌。
任职要求：
1. 计算机科学、人工智能等相关专业本科及以上学历‌；
2. 3年以上深度学习研发经验，具备大模型实战经验优先‌；
3. 精通Python，熟悉Java或其他编程语言‌；
4. 熟练使用TensorFlow/PyTorch等框架及分布式训练‌；
5. 熟悉大模型架构（Transformer、GPT、BERT等）及实际应用场景‌；
6. 掌握CUDA、TensorRT等GPU加速技术，具备硬件性能优化能力‌；
7. 团队协作能力强，适应技术快速迭代，主动探索新技术（如联邦学习、AutoML）‌。",
1296,产教融合垂类问题,文本,我需要一个AI算法工程师的职位描述（JD），候选人需要有6个月的工作经验和本科学历。,"好的，请查阅这份AI算法工程师的职位描述：
**基本信息：**
* 岗位：AI算法工程师
* 学历：本科
* 经验：6个月
**详细描述：**
职位描述：
1.大言模型构建与微调：基于一手电商特点，构建和微调大语言模型，支持一手零售业务，提升系统智能化水平。具备SFT经验，预训练（pretrain）、强化学习（reinforcement learning）经验者优先。
2.知识问答系统优化：基于RAG技术，提升低幻觉知识问答的效果，增强AI导购和营销效率，优化用户体验。
3.AI Agent系统构建：探索并构建以大语言模型为核心的AI Agent系统，推动智能决策，实现处理策略和流程的自动化编排，接入线上系统。
4.自然语言处理应用：支持实体抽取、语义理解、文本生成、文本表征等场景，构建一手电商穿搭和导购相关知识库。
5.图像处理应用：支持图像理解、图像分割、图像生成等场景，推动图像处理技术的应用落地。
职位要求：
1.学历要求：本科及以上学历，计算机、人工智能、自然语言处理、机器学习等相关专业。
2.工作经验：1年以上大语言模型相关工作经验，具备SFT、RAG、AI Agent等技术的落地经验。NLP与深度学习基础：掌握传统NLP、深度学习算法，具备相关实战经验；有开源社区贡献或大规模应用经验者优先。
3.大模型相关经验：具有大规模预训练、微调（fine-tuning）、强化学习（RLHF）等经验者优先；能够根据学术论文复现模型者优先。
4.能适应高强度的工作节奏。
团队介绍： 我们的团队致力于打造基于大语言模型的创新应用，探索AI技术的无限可能。在这波AI技术快速发展的浪潮中，我们诚邀您加入，推动技术创新，塑造行业领先的AI应用产品。您将接触到前沿技术，参与最具挑战性的项目，助力公司在智能技术领域保持领先。",
1297,产教融合垂类问题,文本,为自然语言处理工程师这个职位生成岗位职责和任职要求。基本情况：学历本科，经验：经验不限。,"**【招聘岗位】** 自然语言处理工程师
**【任职要求】**
* **学历：** 本科
* **经验：** 经验不限
**【岗位介绍】**
岗位主要职责： 
1.参与语音及自然语言处理相关的研发工作； 
2.参垂直领域(例如金融，健康等)的知识图谱流程化建设； 
3.负责面对业务场景的语音及NLP相关SOTA模型的开发，测试，部署及运维和优化； 
4.根据客户需求快速构建语音及NLP相关的解决方案及参与项目实施； 
5.完成参与的语音及NLP相关研发工作的文档及知识产权(例如专利等)撰写； 
6.跨区域(广州-香港)协同工作。 
任职要求: 
1.计算机，软件工程，信息技术，电气电子工程等领域相关专业本科及以上学历； 
2.至少熟练使用一门编程语言例如Java， Python， JavaScript/Nodejs， Go等 
3.掌握机器学习，深度学习等基础知识； 
4.具有语音识别或自然语言处理等项目开发经验； 
5.至少熟练使用一种深度学习框架例如Tensorflow或PyTorch等； 
6.有情感计算，认知计算及知识图谱等领域的实际开发及工程实施经验优先； 
7.有较强的分析问题解决问题的能力，快速学习者； 
8.有责任心，工作踏实认真，有团队合作精神。",
1298,产教融合垂类问题,文本,写一个招聘启事，岗位是大模型研究员，要求学历不限毕业，有经验不限相关经验。,"好的，请查阅这份大模型研究员的职位描述：
**基本信息：**
* 岗位：大模型研究员
* 学历：学历不限
* 经验：经验不限
**详细描述：**
1. 负责自动驾驶大模型研发和落地工作，包括但不限于大规模模型pre-training，post-training，精通强学习者优先；
2. 负责模型的研发、优化与维护，涵盖数据准备、模型训练、参数调优等全⽅位⼯作；
3. 深⼊探究人工智能前沿技术，推动模型在泛化、推理、性能和效率等关键技术指标上的持续进步，技术探索
职位要求
1. 拥有计算机科学、数学、物理、⼈工智能或自然语言处理等相关领域的硕士或更高学位；
2. 扎实的编程基础、数理基础和预研能力
3. 能够设计达到业界先进的算法，根据项目需求，完成算法的设计、验证和优化，有NLP/ML顶会发表经验者优先；
4. 有较强的综合工作能力，了解上下游服务，基于所处的算法模型工作，能够配合上游拉通数据，协同下游应用的具体业务场景落地；
5. 有较强的创新能力，持续跟踪研究大模型领域最前沿的算法模型，应用到部门产品中，有丰富的大模型开发实践交付经验者优先；",
1299,产教融合垂类问题,文本,如果我要招聘一个大模型算法工程师，要求是硕士和1-3年，职位描述应该怎么写？,"根据您的要求，大模型算法工程师的岗位职责和任职要求如下：
**职位名称：** 大模型算法工程师
**硬性要求：** 硕士, 1-3年
**工作描述：**
岗位职责：
    1、负责大模型(视觉或语言)的预练开发和调优工作；
    2、负责大模在具体业务场景的适配和应用，如fine-tuning、prompt设计等；
    3、负责大模型的推理优化和应用部署，如压缩量化、推理加速等。
    4、负责Deepseek+RAG的知识库系统底层开发。
任职要求：
    1、硕士及以上学历，985/211院校毕业优先。计算机相关专业，熟悉深度学习、计算机视觉、自然语言处理等领域的专业知识，具有2年以上工作经验；
    2、熟悉Transformer、RAG等模型，对大模型的数据处理及训练技术有深入理解；
    3、熟悉Pytorch/Tensorflow深度学习框架，至少掌握Python或C++其中一种编程语言；
    4、熟悉常见的强化学习算法原理(如DQN、DDPG、A3C、PPO等)，有相关训练和开发经验者优先；
    5、具有TensorRT、ONNX推理优化和部署经验者优先；
    6、曾发表论文者优先。",
1300,产教融合垂类问题,文本,来一份算法工程师的岗位介绍。学历本科，经验3-5年。,"当然，这是关于“算法工程师”的职位介绍：
* **职位名称：** 算法工程师
* **基本要求：** 本科学历, 3-5年经验
* **具体职责：**
工作责：
 1. 理解工业场景，如订单预测、物料需求预、设备预测性维护、设备参数趋势预测等。 
2. 与研发、生产、品质、采购、计划、物流等各业务部门密切合作，深入挖掘和分析业务数据。
 
3. 分析和清洗工业数据，运用统计学和机器学习方法构建数学模型，解决实际问题。 
4. 实现业务与算法的融合，负责算法模型项目的开发和落地。
 岗位要求：
 1. 本科及以上学历，数学、统计、计算机等相关专业，3年以上数据挖掘工作经验。 
2. 具备扎实的统计学、机器学习和深度学习基础；能够熟练使用统计学、机器学习和深度学习方法解决业务问题。 
3. 熟练掌握至少一种高级编程语言，如Python、Java或C++，熟悉常用算法框架如scikit-learn、Pytorch、Tensorflow和Java ML，熟悉copilot等AI工具。 
4. 熟练掌握大数据框架和相关工具，如Spark、Hadoop及其生态工具。 5. 熟练掌握复杂的数据库应用。 
6. 具备良好的沟通和自我驱动力，对业务有良好的数据化思维能力，抗压能力强 
7.有制造业AI算法落地经验
应用于设备：锡膏印刷机、贴片机、回流焊炉、AOI检测设备、AVI、X-RAY测试设备 
实现的AI场景：工艺优化、设备预测性维护、数字孪生、智能排产、需求预测等 
AI技术：机器学习、回归、分类、聚类、关联分析等算法 regression、random forest、lightGBM、kmeans、Apriori等",
1301,产教融合垂类问题,文本,写一个招聘启事，岗位是自然语言处理算法工程师，要求硕士毕业，有经验不限相关经验。,"当然，这是关于“自然语言处理算法工程师”的职位介绍：
* **职位名称：** 自然语言处理算法工程师
* **基本要求：** 硕士学历, 经验不限经验
* **具体职责：**
一、岗位职责
1、负责人工智能应用系统的设计、开发与优化，包括但不限于数据分析、机器学习模型训练与部署、⾃然语⾔处理等。
2、参与项⽬需求分析，制定技术方案并推动落地实施。
3、解决系统开发与运行中的技术难题，持续优化系统性能。
4、编写技术⽂档，确保项目开发流程的规范性与可维护性。
5、完成上级领导交办的其他工作。
二、岗位要求
（一）工作经验：
1.具备AI、算法模型研发相关实习或实践经历；
2.有大模型研发相关工作经验者优先。
（二）教育背景：计算机科学、人工智能、软件工程或相关专业硕士及以上学历优先考虑。
（三）技能要求：
1.熟悉深度学习理论基础，如深度学习、NLP、Agent、RAG等，熟悉主流大模型及其基本原理，如GPT、BERT等；
2.熟悉常用推荐算法，如：XGBoost、SVD、DeepFM等；
3.具有较强的逻辑性，思路清晰、沟通能力佳，拥有强烈的责任心和团队合作精神；
4.具有较强的学习能力，能够跟踪相关领域的前沿技术应用。",
1302,产教融合垂类问题,文本,"你好，请根据以下信息生成职位描述：
职位：计算机视觉算法工程师
学历：本科
经验：3-5年","**【招聘岗位】** 计算机视觉算法工程师
**【任职要求】**
* **学历：** 本科
* **经验：** 3-5年
**【岗位介绍】**
位职责：
1.负责工业场景下机器视觉核心算法的研发与优化，包括图像预处理、特征提取、目标检测、缺陷识别、3D点云处理等模块。
2.针对新能源（锂电池/光伏组件）、精密电子（PCB/FPC检测）、汽车零部件（尺寸测量、表面缺陷）等行业需求，设计高精度、高鲁棒性的视觉检测方案。
3.配合硬件团队完成相机/镜头/光源选型、光学系统调试及算法落地部署，确保系统实时性与稳定性。
4.主导深度学习在工业检测中的应用，开发基于CNN、Transformer等模型的分类、分割、异常检测算法。
5.撰写算法设计文档、技术专利及标准化代码，为工程团队提供算法支持及客户现场技术攻关。
6.跟踪行业前沿技术（如小样本学习、自监督学习、多模态融合），推动算法在工业场景的迭代创新。
任职要求：
核心能力：
1.计算机/自动化/数学/电子信息等专业，硕士及以上学历（优秀本科生可放宽），3年以上工业视觉算法开发经验。
2.精通C++/Python编程，熟练使用OpenCV/Halcon/VisionPro等视觉库，掌握PyTorch/TensorFlow框架及模型压缩技术。
3.扎实的图像处理功底，精通滤波、形态学、边缘检测、模板匹配、几何变换、相机标定等传统算法。
4.具备工业检测项目全流程经验：需求分析→数据采集→算法选型→模型训练→工程落地→性能优化。
5.熟悉常用的工业相机（面阵/线扫/3D等）、镜头（远心/FA等）、光源（结构光/同轴光等）特性及选型逻辑。
行业适配加分项：
1.有新能源行业经验（如锂电池极片瑕疵检测、光伏EL缺陷分析）或汽车零部件（焊接/涂胶检测）项目背景。
2.熟悉3D视觉技术（结构光/双目/ToF）、点云配准、三维重建及高精度测量算法。
3.掌握C#/Qt等上位机开发，具备嵌入式（ARM/FPGA）算法移植经验者优先。
4.在顶会（CVPR/ICCV等）或SCI期刊发表过机器视觉相关论文，或持有发明专利者优先。
软性要求：
1.具备严谨的工程思维，能快速定位产线检测中的光学干扰、运动模糊等实际问题。
2.有强烈的技术钻研精神，能承受高压环境下的技术攻关挑战。
3.有优秀的跨部门协作能力，可清晰传达技术方案至非技术人员。
4.有良好的跨团队协作意识，能够高效对接算法、电气、机械团队完成系统联调。
 工作地点：广州
我们能为您提供：五险一金、带薪年假、年终奖金、国定节假日正常休息、供应加班餐、生日福利、节日礼品、不定期组织团建及相关活动。 
职位福利：五险一金、绩效奖金、带薪年假、年底双薪、每年多次调薪、多次晋升机会、团队气氛活泼、午休2小时 
职位亮点：五险一金、带薪年假、年终奖金、国定节假日 
公司名称
广州革睿特智能科技有限公司
上班地址
广州市-增城区-宁西街创誉路76号平安(增城)科技硅谷A3栋10楼1002室A03栋10楼1001-1005",
1303,产教融合垂类问题,文本,我需要一个数据管理与应用工程师的职位描述（JD），候选人需要有1-3年的工作经验和本科学历。,"当然，这是关于“数据管理与应用工程师”的职位介绍：
* **职位名称：** 数据管理与应用工程师
* **基本要求：** 本科学历, 1-3年经验
* **具体职责：**
岗位职责：
一.数据治理体系建设
1.参与制定数标准、数管理规则，建立主数据管理体系；
2.实施数据质量监控与清洗，推动业务部门整改数据问题；
3.参与制定数据安全策略，确保符合《数据安全法》及行业规范；
4.优化数据采集、存储、使⽤流程，推动数据治理⼯具落地；
5.参与编写数据治理⽂档，组织内部数据素养培训。
二.数据开发与应用
1.负责数据中台及BI的开发及运维；
2.参与⾯向业务目标的数据建模与数据分析工作
  a)基于ERP/MES/PS等业务系统数据，为各领域提供数据分析支持；
  b)基于业务需求，开发数据接口服务，赋能业务部门数据应用；
  c)协同业务部门，识别数据痛点，推动数据驱动的业务改进项目。
任职要求：
1.本科及以上学历，计算机相关专业，两年以上数据治理与应用开发工作经验；
2.熟悉数据治理理论与方法，具备数据治理实践能力与项目经验；
3.熟悉SQL，熟练操作至少1种主流数据库（MySQL、Oracle、PostgreSQL等）；
4.熟悉数据仓库的建模理论与维度建模等数据模型设计、开发流程；
5.责任心强、工作态度积极，具备良好的数据逻辑思维和服务意识；
6.了解制造业数据场景，具备制造业或供应链行业背景者优先；
7.熟悉大数据处理技术（Hadoop、Spark、Flink、Doris等）的优先；
8.熟悉数据治理体系（如DCMM、DAMA）的优先；
9.熟悉AI大模型原理、应用与开发的优先。",
1304,产教融合垂类问题,文本,我需要一个计算机视觉算法工程师的职位描述（JD），候选人需要有经验不限的工作经验和本科学历。,"岗位名称：计算机视觉算法工程师
学历要求：本科
工作经验：经验不限
岗位要求：
岗位职责：  
1. 参与计机视觉及深度学习相关算法的研发与优化，包括但不限于目标检测、图像割、姿态估计等任务。  
2. 基于OpenCV进行图像预处理、特征提取、数据增强等开发工作，提升算法性能。  
3. 协助搭建和训练深度学习模型，并进行模型调优与部署。  
4. 负责数据集的采集、清洗、标注及管理，确保数据质量满足训练需求。  
5. 配合团队完成算法测试、性能评估及文档撰写，推动技术落地应用。  
6. 跟踪前沿技术（如多模态学习、自监督学习等），探索创新解决方案。  
任职要求
1. 学历要求：计算机、人工智能、电子工程、自动化等相关专业本科及以上学历。  
2. 技术能力：  
   - 熟悉Python编程，掌握PyTorch/TensorFlow等深度学习框架。  
   - 熟练使用OpenCV进行图像处理（如滤波、边缘检测、特征匹配等）。  
   - 了解经典计算机视觉算法（如SIFT、SURF、YOLO、Mask R-CNN等）。  
   - 具备模型训练、调参及优化经验，熟悉常见数据增强方法。  
3. 其他要求：  
   - 良好的学习能力和团队协作精神，能阅读英文技术文档。  
   - 对AI技术有热情，逻辑清晰，具备一定的抗压能力。",
1305,产教融合垂类问题,文本,请生成AI开发工程师的岗位描述，用于招聘。要求：5-10年经验，本科学历。,"当然，这是关于“AI开发工程师”的职位介绍：
* **职位名称：** AI开发工程师
* **基本要求：** 本科学历, 5-10年经验
* **具体职责：**
工作职责：
1.主导研发处AI总体技术架设计与系统部署，构建领域知识库。
2.负责通用大模型与专用模型的训练、微调、蒸馏及跨平台部署优化。
3.构建并持续优化公司级AI智能体体系，推进多模态感知、决策与知识融合的智能体框架落地。
4.负责研发团队的技术⽅向规划与指导，建⽴⾼效的模型开发、测试与迭代流程。
5.主导自动化产线AI控制系统的算法设计与架构整合，实现生产系统智能化与⾃适应优化。
6.设计与维护AI服务层与抽象层架构，确保模型调用、知识检索与服务接口的高可用性与可扩展性。
7.推进内部AI平台的二次开发与工具链集成，加速从算法到业务场景的落地周期。
岗位要求： 
1.精通AI智能体开发、RAG知识增强架构、Prompt工程。
2.熟悉大模型部署、分布式训练、模型量化与推理优化流程，掌握 PyTorch / TensorRT / ONNX Runtime 等框架。
3.具备模型压缩、LoRA / PEFT 微调、跨域知识迁移等经验，能够实现模型在不同业务场景下的快速适配。
4.具备自动化生产控制算法、工业AI落地经验，理解摄像头模组行业的测试原理与图像算法。
5.掌握 OpenCV、C++、Python、CUDA 等开发语言及图像处理框架，能进行高效的底层性能调优。
6.具有丰富的团队领导与跨部门协作经验，能独立发现系统瓶颈并制定端到端技术解决方案。",
1306,产教融合垂类问题,文本,请帮我撰写一份关于“大模型算法工程师”岗位的招聘文案，要求应聘者具备本科学历和1-3年的经验。,"没问题，为您准备好了大模型算法工程师的职位说明：
**岗位：** 大模型算法工程师
**任职资格：**
* 学历背景：本科
* 经验年限：1-3年
**工作内容：**
岗位职责
1. 负责大模型（LLM）应用的开发、部署及优化，包括与DeepSeek等第三方大模型接口的对接与集成；
2. 基于业务需求开发智能化功能模块，如自动审批系统、设计图生成（AI生成设计）、目标检测（CV方向）等；
3. 参与大模型服务端部署，优化模型推理性能及资源占用，确保高并发场景下的稳定性；
4. 设计并实现与大模型相关的数据预处理、结果后处理及业务逻辑整合；
5. 跟踪大模型领域技术动态，探索多模态（文本、图像）场景下的创新应用。
任职要求
1. 学历、经验
本科及以上学历，计算机科学、人工智能、数学等相关专业；1-2年算法开发或AI应用开发经验，优秀应届生可放宽。
2. 技术能力
熟练掌握Python，熟悉至少一种深度学习框架（PyTorch/TensorFlow，有Hugging Face Transformers等大模型工具使用经验；
熟悉RESTful API开发，具备大模型接口（如DeepSeek、GPT、文心一言等）对接经验者优先；
了解模型部署技术（TensorRT/ONNX/Docker），熟悉云平台（AWS/阿里云/腾讯云）服务部署；
熟悉计算机视觉（目标检测、图像生成）或自然语言处理（NLP）任务，有YOLO、Diffusion模型、OCR等实践经验者优先。
3. 项目经验
参与过AI系统开发项目，如自动化审批、智能设计生成、图像识别等；
熟悉多模态模型（文本+图像）应用场景，能独立完成数据准备、模型调优及效果验证。",
1307,产教融合垂类问题,文本,请生成大模型算法工程师的岗位描述，用于招聘。要求：1-3年经验，本科学历。,"为您生成了一份大模型算法工程师的招聘详情：
**我们正在寻找一位大模型算法工程师！**
* **我们希望您拥有：** 本科学历以及1-3年的相关工作经验。
* **您将负责：**
​【工作职责​】
1、参与大模（LLM、多模态等）基础算法研究，包括预训练、指令微调、模型压缩等方向；
2、开发大模型行业应用方案，解决实际场景中的文本生成、知识推理、对话系统等问题；
3、优化大模型训练/推理效率，探索分布式训练、量化、模型蒸馏等性能提升技术；
4、构建数据处理Pipeline，设计数据清洗、增强、合成策略提升模型表现；
5、跟进Deepseek、ChatGPT、Gemini、Claude等前沿技术动态，参与技术方案原型验证。
​【任职要求】​​​
1、计算机科学/数学/统计学等相关专业，211/985院校毕业优先；
2、扎实的机器学习基础，熟悉Transformer、BERT、GPT等模型原理；
3、熟练使用PyTorch/TensorFlow框架，有Kaggle/天池等比赛经验者优先；
4、较强的Python工程能力，熟悉Linux开发环境及CUDA加速。
5、参与过大模型训练/微调项目（课程设计/科研/实习），或熟悉LangChain/LLAMA Index等应用开发框架，或掌握Prompt Engineering、RAG等基础应用技术优先。
6、具备强烈的技术好奇心，能快速学习Paper并复现核心算法，有良好的逻辑思维和问题拆解能力，对AGI技术趋势有热情，具备团队协作意识，能有效沟通技术方案。
​【加分优先项​】
 1、在ACL/NeurIPS等顶会发表过NLP相关论文；
 2、有HuggingFace开源项目贡献或GitHub技术博客；
 3、熟悉LLM安全对齐、RLHF等进阶技术。",
1308,产教融合垂类问题,文本,为大数据引擎开发工程师这个职位生成岗位职责和任职要求。基本情况：学历本科，经验：1到3年。,"好的，请查阅这份大数据引擎开发工程师的职位描述：
**基本信息：**
* 岗位：大数据引擎开发工程师
* 学历：本科
* 经验：1-3年
**详细描述：**
岗位内容：
1、在自动驾驶领域，为平台团队，支撑海量数据的收集、高性能处理和检索管理；
2、设计、开发和维护业内领先的自研⾼性能的分布式⼤数据计算引擎，⽀持自动驾驶领域非结构化数据的⾼效处理；
3、负责自动驾驶领域大数据计算加工链路的开发和维护，持续不断提升计算加工效率；
4、提供海量数据的存储与全生命周期管理，支撑海量数据的数据湖管理与向量化检索等能力。
任职要求：
1、熟悉至少一个分布式大数据处理技术原理，包括但不限于Apache Flink/Apache Spark/Ray data/Google dataflow/MapReduce/Daft/等计算引擎，熟读源码者尤佳；
2、熟练掌握c++/java/go中的一种开发语言；
3、了解分布式系统原理，有3年以上分布式环境开发经验更佳，具备大规模数据处理的实践经验尤佳；
4、熟悉k8s/docker/bazel等开发部署环境；
5、了解分布式对象存储/数据湖/向量数据库，有实际工作经验尤佳；
6、良好的团队合作精神，具备较强的沟通能力和问题解决能力
加分项：
1、知名开源分布式计算/存储引擎的committer；
2、有使用Ray Data等计算引擎处理海量非结构化数据的实际项目经验，对大规模异构计算有一定深度理解与认知。",
1309,产教融合垂类问题,文本,请帮我撰写一份关于“多模态算法工程师”岗位的招聘文案，要求应聘者具备本科学历和5-10年的经验。,"没问题，为您准备好了多模态算法工程师的职位说明：
**岗位：** 多模态算法工程师
**任职资格：**
* 学历背景：本科
* 经验年限：5-10年
**工作内容：**
岗位责：
1. 侧重文-图-视的多模态算法研发，致力于研究和开发前沿的多态算法，结合本企业的业务和经营，推动多模态在实际业务/产品规模化应用与发展。
2. 具体职责包括但不限于：
1）结合深度学习等前沿技术，开展跨模态理解与生成等相关技术的研发工作；
2）结合前沿技术进行技术创新，多模态模型在业务和产品上的落地应用，比如业务流程提效、智能制造、智能家电等。 
任职要求：
1. 本科及以上学历，计算机技术、人工智能、模式识别、应用数学等相关专业背景，5年以上工作经验；熟练掌握多模态相关算法，良好的算法实现能力；
2. 熟悉图文/视频文本多模态建模，在以下一个或多个领域有深入的研究及落地经验，包括但不限于：自监督/多模态弱监督，基础大模型预训练、跨模态检索与生成、视频分析理解、RAG、AI agent等
3. 要求至少熟练掌握PyTorch、TensorFlow等框架中的一种，熟悉 Shell/Python 等常用语言；
4. Coding能力强，有良好的C++/Python编码习惯，能够快速设计并执行实验、验证想法、具备能支持全栈研发的能力；
5．优秀的分析问题和解决问题的能力，有技术有极致的追求，有超强的学习能力，愿意接受挑战，有强烈的好奇心及执行力。
6．拥有以下任意一项条件者优先：
   1）有发表学术论文、特别是顶级会议或期刊的学术论文经历，如CVPR/ICCV/ECCV/NeurIPS/ICML/ICLR/AAAI/SIGGRAPH等（排名不分先后）；
   2）有多模态图文内容生成系统全流程开发（例如数据采标、数据清洗、模型设计、跨域对齐、提示词工程、性能评测等）经验者优先。",
1310,产教融合垂类问题,文本,请生成大模型算法工程师的岗位描述，用于招聘。要求：1-3年经验，硕士学历。,"岗位名称：大模型算法工程师
学历要求：硕士
工作经验：1-3年
岗位要求：
一、位职责
1. 负责研究和开发多模态大模型，包括语言、图像、视频和3D模态的融合，图像生成/增强，视频动作/关系理解等
2. 进行大模型的分布式训练、调优、验证和部署
3. 跟踪最新的学术论文和技术发展，积极产出高水平的研究成果
二、任职要求： 
1. 具有计算机科学、机器学习和人工智能等相关行业从业经历或具有相关专业硕士以上学历；
2. 熟练掌握主流深度学习框架，如TensorFlow、PyTorch，并具备良好的编程能力；
3. 对NLP/CV/多模态领域的经典模型（如GPT、VIT、LLaVA等）有深入理解，熟悉相关任务和评测方法；
4. 具备良好的逻辑思维、沟通协作能力和学习能力，能够独立解决问题；
5. 熟悉英文技术文献的阅读和撰写，具备一定的研究能力和学术影响力者优先考虑；
6. 熟悉分布式训练框架，如Megatron、DeepSpeed，并具备多机多卡大模型训练经验者优先考虑；
7. ACM等程序设计比赛、自然语言处理/多模态相关顶级会议论文或比赛获奖经历者优先考虑；
8. 具有技术热情及技术信仰，较强的学习能力。
三、核心要求：
1、有过大模型训练经验(非微调)，熟练掌握分布式框架deepspeed，Megatron等；
2、在CV/多模态领域有核心算法创新。",
1311,产教融合垂类问题,文本,来一份计算机视觉算法工程师的岗位介绍。学历硕士，经验3个月。,"根据您的要求，计算机视觉算法工程师的岗位职责和任职要求如下：
**职位名称：** 计算机视觉算法工程师
**硬性要求：** 硕士, 3个月
**工作描述：**
广州云迪科技&白云区创新AI实验室是一个致力于推动大模型技术发展和应用的团队，拥有先进的H系列和A系列的算力，以及多个真实业务场景和数据，诚邀有志之士加入。
岗位职责：
1、负责图像检测、识别相关底层技术和平台的研究与实现；
2、基于图像特定场景，设计解决方案，完成物体检测、图片分类、相似图片搜索、OCR等相关领域算法；
3、从系统应用角度，在大数据框架下实现算法技术解决实际问题；
4、项目文档的编写与模型优化。
任职资格：
1、硕士及以上学历，计算机/数学/物理/模式识别等相关专业；
2、掌握常见的图像检测和识别算法，能根据业务分析专题，设计解决方案并实现；
3、有大数据分析工具相关的使用经验，熟悉大数据架构；
4、了解深度学习框架（Tensorflow、Caffe、Keras、PyTorch）；
5、优秀的编程能力，精通python、C++、java、Scala至少一门语言；
6、责任心强，认真细致，良好的沟通能力和团队协作精神，逻辑思维强。",
1312,产教融合垂类问题,文本,为AI算法工程师这个职位生成岗位职责和任职要求。基本情况：学历本科，经验：1到3年。,"以下是您需要的AI算法工程师（本科, 1-3年）的岗位描述：
基于LLMs+RAG知识库的环保领域垂向应用智能体开发项目。
工作职责：
1、大模型智能体适配与优化：深入研究主流模型智能体架构，如 DeepSeek 系列、Claude 、通义千问等，结合项目需求进行针又性的智能体适配与调优，确保大模型在智能体应用中稳定运行，提升智能体的响应速度和准确性。
2、构建企业知识库系统，实现 RAG （检索增强生成）架构设计与优化；
3、开发提示词工程（ Prompt Engineering ）模和微调策略；
4、多模态融合与创新：探索大模型与图像、视频等多模态数据的融合技术，开发具有多模态交互能力的智能体，为用户提供更加丰富、自然的交互体验，推动智能体在环保领域的创新应用；
5、需要满足以上工作内容中至少一个方向或个方向，根据个人擅长来分配；
任职资格：
1、学历不限，计算机相关专业，后端语言Java / node . js ，了解 vue 等 Web 框架；
2、有 Ai 的项目经验，有1年以上智能体开发验，掌握不同维度智能体产品生态集成。若优秀，可以放宽；
3、掌握大模型的应用接口和工具，如 DeepSeek 的 API 、 Hugging Face 的Transformers 库等，能够熟练使用这些工具行模型的调用、推理和集成，快速搭建智能体的原型系统；
4、理解 RAG 架构及优化方法（向量检索、重序等）;
5、具有开发、调优、 Docker 运维部署的经验优先；
6、对大模型智能体有技术热情，熟悉 GPT / BERT / llama / GLM 等模型的结构和原理；熟练用深度学习框架，如 TensorFlow 、 PyTorch 、 Huggingface 等框架优先；
7、熟悉文本数据处理和向量数据库( Pinecone 、 Milvus 等）优先；
8、需要满足以上工作要求中至少一个方向或个方向。",
1313,产教融合垂类问题,文本,"你好，请根据以下信息生成职位描述：
职位：AI算法工程师
学历：硕士
经验：3-5年","为您生成了一份AI算法工程师的招聘详情：
**我们正在寻找一位AI算法工程师！**
* **我们希望您拥有：** 硕士学历以及3-5年的相关工作经验。
* **您将负责：**
岗位职责：
1.核心算法研发：负责AI命理应用的核心算法研发与优化，包括但不限于自然语⾔处理（NLP）、深度学习和⼤模型（LLM）在⼋字排盘、运势分析、命理解读等场景的应用。
2.Agent系统构建：设计并实现智能体（Agent）的编排流程，包括技能编排、Agent通信网络设计、Agent协同管理，确保智能体间的⾼效协作和任务执行，构建智能的AI应用系统。
3.提示词与RAG优化：深入进行Prompt工程（提示词工程） 的调测与设计，通过指令结构化、示例引导、参数调优提升交互精准度。优化检索增强生成（RAG） 流程，提升命理知识库的检索效率与答案质量。
4.模型训练与微调：负责数据集的处理和标注，进行领域模型的训练、微调和二次训练，利用高质量数据提升模型在命理领域的准确性和泛化能力。
5.前沿技术探索：持续跟踪AI及AIGC领域的最新技术趋势（如多模态、Agent应用），为团队引入创新思路和工具，并推动其在命理产品中的落地应用。
任职要求：
1.硕士及以上学历，计算机科学、人工智能、数学或相关领域专业，985/211 优先，能力匹配适当放宽；
2.技术能力：
- 精通Python及至少一种主流后端框架（如 FastAPI、Django、Flask）。
- 熟悉大语言模型（LLM） 的算法原理、Fine-tuning、Prompt Engineering、向量数据库和 LangChain 等应用范式。
- 掌握 GPT/Deepseek API、Dify、Langchain 等平台的提示词调试和Agent系统的实际开发或研究经验。
- 提示词工程：熟悉 Prompt 设计原则（如思维链提示、少样本学习），有实际案例（如何优化模型准确率、响应延迟、用户体验）
- 熟悉RAG（检索增强生成）整体流程及其优化点，有相关项目经验者优先。",
1314,产教融合垂类问题,文本,来一份AI架构师的岗位介绍。学历本科，经验5-10年。,"没问题，为您准备好了AI架构师的职位说明：
**岗位：** AI架构师
**任职资格：**
* 学历背景：本科
* 经验年限：5-10年
**工作内容：**
岗位职责：
1、负责智问答、智能客服、合同文件分析、智能翻译、算法管理平台、知识图谱等系统平台的设计开发。
2、参与LLM、多模态等大模型算法应用以及大模型训练系统的设计、开发和优化，解决训练和离线推理过程中的技术和性能问题。
3、参与大模型的RAG、GraphRAG优化，对话聊天逻辑、上下文理解能力的提升，面向应用的针对性建模和调优机制，提升模型在特定应用场景下的表现。
4、参与基于Diffusion model开源生态应用开发，进行文-图交互式生成，数字人相关技术的研发。
5、参与设计和实现不同业务场景下的LLM Agent后端系统，包括Profile、Memory、Planning、Action等模块。
6、深入参与大模型产品的落地研发工作，特别是在客户需求沟通、功能价值分析方面。
任职要求：
1、计算机、人工智能、大数据等相关专业，本科及以上学历，熟悉LLM Agent基本概念，对LLM产品化工作充满热情；
2、具备良好的数据结构和算法基础，扎实的计算机理论基础，熟悉Python语言。
3、对RAG、GraphRAG和Agent框架有相关设计开发经验，包括但不限于langChain、llama index、autoGen、metaGPT等。
4、有人工智能技术在客户侧的落地经验，尤其是在人工智能技术研发过程中与客户充分交互的经验者优先。",
1315,产教融合垂类问题,文本,如果我要招聘一个AI开发工程师，要求是本科和5-10年，职位描述应该怎么写？,"岗位名称：AI开发工程师
学历要求：本科
工作经验：5-10年
岗位要求：
岗位职责：
1.负责AI大模型相关项目的需求分析、技术方案设计及核心功能开发，涵盖⼤模型应⽤、智能体构建、RAG知识库开发以及多模态⼤模型落地场景。
2.基于coze/dify等低代码平台进行快速原型开发和产品化部署，确保系统高效稳定运⾏。
3.与客户密切沟通，精准理解业务需求，提供技术解决方案并推动项目在客户现场交付与部署。
4.参与模型优化、调试及迭代，解决开发与部署过程中的关键技术问题。
5.协调内外部资源，确保项目按时高质量交付，满足客户预期。
岗位要求：
1.大模型开发经验：计算机、人工智能、机器学习等相关专业本科及以上学历，5年以上AI领域开发经验。
2.掌握大模型（如DeepSeek、LLaMA等）原理及应用，具备智能体（Agent）、工作流设计与开发经验，熟悉RAG知识库构建及多模态大模型技术。
2.工程化能力：具备langchain/coze/dify等低代码平台的实际开发与部署经验，能够高效完成应用搭建和集成。
3.具备优秀的客户沟通与需求对接能力，能够适应驻场开发（广州市内）的工作模式，心理抗压能力强。
4.有传统机器学习/深度学习（如CV、NLP）项目落地经验，熟悉TensorFlow/PyTorch等框架。
岗位说明：我司主要是面向ToB的业务，本岗位需要到客户现场驻点开发（越秀），需具备较强的心理抗压能力，以及较全面的综合技术能力。",
1316,产教融合垂类问题,文本,来一份AI大模型技术工程师的岗位介绍。学历硕士，经验3个月。,"没问题，为您准备好了AI大模型技术工程师的职位说明：
**岗位：** AI大模型技术工程师
**任职资格：**
* 学历背景：硕士
* 经验年限：3个月
**工作内容：**
【岗位职责】
1.RAG系统开发
—构建基于法律法规标准的检索增强生成（RAG）知识库，优化多模态数据检索算法（如向量检索、语义匹配）；
—设计政府监管业务专用的Agent架构，实现与外部工具/API的交互优化
2.模型训练与优化
—负责DeepSeek等大模型的本地部署、微调及领域适配
—开发模型训练数据Pipeline，提升模型在各类文档生成任务中的准确性和效率
3.业务应用开发
—设计文档结构化生成系统，实现报告、政策解读等文本的自动化输出
—构建模型效果评估体系，通过强化学习优化生成内容的合规性
【岗位要求】
1. 计算机、人工智能、自动化、机械电子等相关专业硕士及以上在读；
2. 具有本地部署优化deepseek等大模型经验；熟练掌握Python/PyTorch，熟悉Transformer架构，有LLM微调、RAG开发或文本处理经验者优先；
3. 具备NLP基础技术能力（实体识别、文本摘要等），能独立完成算法调优；
4. 熟悉Linux环境部署及Docker容器化技术，了解CUDA加速原理；
5. 积极上进，具备较强的执行力、理解力；具有保密意识，遵守数据处理规范；
6. 每周到岗4天以上，实习期不少于3个月。",
1317,产教融合垂类问题,文本,我需要一个多模态算法工程师的职位描述（JD），候选人需要有3-5年的工作经验和硕士学历。,"根据您的要求，多模态算法工程师的岗位职责和任职要求如下：
**职位名称：** 多模态算法工程师
**硬性要求：** 硕士, 3-5年
**工作描述：**
职位描述
1. 负责多模态大模型（盖图像、视频、音频、文本等模态）在内容安全、活体检测、人脸识别、内容理解等场景的算法研发与性能优化；
2. 探索和实现图像、视频、⽂本等多模态数据的统⼀建模与⾼效表征学习，提升模型在内容审核、短视频内容理解等任务中的泛化性和鲁棒性；
3. 紧密跟进与研究业界领先的大模型技术，如InternVL3、Qwen2.5-VL等，探索并落地其在图文审核、视频内容审核、⾝份核验等业务场景中的应用策略及精调方法；
4. 负责构建并持续优化模型训练及推理系统，显著提升多模态模型在安全审核领域的准确率、召回率与实时响应性能；
5. 探索并实现文本生成图像技术在内容生成与审核中的应用，提升系统的生成与理解能力；
6. 与产品、工程等相关团队密切合作，推动多模态审核、识别系统的业务落地，实现业务场景的闭环验证与持续迭代优化。
职位要求
1. 硕士及以上学历，计算机科学、人工智能、电子工程等相关专业毕业，具备图像识别、计算机视觉、多模态建模领域扎实的理论基础与工程经验；
2. 熟练掌握至少一种主流深度学习框架（如PyTorch、TensorFlow），具备优秀的算法实现、模型优化及工程落地能力；
3. 具备以下至少一项领域的研究或实际项目经验：
a. 多模态预训练模型的应用与优化（如InternVL3、Qwen2.5-VL等）；
b. 内容安全审核算法的开发（违规图像识别、视频检测、跨模态内容匹配等）；
c. 活体检测、人脸识别、身份验证等计算机视觉任务；
4. 具备较强的算法问题分析和系统级建模能力，能够清晰、高效地沟通与协作；
5. 具有大模型的训练、推理性能优化及落地经验者优先；熟悉大模型微调技术（如SFT、LoRA）及推理加速策略者优先。",
1318,产教融合垂类问题,文本,为AI算法工程师这个职位生成岗位职责和任职要求。基本情况：学历硕士，经验：经验不限。,"好的，请查阅这份AI算法工程师的职位描述：
**基本信息：**
* 岗位：AI算法工程师
* 学历：硕士
* 经验：经验不限
**详细描述：**
岗位职责：
1、深入理解公司3D家居云设计软件的用户景，分析用户需求和痛点，设计并实现技术解决方案。
2、主导多模态算法的研究与开发，提升家居设计软件的智能化水平，优化产品性能与用户体验。
3、持续优化现有的多模态技术，探索创新解决方案，并跟踪相关领域的前沿技术，保持技术的先进性。
任职要求：
1、计算机科学、人工智能、电子工程等相关专业硕士及以上学历，具备扎实的数据结构和算法基础，扎实的工程实现能力。
2、深度学习基础扎实，了解经典的多模态算法，尤其是图像、文本、3D等多种数据模态的融合，有相关的项目落地经验。
3、精通至少一种编程语言（如Python、C++等），并有丰富的算法实现经验。熟练掌握深度学习框架（如TensorFlow、PyTorch等），具备大规模数据处理和模型训练能力。
4、具有较强的动手能力，能够快速将技术方案实现并进行原型验证。
5、优秀的沟通能力与团队合作能力，能够在复杂项目中推动跨部门合作。",
1319,产教融合垂类问题,文本,我想了解一下算法工程师这个岗位具体是做什么的？目标候选人是本科学历，5-10年经验。,"好的，请查阅这份算法工程师的职位描述：
**基本信息：**
* 岗位：算法工程师
* 学历：本科
* 经验：5-10年
**详细描述：**
岗位职责：
1、【Agent架构与开发】 主导或核心参营销AI Agent的架构设计与研发。你将不仅仅是搭建RAG，而是要深入探索和实践任务规划（Planning）、工具调⽤（Tool Use）、反思修正（Self-Correction）等核⼼Agentic循环，构建能够⾃主理解、决策并执行复杂营销任务的智能体。
2、【模型训练与调优】 负责营销领域大模型的全周期优化。⼯作将涵盖从高效数据处理、指令微调（Instruction Tuning）、人类偏好对齐（如DPO）到模型量化与部署优化的各个环节，确保模型在营销场景（如创意生成、用户洞察）下的专业性和可用性。
3、【多模态内容智能】 聚焦多模态技术在营销素材领域的应用。你将探索和落地可控的图像/视频内容生成、跨模态内容理解与检索以及AI智能剪辑技术，实现从素材理解、高光识别到自动化混剪的全流程智能。
4、【前沿探索与业务赋能】 持续追踪AIGC与大模型领域的最新进展（如Sora-like Models），并结合营销业务痛点（如提升广告CTR/CVR、降低素材制作成本、预测爆款趋势），设计并推动创新的AIGC工作流方案，将技术势能转化为业务胜能。
任职要求：
1、计算机、人工智能或相关专业本科及以上学历，具备扎实的算法基础和卓越的工程实现能力。
2、在以下至少一个领域拥有深厚的理论知识和丰富的实践经验：
2.1 大语言模型 (LLM): 熟悉主流模型架构（如Qwen系列、Gemini、DeepSeek），并主导过模型微调、部署、性能优化的完整项目。
2.2 生成式模型 (Generative Models): 对Diffusion Models等主流生成模型有深入理解，并有图像/视频生成或编辑的实际落地经验。
2.3 多模态大模型 (MLLM): 具备处理和理解图文、音视频等多模态数据的经验，熟悉相关模型（如Qwen-VL， Gemini-2.5）并有应用实践。
3、精通Python编程，熟练掌握至少一种主流深度学习框架（PyTorch优先）。
4、具备强烈的业务感知和产品思维，能够主动挖掘技术与业务的结合点，并以终为始地推动项目落地。
5、拥有出色的自驱力、学习能力和团队协作精神，对用AI技术解决真实世界的商业问题抱有极大热情。
加分项（具备以下经验者优先）：
1、Agent实践： 从0到1设计并实现过生产级的Agent系统，对Agent的记忆机制、工具集扩展、评估框架有深入研究和独到见解。
2、营销算法： 拥有广告、推荐、内容理解等相关领域的算法工作经验，深刻理解CPM、CTR、CVR、ROAS等营销核心指标，并有过直接优化这些指标的成功案例。
3、多模态视频： 在视频内容理解（如镜头分割、主体识别、事件检测）与智能剪辑方面有深入研究或项目经验。
4、开源社区贡献者或顶会论文发表者。",
1320,产教融合垂类问题,文本,来一份感知算法工程师的岗位介绍。学历本科，经验3-5年。,"好的，请查阅这份感知算法工程师的职位描述：
**基本信息：**
* 岗位：感知算法工程师
* 学历：本科
* 经验：3-5年
**详细描述：**
岗位职责 
1.负责大模型应用在业务中落地，包括AI推荐、对话、内容生产等
2.负责模型的落地应用，结合业务需求扩展工具调用、深度思考、RAG优化等
3.攻关AI应用核心技术难题，打造垂域领先的AI功能
任职要求 
1.全日制本科及以上学历，计算机科学、电子工程、数学或相关专业，3-5年相关工作经历；
2.熟悉常见的机器学习和深度学习算法，具备扎实的理论基础，具备模型训练和微调经验； 
3.熟练掌握Python编程语言，熟悉Linux开发环境，具备良好的编程能力，熟悉git代码托管平台，了解TensorFlow、PyTorch以及huggingface等生态框架的使用和原理； 
4.熟悉LLM、VLM以及Agent应用开发； 
5.对新技术和新知识有强烈的求知欲，具备快速学习和适应能力，能够独立思考和解决问题，具备良好的分析和解决问题的能力； 
6.具备良好的沟通能力和团队合作精神，能够与团队成员紧密合作，具备良好的时间管理能力，能够在压力下完成任务； 
7.加分项：熟悉多模态算法开发；
8.加分项：熟悉FastAPI等网络服务开发；
9.加分项：熟悉AI推荐/检索系统开发；",
1321,产教融合垂类问题,文本,请生成感知算法工程师的岗位描述，用于招聘。要求：经验不限经验，本科学历。,"职位：感知算法工程师
经验：经验不限
学历：本科
---
**职位详情：**
岗位职（以下职责会根据经验调整）：
1.多传感器融合算法研发：
设计并实现激光雷达、摄像头、毫米波雷达等多传感器融合感知方案，解决复杂环境感知问题（如密集行人、低矮障碍物、非结构化道路等）。
开发点云处理算法（如 PointNet++、VoxelNet）、视觉 BEV模型及多模态融合框架，提升目标检测、识别与跟踪的精度和实时性。
构建数据闭环系统，通过挖掘 Corner Case（如强光干扰、动态遮挡）优化算法鲁棒性，支撑量产项目全流程开发。
2.算法工程化与部署：
负责算法在车规级计算平台（如 NVIDIA Orin、Jetson）的部署与优化，熟悉 TensorRT/ONNX 等推理框架，实现边缘端高效运行。
参与传感器校准与数据采集，优化传感器外参标定流程（如激光雷达 - 摄像头联合标定），确保多源数据时空对齐。
结合边缘计算技术，对机器学习模型进行压缩与加速，满足低功耗、高实时性要求。
3.场景化算法优化：
针对清洁环卫等细分场景，定制化开发感知功能（如小障碍物检测、可通行区域分割、垃圾识别）。
解决业务场景特有的挑战（如人车混行、动态障碍物轨迹预测），设计符合场景要求的感知系统性能指标。
4.系统集成与测试
与硬件、嵌入式团队协作，完成传感器选型、系统联调及实车测试，定位并解决感知模块在实际运行中的问题。
5.编写技术文档与算法报告，参与技术评审与专利申报，推动技术落地与行业标准建设。
任职要求（根据经验判断）：
1.目前初级中级高级工程师都招聘，硕士及以上学历，计算机科学、自动化、电子工程等相关专业，3 年以上自动驾驶感知算法研发经验。
2.熟悉低速无人驾驶场景特点，有景区、园区、物流等领域项目经验者优先。
3.算法基础：精通多传感器融合技术（数据级 / 特征级 / 决策级融合），掌握卡尔曼滤波等状态估计方法，熟悉 BEVFormer、TransFuser 等前沿算法。
4.工具与框架：熟练使用 C++/Python，熟悉 ROS、Apollo 等自动驾驶开发框架，掌握 PCL、OpenCV、PyTorch/TensorFlow 等工具库。
5.传感器与硬件：理解激光雷达、摄像头、毫米波雷达的工作原理及特性，熟悉车规级传感器选型与标定流程。
6.边缘计算：具备嵌入式平台算法部署经验，熟悉 TensorRT/ONNX 模型优化，了解高通 / 英伟达边缘计算设备（如 Jetson Orin）的性能调优。
7.熟悉机器学习模型压缩技术（如知识蒸馏、量化），能够针对边缘端算力限制设计轻量化方案。
8.具备良好的问题解决能力与跨团队协作精神，能够快速定位并解决复杂场景下的算法缺陷。
9.较强的学习能力，能跟踪国际前沿研究（如 NeRF 场景重建、4D 毫米波雷达）并转化为实际应用。
优先考虑项
有 Apollo 框架开发经验或参与过 L4 级低速自动驾驶项目。
熟悉数据闭环系统搭建，具备 Corner Case 挖掘与标注经验。
掌握激光雷达 - 摄像头在线标定技术。
注：该岗位工作地点在广州",
1322,产教融合垂类问题,文本,如果我要招聘一个AI大模型开发工程师，要求是大专和1-3年，职位描述应该怎么写？,"**【招聘岗位】** AI大模型开发工程师
**【任职要求】**
* **学历：** 大专
* **经验：** 1-3年
**【岗位介绍】**
（该岗位不接受视频面试哦，感谢理解）
上下班时是 早9 晚6 午休 2h ，周日 单休 ，入职包吃午晚两餐，不包住。
岗位职责:
1.负责基于Dify低代码平台完成AI应用的快速开发、优化及部署。
2.负责基于主流大模型实现Text2SQL应用的开发及优化。
3.负责提示词工程与优化，针对Deepseek、Qwen等大模型设计场景化Prompt，通过指令结构化、示例引导、参数调优化提升交互精准度，迭代提示词策略，解决模型幻觉等问题。
4.负责结合业务数据构建私有知识库，完成RAG应用的部署和调优。
5.负责参与AI技术的调研、选型、设计和开发工作，确保技术方案的可行性和创新性。
任职要求:
1.全日制统招大专及以上，同时具有1年以上人AI应用开发相关工作经验。
2.熟练运用Dify、LangChain技术开发AI应用。
3.具备Python开发能力，掌握Python Web开发技术栈，如Flask、SQLAlchemy框架技术知识。
4.熟练使用Linux系统、Docker完成部署应用，查看日志等工作。
5.具备良好的团队合作精神和沟通能力，能够独立思考和解决问题，对新技术有强烈的学习兴趣和好奇心，关注AI领域的前沿技术和发展趋势，不断提升自己的技术能力和创新能力。
6.掌握AI应用开发的基本流程和工具，包括数据预处理、模型训练、模型评估、模型部署等环节。
7.熟悉市面上主流文本、多模态模型的特性，可以根据场景和需求 选择不同的模型进行本地大模型实际部署(Ollama、vLLM)，并有实际并发推理性能调优经验优先。
8.熟悉知识库/智能体平台(包括但不限于Dify、FastGPT、ChatFlow等)，进行二次开发，结合现有系统进行整合改造，并优化和提升知识库RAG平台的问答准确率，有知识库RAG准确率提升经验优先。
9.熟练对大模型进行微调，有AI实际微调经验优先。",
1323,产教融合垂类问题,文本,请帮我撰写一份关于“软件开发主管”岗位的招聘文案，要求应聘者具备本科学历和5-10年的经验。,"好的，这是为您生成的软件开发主管岗位描述：
**岗位名称：** 软件开发主管
**学历要求：** 本科
**工作经验：** 5-10年
**岗位职责与要求：**
岗位职责
1.团队与技术导： 负责研发小组的日常管理、任务分配、技术指导和人才培养，打造高效能的开发团队。
2.架构与核⼼开发： 主导ToB软件产品的技术⽅案设计、架构选型和评审，并参与核⼼模块的编码开发，确保技术方案的前瞻性与健壮性。
3.项目交付与质量： 把控项⽬研发全流程，管理开发进度与风险，建立并优化研发规范，对团队成员代码定期审查，确保产品高质量、高效率地迭代与交付。
4.技术创新与攻坚： 负责探索AI大模型等前沿技术在工业软件中的应用，带领团队完成技术预研和难点攻关，驱动产品创新。
岗位要求
1.经验背景： 计算机相关专业本科及以上学历，5年以上软件开发经验，至少2年以上团队管理或技术负责人（Tech Lead）经验。
2.技术能力： 精通Java/Go/Python等至少一种主流后端语言及技术栈，对微服务、容器化、分布式系统有深入理解和实践经验。
3.业务理解： 具备丰富的ToB软件项目开发经验，熟悉工业节能环保或企业管理降本其中一个领域的业务逻辑。
4.优先考虑（满足以下任一项或多项者优先）：
①有工业信息平台、物联网（IIoT）平台或大型工业软件系统的架构设计与开发经验。
②有基于AI大模型（LLM）进行智能体（Agent）或智能应用的实际开发和落地经验。
③有将AI算法模型成功集成并应用于商业化软件产品的实践经验。
5.综合素质： 具备优秀的沟通协作能力、问题解决能力和团队领导力，有强烈的责任心和技术热情。半年考察期过后，优秀者可晋升开发经理。",
1324,产教融合垂类问题,文本,"你好，请根据以下信息生成职位描述：
职位：大模型算法工程师
学历：本科
经验：3-5年","岗位名称：大模型算法工程师
学历要求：本科
工作经验：3-5年
岗位要求：
工作职责
拥抱大模型技术，深度改进多模态内容理解技术，应用到各业务线（推荐、增长、交易、搜索等业务场景）来解决实际业务问题；
1、负责NLP、CV、Audio、多模态相关算法研发与落地，包括但不限于笔记图文内容结构化、文本&多模态内容理解、视频结构化、作者画像、主题发现、信息抽取、智能摘要、意图理解等；
2、进行大模型前沿技术探索和研发，包含但不限于pre-train、PEFT、SFT、RLHF等，用大模型解决实际的业务场景问题；
3、负责对各业务场景下相关技术问题进行分析、算法设计、研发以及推动上线，提升业务效果；
任职要求
1.3年以上工作经验，本科及以上学历，在大模型方向有一定经验，对Pre-train、SFT等技术有深入了解；
2.有良好的英文读写能力和扎实的数学基础，有快速学习新技术的能力；
3.有扎实的编程基础，熟悉Python/C++等编程语言，具有快速复现前沿论文的能力；
4.熟悉至少一个深度学习和大模型训练框架，包括PyTorch、TensorFlow、MXNet、Caffe、HuggingFace、DeepSpeed等；
5.有较强的研究能力，在国际顶尖会议或期刊（包括但不限于CVPR， ICCV， ECCV， NeurIPS， ICML， ICLR， AAAI， IJCAI， ACMMM， TIP， TPAMI， IJCV，ACL、EMNLP、NAACL、COLING、CoNLL、NLPCC等）上发表过论文者优先；
6.较强的业务问题到算法模型的建模能力，有强烈的求知欲、自驱力和进取心，能及时关注和学习业界最佳实践。",
1325,产教融合垂类问题,文本,"你好，请根据以下信息生成职位描述：
职位：多模态大模型应用研发工程师
学历：本科
经验：1-3年","为您生成了一份多模态大模型应用研发工程师的招聘详情：
**我们正在寻找一位多模态大模型应用研发工程师！**
* **我们希望您拥有：** 本科学历以及1-3年的相关工作经验。
* **您将负责：**
1、负责图片视频生成式大模型的业务应用工程研发；实现诸多AI应用的快速落地与持续迭代；
2、保障模型应用系统架构的稳定、高效运行，帮助业务优化性能和改善系统稳定性，持续提升用户体验；
3、负责多模态AI产品的整体技术解决方案，基于对大模型应用架构的深入理解，合理技术选型，参与技术研发和效果优化等工作，推动产品持续增长；
4、持续跟踪前沿技术趋势，关注并探索AI新应用、适时引入新技术新方法，持续提升产品技术、工程架构上的先进性。
职位要求
1、计算机或相关专业本科及以上学历，2年以上工作经验，熟练掌握java，熟悉python开发者优先；
2、参与过大模型应用系统/业务研发经验者优先，有多模态、comfyUI框架、flux、wanx等扩散模型相关应用经验者优先；
3、有优秀的架构设计能力，有相关大型系统设计、开发、优化经验，了解kv存储、在线服务框架等中间件系统；
4、具备良好的产品和业务sense，有大模型应用的深度使用、开发落地经验优先",
1326,产教融合垂类问题,文本,写一个招聘启事，岗位是多模态大模型算法工程师，要求硕士毕业，有3-5年相关经验。,"为您生成了一份多模态大模型算法工程师的招聘详情：
**我们正在寻找一位多模态大模型算法工程师！**
* **我们希望您拥有：** 硕士学历以及3-5年的相关工作经验。
* **您将负责：**
职位描述：
开发和优化用于智能基建管理的多模态算法，特别是图像处理和数据分析。
研究并应用前沿图像识别、目标检测、语义分割等技术于基建管理场景。
实现图像数据与其他模态数据（如文本、传感器数据）的有效融合与分析。
设计和实现高效的数据预处理流程，提升模型训练效率和准确性。
负责模型的部署与优化，确保算法在实际环境中的高效运行。
职位要求：
教育背景：
计算机科学、电子工程、自动化、统计学或相关领域的硕士及以上学历。
技术技能：
精通多模态算法设计和实现，熟悉深度学习框架如TensorFlow、PyTorch等。
熟悉图像处理、模式识别及机器学习算法，包括但不限于卷积神经网络（CNN）、循环神经网络（RNN）等。
熟练使用Python或C++进行算法开发和实现，具备良好的编程习惯。
了解大数据处理技术，如Hadoop、Spark等，能够处理和分析大规模数据集。
具备一定的模型调优和性能优化经验，熟悉模型部署流程。
专业经验：
具备1年以上多模态算法研发经验，特别是在图像识别、数据分析或相关领域。
有智能基建管理、计算机视觉或相关项目经验者优先。
能力要求：
具备良好的逻辑思维和问题解决能力，能够独立分析和解决技术难题。
具备创新精神，能够持续跟踪和学习最新技术，提出创新解决方案。
具备优秀的沟通能力和团队合作精神，能够与跨部门团队有效协作。
其他加分项：
在国际会议或期刊上发表过相关领域论文者优先。
参与过开源项目或在GitHub上有活跃贡献者优先。
具备项目管理和团队协作经验，能够带领团队完成复杂项目。",
1327,产教融合垂类问题,文本,写一个招聘启事，岗位是应用开发工程师，要求本科毕业，有3-5年相关经验。,"没问题，为您准备好了应用开发工程师的职位说明：
**岗位：** 应用开发工程师
**任职资格：**
* 学历背景：本科
* 经验年限：3-5年
**工作内容：**
岗位职责
负责基于大模型的 Agent  Workflow 流程开发，支撑多类业务场景的智能化应用落地；
根据业务需求，设计并实现功能模块，保障系统的高效与稳定运⾏；
参与系统的 测试、优化与迭代，持续提升业务流程的智能化⽔平；
协助项⽬团队开展 技术支持与短期出差任务，保证项目顺利推进。
任职要求
1. 编程与开发技能
熟练掌握 Python、Java 及前端开发框架（Vue 或 React 均可）；
具备 浏览器插件（CRX）开发经验者优先；
熟悉 Web 基础技术（HTML/CSS/JavaScript），具备前后端协作意识；
具有 全栈开发经验者优先。
2. 系统与运维能⼒
熟练使用 Linux 环境进行系统配置与运维；
熟悉 Docker 容器化部署，具备相关实操经验；
了解 网络配置与优化，有相关经验者优先。
3. 数据与智能化经验
熟练掌握 SQL 数据查询与操作；
有 数据分析经验者优先；
有 人工智能相关经验，熟悉 机器学习/深度学习框架（如 PyTorch、TensorFlow、YOLO 等）；
掌握 人工智能模型的开发与训练能力，具备大模型 Agent 应用开发或 Workflow 搭建经验者优先。
4. 综合素质
本科及以上学历，计算机相关专业优先；
具备良好的 沟通能力、团队协作能力，能适应短期出差；
有相关项目经验者优先考虑。",
1328,产教融合垂类问题,文本,我需要一个大模型算法工程师的职位描述（JD），候选人需要有3-5年的工作经验和硕士学历。,"好的，这是为您生成的大模型算法工程师岗位描述：
**岗位名称：** 大模型算法工程师
**学历要求：** 硕士
**工作经验：** 3-5年
**岗位职责与要求：**
职位职责：
1. 主导AI内容创作工具平台的大模型算法架构设计，聚焦商业短视频理解、短视频脚本生成、智能剪辑决策、广告文案优化等场景，推进多模态生成式AI技术的商业化落地
2. 构建垂直领域的大模型训练体系，负责数据采集清洗、分布式训练优化、RLHF对齐等全流程开发，持续提升生成内容的质量与商业转化效果
3. 探索模型轻量化技术，研发适用于SaaS平台的模型压缩、量化及推理加速方案，确保高并发场景下的服务稳定性
3. 跟踪AIGC技术前沿动态，定期输出技术演进报告与商业价值分析，为产品迭代提供决策支持
职位要求：
1. 硕士及以上学历，计算机/人工智能相关专业，3年以上NLP/CV算法研发经验，具有1年以上大模型项目实战经验（需提供项目成果证明）
2. 熟练掌握PyTorch/TensorFlow框架及Transformer体系结构，具备从零构建大模型训练pipeline的能力，有LLaMA、GPT等主流模型二次开发经验者优先
3. 深入理解大模型关键技术栈：
4. 精通Prompt Engineering、LoRA/P-tuning等高效微调方法
5. 熟悉DPO/RLHF等对齐技术及评估体系
6. 掌握分布式训练优化策略（ZeRO、混合精度等）
7. 具备多模态内容生成经验，熟悉Diffusion、Stable Video等生成模型在商业场景的应用，有AIGC工具开发经验者加分
8. 熟悉SaaS产品技术架构，对短视频内容生态有深刻认知，能快速理解编导-拍摄-剪辑-分发的业务闭环需求
9. 具备优秀的数据敏感度，能通过AB测试、归因分析等方法持续优化模型效果，有广告推荐/搜索算法背景者优先
10. 强烈的技术热情与创新意识，具备独立攻关能力，同时善于跨团队协作，能将复杂技术转化为商业价值”",
1329,产教融合垂类问题,文本,请生成语音大模型算法工程师的岗位描述，用于招聘。要求：3-5年经验，硕士学历。,"以下是您需要的语音大模型算法工程师（硕士, 3-5年）的岗位描述：
岗位职责：
1、负责端对端语⾳⼤模型等⽅向上技术的研究与开发。括但不仅限于声⾳克隆、zero-shot语⾳合
成、⽂⽣语⾳、语⾳转换、ASR等；
2、负责端对端语⾳⼤模型的业务场景应⽤和效果优化；
3、调研和复现业界先进的技术框架，提升⾃研模型的效果和推理性能；
任职资格：
1、要求⼈⼯智能、计算机类、数学类，信号处理等相关专业，三年以上相关⼯作经验，硕⼠及以上；
2、熟练掌握C/C++/python，较强的编码实现能⼒；
3、熟练使⽤tensorflow/pytorch⾄少⼀种深度学习框架，理解深度学习基础理论，有相关平台算法项
⽬经验；
4、精通深度学习、⼤模型训练、⾳频信号处理等领域的基础技术与原理，熟悉SeedTTS、ChatTTS、
CosyVoice、SenseVoice等模型和技术；
5、对岗位所述⽅向有强烈的兴趣，⾃驱并敢于挑战，性格开朗，有合作精神；
6、具有语⾳⼤模型实际项⽬经验优先；
加分项：
在相关国际会议或主流期刊上发表论⽂者优先（ICASSP，Interspeech，ASRU）",
1330,产教融合垂类问题,文本,如果我要招聘一个大模型量化交易工程师，要求是本科和3个月，职位描述应该怎么写？,"为您生成了一份大模型量化交易工程师的招聘详情：
**我们正在寻找一位大模型量化交易工程师！**
* **我们希望您拥有：** 本科学历以及3个月的相关工作经验。
* **您将负责：**
职位名称
agent量化交易实习
 
About us
有人负责过亿别的私募基金
有人是业内知名的大模型专家
探索agent和量化的有机结合
 
 
岗位职责
提醒，本岗位代码能力要求很高！！这是必须条件。
1 参与开发开源agent量化交易项目
2 熟悉并能快速上手各种agent开发，上下文管理，沙盒，工具管理等
3 了解量化基本框架，按照策略逻辑，按照持仓周期等。基于此能做方向判断
4 了解传统的开源量化框架的局限性，也了解agent的局限性。能思考如何把两者的优点做结合。
 
任职要求
 
技术能力：
熟悉 Python 编程语言，具备良好的代码编写习惯
熟悉开源agent交易框架
ACM获奖（加分项）
对 CCXT 库有一定了解，或有使用交易所 API 的经验。（加分项）
了解现货和合约交易规则，熟悉资金费率、杠杆等概念（加分项）
 
量化交易兴趣：
对量化交易有浓厚兴趣
了解常见的量化交易策略（如网格交易、趋势跟踪、均值回归等）
 
 
薪资福利
薪资范围：每天200-400
每周四天，周五周六必须线下，其它工作时间自选，按时完成工作即可
定期会有大模型技术培训
线下（广州），特别，特别，特别优秀可以远程",
1331,产教融合垂类问题,文本,写一个招聘启事，岗位是大模型技术服务工程师，要求本科毕业，有5-10年相关经验。,"岗位名称：大模型技术服务工程师
学历要求：本科
工作经验：5-10年
岗位要求：
1、负责政企客户的大模型需求收集、分，设计服务解决方案，通过SOP的把控，端到端的把控项目风险和履约落地。
2、负责政企客户的大模型项目专家技术支持，包括但不限于模型调优、Prompt工程、工作流、RAG、AI agent。
3、负责阿里云 AIStudio、AIWorks等平台的企业级客户的专家服务，并根据现场问题持续反馈推进产品改进。
4、深入大模型和客户业务的结合，沉淀孵化大模型服务解决方案，制定服务差异化竞争策略，助力客户在大模型应用上取得成功。
职位要求：
1、数学、计算机专业，本科及以上学历。
2、精通Python，熟练主流深度学习框架，如TensorFlow、PyTorch。
3、熟悉Transformer/BERT/GPT等基础模型结构，熟悉大模型的训练、微调和评测。
4、熟悉常用的Adam、SGD等优化算法，熟悉剪枝、量化等模型压缩技术，熟悉蒸馏、混合精度训练等模型加速技术。
5、有大型的大模型应用落地经验，在语料生成、模型微调、Prompt工程优化、模型评测等领域有具体实践经验。
6、良好的沟通交流以及服务能力，具备需求分析以及项目风险控制能力；具备运维风险意识，能够负责客户界面的整体沟通。
7、熟悉阿里云AI大模型产品如PAI或百炼，持有阿里云大模型ACP认证证书者优先。
岗位工作地：北京/深圳/杭州/广州",
1332,产教融合垂类问题,文本,"岗位名称：大模型算法工程师，学历要求：本科，工作经验：3-5年。
请为这个岗位生成一份详细的职位描述。","好的，请查阅这份大模型算法工程师的职位描述：
**基本信息：**
* 岗位：大模型算法工程师
* 学历：本科
* 经验：3-5年
**详细描述：**
职位描述：
1、负责视频/片创作营销Agent相关的研发和应用，研究高质量数据的挖掘和合成、大模型的对齐效率、多目标融合的学习，Agent全链路优化的方法等等，期望以大模型影响整个创作者生态；
2、高质量数据挖掘清洗对齐，多领域的数据自动合成方法，Self-instruct等探索；
3、全模态大模型（文本、图像、语音）的Post-training算法，探索多模态感知能力的边界；
4、结合LongCOT/RL等进行Agent的全链路自主探索学习，并探索跟应用目标融合的学习方式；
5、结合业务把技术转化成线上产品，影响千千万万的视频、图片创作者。
职位要求：
1、优秀的代码能力、数据结构和基础算法功底，熟练掌握至少一门语言，ACM/ICPC、NOI/IOI、Top Coder、Kaggle等比赛获奖者优先；
2、熟悉NLP、CV、ML等相关的技术，深入理解大模型或图片视频生成等相关技术栈（如RLHF、SFT、Dit/Vit/Transformer等）；
3、在大模型领域，主导过大影响力的项目或论文者优先；在ACL/EMNLP/ECCV/CVPR等顶会发表论文者优先；
4、有视频/图片创作项目经验，有强化学习结合大模型落地经验，有文案生成、创意生成、素材编辑、AI特效等有相关经验优先；
5、出色的问题分析和解决能力，有自主探索解决方案的能力；
6、良好的沟通协作能力，能和团队一起探索新技术，推动技术进步；优秀的心理素质与应变能力，面对困难勇于迎接挑战。",
1333,产教融合垂类问题,文本,来一份多模态大模型研发工程师的岗位介绍。学历本科，经验经验不限。,"以下是您需要的多模态大模型研发工程师（本科, 经验不限）的岗位描述：
岗位要求
1.硕士及以上学历，人工智能相关专业优先；
2.精通至少一种主流深学习框架（如PyTorch、TensorFlow等），熟练掌握C++/Python编程语言，会使用CUDA进行开发者优先；
3.有大模型训练经验，熟悉Megatron/Deepspeed等常见大模型训练框架；熟悉大模型推理优化技术，有使用vllm/sglang及其他推理优化框架经验者优先；
4.有AI/CV/NLP顶会（如AAAI，CVPR，ACL）发表经历者优先；有业界知名开源项目开发维护经验、有竞赛（ACM、业界知名AI竞赛）获奖经历者优先。
岗位职责
1.研发多模态垂类大模型，提升审核任务中机审的准确率和覆盖率，涉及模态包括不限于图片，视频大模型能理解各类特征和行业规则，应用于电商商品内容理解和电商直播间内容识别等场景；
2.探索多模态大模型前沿技术在安全领域的结合和落地，包括但不限于强化学习，领域知识注入，跨模态信息对齐，预训练技术等。",
1334,产教融合垂类问题,文本,写一个招聘启事，岗位是AI风控模型工程师，要求本科毕业，有1-3年相关经验。,"为您生成了一份AI风控模型工程师的招聘详情：
**我们正在寻找一位AI风控模型工程师！**
* **我们希望您拥有：** 本科学历以及1-3年的相关工作经验。
* **您将负责：**
岗位职责
1.模型研发：基于 70B 大模型，用 SFT 和蒸馏技术，开发 3C 租赁平台 AI 风控模型，如信用、欺诈风险模型，并持续优化，适应各类风险场景。
2.数据处理：收集、清洗 3C 租赁业务数据，通过 SFT 挖掘风险特征，完成特征工程，为模型训练提供优质数据。
3.技术应用：主导 70B 模型 SFT，设计标注策略与数据集，用监督学习微调。实施知识蒸馏，压缩模型，提升部署和运行效率。
4.评估监控：构建评估体系，用多种指标定期评估模型，实时监控生产环境，及时处理模型问题。
5.协作沟通：与多部门合作，理解业务需求，提供风控方案。向非技术人员解释模型，推动风控策略实施。
任职要求
1.学历：计算机、数学等相关专业本科以上学历。
2.经验：2年以上 AI 模型开发，1 年以上金融风控经验，有 70B 模型 SFT 和蒸馏成功项目经验，熟悉 3C 租赁或消费金融业务优先。
3.技术：精通 Python 与深度学习框架，理解常用机器学习算法，掌握数据处理和特征工程技术，熟悉模型评估与部署技术。
4.业务：了解金融风控法规标准，理解 3C 租赁业务风险，能转化为技术方案。
5.能力：对新技术敏感，具备创新思维，善于学习应用新成果。有良好沟通协作能力，能与不同专业人员合作。",
1335,产教融合垂类问题,文本,为Java开发工程师这个职位生成岗位职责和任职要求。基本情况：学历本科，经验：5到10年。,"为您生成了一份Java开发工程师的招聘详情：
**我们正在寻找一位Java开发工程师！**
* **我们希望您拥有：** 本科学历以及5-10年的相关工作经验。
* **您将负责：**
岗位职责
1.5年以上系统研发经验，具备系统整体设能力。
2.具备3年以上AI领域工作经验，熟悉机器学习、深度学习，有DeepSeek等大模型接入经验。
3.精通Java语言技术栈，有深入理解和应用能力。
4.熟悉分布式架构和微服务架构(如Spring Cloud)。
5.熟悉关系型数据库(MySQL、Oracle)的使用。
6.熟练如下几种中间件Nginx、Redis、ES、MQ、ZK、Kafka、activiti中的3种。
7.熟悉linux，nginx的常用命令，例如部署，启停命令，常用日志排查命令等。
任职要求
1.能够独立后端代码的研发工作，确保项目质量和进度；
2.对模块化设计和代码可复用性有深刻理解，注重代码的可读性和可维护性；
3.深入理解业务需求，能够基于业务痛点提出创新性的技术解决方案；
4.勇于挑战复杂问题，不断探索更优的技术方案和架构设计；
5.具备良好的学习能力和独立解决问题的能力。
全日制本科学历，自驱性强，能站在用户角度分析问题。",
1336,产教融合垂类问题,文本,我想了解一下售前支持工程师这个岗位具体是做什么的？目标候选人是本科学历，3-5年经验。,"职位：售前支持工程师
经验：3-5年
学历：本科
---
**职位详情：**
岗位责:
1.组织公司的招投标工作，需要熟悉招投标流程，能独立完成商务、技术等不同的内容，可以独立投标优先考虑；
2.按照售前工作要求完成对应客户、合作伙伴的交流，包括产品交流、解决方案交流和业务交流等，并编制售前解决方案;
3.协助完成市场部门对政务领域的国家政策研究及课题项目、资质申报材料;
4.协助项目交付工作，参与客户调研、需求分析、方案完善以及项目汇报等工作；
5.负责领导交代的其他事项。
任职要求:
(1)工科、理科本科以上学历，研究生学历优先。3年及以上政务、人工智能、售前技术支持优先。
(2)能熟练进行方案、技术交流、文档的编写。如果没有相关经验，学习能强也可以。
(3)熟悉至少一类政府机关相关知识及业务流程，熟悉人工智能、机器学习、数据挖掘、数据建模、BI、知识图谱中至少一项相关技术优先。
(4)工作认真负责、态度积极端正。强调团队协作，善于与人沟通。
(5)能承受较强的工作压力，具有较强的责任心和执行力。",
1337,产教融合垂类问题,文本,写一个招聘启事，岗位是大模型应用开发工程师，要求本科毕业，有5-10年相关经验。,"职位：大模型应用开发工程师
经验：5-10年
学历：本科
---
**职位详情：**
岗位说明：
日常工作地点在国企单位，与国企正式员工共享相同的办公环境、资源和工作⽂化，全⾯参与核⼼业务。
工作期间，如表现优秀，能力突出，​符合单位相关考核条件后，将有机会通过正式程序转⼊国企单位，成为国企正式员工。
职位描述：
1.负责深入研究RAG、agent等前沿大模型技术，探索创新大模型扩展应用，负责公司系统前中后台的设计、开发、维护工作；
2.负责大模型框架、算法、调优等的研发及应用开发工作，包括大模型训练、调优、蒸馏、AI Agent等技术方向，能跟踪并且工程化应用落地。
3.承担大模型最新技术调研、模型二次训练、推理效果调优、辅助工具开发等工作，梳理业务需求，分析和优化系统功能和产品架构。
4.负责研发管理，与产品、设计等人员紧密合作，确保大模型技术能够在垂域场景落地，并达到预期效果
5.统筹开发人员完成各模块开发工作，能够解决开发中的技术难点，推进项目开发、测试、部署和应用推广；
职位要求：
1.本科以上学历，5年以上后台、数据或者算法开发经验
2.能够熟练使用至少一门编程语言，包含但不限于python、java、C++等
3.有互联网产品开发经验优先；熟悉k8s、docker容器编排、自动化部署优先；具备大数据开发经验者优先等。
4.编码风格优良；具备一定的复杂系统抽象设计能力和架构能力；
5.具有大模型使用和调优经验者优先，大模型包含但不限于chatGPT/GPT-4，LLama、chatGLM、通义千问，deepseek等。
6.具有自然语言处理、机器学习或深度学习相关工作经验者更佳
7.具有极客精神，对技术能够保持敏感度和热情，能够自驱对现有产品进行优化和改进
8.能力优秀者，可以作为产品线技术负责人",
1338,产教融合垂类问题,文本,我需要一个算法工程师的职位描述（JD），候选人需要有3-5年的工作经验和硕士学历。,"岗位名称：算法工程师
学历要求：硕士
工作经验：3-5年
岗位要求：
【岗位名称】电力能源供需预测算法工程师/电力能源运筹优化算法工程师
3年+算法工作经验
地点：广州/西安
学历：硕士及以上，从业背景特别匹配者可以放宽
【任职要求】
1、专业：数学、运筹优化、统计、计算机、物联网、电力系统自动化、自动化、能源等相关专业，硕士及以上学历，从业背景特别匹配者可放宽；
2、从业背景：电力行业背景，微电网相关风/光/荷/发用电预测算法落地项目经验优先；或微电网电力能源运筹优化调度算法落地项目经验优先；
3、对常用的机器学习/深度学习算法有深入理解。
预测类算法需具备回归预测算法基础理论知识，如：LR、SVM、XGBOOST、RNN、CNN等。运筹优化算法需具备运筹学相关理论基础知识，熟练掌握一种运筹优化包如SCIP、CPLEX、Gurobi、CBC等求解器经验等。
熟练掌握python/shell/sql编程语言，了解常见的算法和数据结构；
CET-6或同等英语能力以上，能够熟练使用外文数据库进行调研工作，能够快速验证paper方法；
4、工业建模项目0-1独立落地经验：数据-特征工程-模型搭建-模型训练、调优部署；
5、工作严谨细致，有责任心和上进心，具备良好的沟通能力、团队协作能力、持续跟踪和主动学习能力。
【岗位职责】
1、人工智能算法在能源互联网产品/业务中的应用研究，预测类算法包括但不限于能源供需预测（风/光/荷）、电价预测、投资收益测算等；调度类算法包括但不限于微电网电力能源调度算法。
2、预测类算法：前期以电力负荷预测、新能源功率预测、电力市场价格预测、投资收益测算等为核心的数据挖掘分析和算法研发；后期对能源互联网智能预测算法的调试、维护和改进；
调度类算法：前期以电力能源运筹优化调度算法为核心的数据挖掘分析和算法研发；后期对能源互联网调度算法的调试、维护和改进；
3、调研国内外行业相关前沿技术，并研究其在能源互联网中的应用。
4、相关课题项目需求分析、系统方案设计以及项目技术文档撰写；知识产权申请。
【加分项】
工业大数据、大模型建模经验；
丰富的部署经验；",
1339,产教融合垂类问题,文本,请生成算法开发工程师的岗位描述，用于招聘。要求：5-10年经验，本科学历。,"为您生成了一份算法开发工程师的招聘详情：
**我们正在寻找一位算法开发工程师！**
* **我们希望您拥有：** 本科学历以及5-10年的相关工作经验。
* **您将负责：**
岗位职责： 
1、负责算法应用系统技术研、方案设计，及代码开发 
2、负责不同开发环境持续集成搭建、优化及维护 
3、负责模型代码开发、训练微调 
任职要求： 
1、计算机、数学等相关专业，本科以上学历，3年以上python开发经验 
2、精通Python编程语言；包括但不限于以下几点: 
(1)基本数据类型、语法、函数、模块等 
(2)面向对象： 面向对象设计方法，包括类与对象、继承 
(3)常用数据科学和深度学习库: 包括但不限于Numpy、sklearn、pytorch、tensorflow 
(4)python接口开发、数据库开发、并发编程 
3、具有自然语言处理算法相关经验，了解文本分类、实体识别、信息抽取、机器翻译、机器问答等相关应用； 
4、具有算法模型开发和后台服务搭建经验； 
5、熟悉Linux/Windows操作系统； 
6、具有Llama、ChatGLM、Qwen等大模型开发经验优先； 
7、要求能使用常见深度学习框架从0开始搭建一个简单的模型构建、训练流程",
1340,产教融合垂类问题,文本,为人工智能专业讲师这个职位生成岗位职责和任职要求。基本情况：学历本科，经验：3到5年。,"岗位名称：人工智能专业讲师
学历要求：本科
工作经验：3-5年
岗位要求：
工作职责：
1. 负责高质量交付教学与辅导务，保证内外部客户满意。
2. 负责满足公司与学校要求交付的各种教学资源；
3. 负责做好课堂管理，组织营造学风浓郁的班级学习氛围；
4. 负责做好基于就业能力提升的教学活动与教学效果评估的实施；
5. 负责配合产品团队，做好新教学资源研发、以及已有教学资源的迭代更新
工作；
6. 负责配合就业团队，做好学生职业规划目标的正向引导、企业在专业技术
应用的辅导、从全方位判别对学生岗位的适配工作
7. 上级交代的其他工作。
任职资格：
1. 认可公司的文化与愿景使命。能坚定履行职责。
2. 对自身形象有一定要求，亲和力强，对学生有耐心和爱心加持。
3. 具备强专业能力，普通话标准、擅长深入浅出的沟通表达、强逻辑思维与
总结能力。
4. 具备强烈责任感、执行力、抗压能力与学习能力。
5. 能长期出差，并具有良好的生活习惯（例如不酗酒）。
6. 3 年及以上人工智能、工业互联网相关领域工作经验，学历：本科及以上，
计算机、自动化、电子信息等相关专业。
7. 特别优秀者适当放宽招聘条件。
专业技能要求（Skill Requirement）
1. 熟练掌握 Python 等编程语言，熟悉自然语言处理、计算机视觉等领域至
少一个方向的技术和算法。
2. 精通 TensorFlow、PyTorch 等深度学习框架，具备扎实的机器学习、深度
学习理论基础。
3. 熟悉主流智能体开发框架如 Dify、Coze、FastGPT 等，掌握通过 MCP 协
议集成各类工具的方法。
4. 熟悉分布式系统、多线程编程，扎实掌握机器学习基础，熟悉 NLP/知识
图谱/多模态技术栈等。
5. 有完整的 AI 项目开发、部署及优化经验。
6. 加分项：有一年以上项目管理的经历者优先。",
1341,产教融合垂类问题,文本,为人工智能老师这个职位生成岗位职责和任职要求。基本情况：学历本科，经验：3到5年。,"根据您的要求，人工智能老师的岗位职责和任职要求如下：
**职位名称：** 人工智能老师
**硬性要求：** 本科, 3-5年
**工作描述：**
人工智能专业老师
工作职责（Job Scope）
1. 负责高质量交付教学与辅导任务，保证内外部客户满意。
2. 负责满足公司与学校要求交付的各种教学资源；
3. 负责做好课堂管理，组织营造学风浓郁的班级学习氛围；
4. 负责做好基于就业能力提升的教学活动与教学效果评估的实施；
5. 负责配合产品团队，做好新教学资源研发、以及已有教学资源的迭代更新
工作；
6. 负责配合就业团队，做好学生职业规划目标的正向引导、企业在专业技术
应用的辅导、从全方位判别对学生岗位的适配工作
7. 上级交代的其他工作。
招聘要求（Job Requirement）
1. 认可公司的文化与愿景使命。能坚定履行职责。
2. 对自身形象有一定要求，亲和力强，对学生有耐心和爱心加持。
3. 具备强专业能力，普通话标准、擅长深入浅出的沟通表达、强逻辑思维与
总结能力。
4. 具备强烈责任感、执行力、抗压能力与学习能力。
5. 能长期出差，并具有良好的生活习惯（例如不酗酒）。
6. 3 年及以上人工智能、工业互联网相关领域工作经验，学历：本科及以上，
计算机、自动化、电子信息等相关专业。
7. 特别优秀者适当放宽招聘条件。
专业技能要求（Skill Requirement）
1. 熟练掌握 Python 等编程语言，熟悉自然语言处理、计算机视觉等领域至
少一个方向的技术和算法。
2. 精通 TensorFlow、PyTorch 等深度学习框架，具备扎实的机器学习、深度
学习理论基础。
3. 熟悉主流智能体开发框架如 Dify、Coze、FastGPT 等，掌握通过 MCP 协
议集成各类工具的方法。
4. 熟悉分布式系统、多线程编程，扎实掌握机器学习基础，熟悉 NLP/知识
图谱/多模态技术栈等。
5. 有完整的 AI 项目开发、部署及优化经验。
6. 加分项：有一年以上项目管理的经历者优先",
1342,产教融合垂类问题,文本,为AI应用工程师这个职位生成岗位职责和任职要求。基本情况：学历本科，经验：3个月。,"以下是您需要的AI应用工程师（本科, 3个月）的岗位描述：
职业亮点：
 加速成长：深入AI应用落地实践，参与多场景智能体（Agent）与自动化工作流的构建。
 项⽬赋能：全流程项⽬经验可纳⼊个人作品集，应届生有转正通道。
 实战驱动：⼊职即参与AI商业项目，你的创意方案可能很快就能落地实现。工作内容：
1.负责AI智能体的设计、搭建、训练与持续优化；
2.深入分析业务场景，挖掘AI智能体在不同应用方向的需求并完成方案设计；
3.利用平台（主要为N8N、Coze等）构建与维护智能工作流；
4.针对电商、产品、运营、社交、自媒体等不同场景进行定制化智能体开发与集成。
岗位要求：
1.熟悉主流AI大模型（LLM）及多模态技术，如DeepSeek、ChatGPT、图像/视频生成类模型等；
2.至少熟练掌握一种智能体开发与编排平台（如Coze、Dify、LangChain、N8N等）；
3.理解提示词工程（Prompt Engineering）原理，有爬虫开发或RPA自动化实践经验者优先；
4.熟悉Python等相关编程语言；
5.具备良好的沟通协作能力与高度责任感；
6.对AI智能体创新玩法、前沿应用有浓厚兴趣与探索精神。
其他说明：
1.入职即签署劳务合同，并可提供实习证明；
2.公司提供真实业务场景，助你将理论知识快速转化为可落地成果；
3.对AI开发有热情、具备实践经验者可优先参与收益型项目；
4.表现突出者可获得正式录用机会，优秀者有机会成为核心成员。",
1343,产教融合垂类问题,文本,我想了解一下Python工程师这个岗位具体是做什么的？目标候选人是本科学历，2个月经验。,"根据您的要求，Python工程师的岗位职责和任职要求如下：
**职位名称：** Python工程师
**硬性要求：** 本科, 2个月
**工作描述：**
# 司介绍
kongpaper是由香港中文大学团队创办的ai初创企业，专注于利用ai实现专业的教育辅助工。公司目前已入选香港科学园以及深圳多个创业园。团队利用自研的低成本推理框架，实现产品的大规模推广，现正积极推广产品到c端以及企业，合作客户包括政府部门及各大香港高校。
# 工作内容
此岗位为远程办公。
学习使用公司的ai框架，根据pm的需求开发业务逻辑及相关上下游代码。偶尔需要协助开发前端ui。
# 技能要求
1. 精通python，有良好的type hinting习惯，对async协程原理有清晰的认知，熟悉http sse 流式请求。因公司环境使用ubuntu，需熟悉linux操作。
2. 熟悉fastapi框架，对orm形式的数据交互有深入理解。需要知道mongo，redis及milvus等数据库的区别与使用场景。
3. 对llm高阶开发有清晰认知，了解生成的基本原理，包括但不限于自定义的template拼接，json约束，tool calling，rag，cot等。对常见的llm架构有了解，包括moe dense instruct 等模型区别，了解合适的使用场景。
4. (加分项)对js react next.js有基本了解，可以迅速掌握基于agent工具辅助下，简单的网页前端开发工作。
# 其他加分项
1. 略懂粤语，对香港dse考试有了解
2. 之后可到深圳前海区实体上班(但目前为远程岗位)
3. 有ai应用开发经验
# 工作安排
每周4-5天，自定9小时上班时间(包括1小时午膳)，工作时段内需要保持可联系状态，否则视作旷工处理。事假请提前1-2日提出(病假除外)，唯每月最好不超过7天。
# 待遇
日薪200-300，视乎能力与经验，工资按实际工作日数计算。试用期3-6个月。(如有)加班按1.5倍计算，自愿性质。转正并到实体办公的情况下，工资另议上调幅度，且视乎项目情况发放年底分红。",
1344,产教融合垂类问题,文本,"你好，请根据以下信息生成职位描述：
职位：软件开发经理
学历：本科
经验：5-10年","好的，请查阅这份软件开发经理的职位描述：
**基本信息：**
* 岗位：软件开发经理
* 学历：本科
* 经验：5-10年
**详细描述：**
岗位职责
1.团队建设与管理： 全面负责ToB产品线研发团队的管理工作，包括绩效考核、人才培养与梯队建设，营造积极卓越的技术文化。
2.技术战略与架构： 主导关键技术的选型、系统架构的设计与演进，确保技术⽅案的先进性、稳定性和可扩展性。
3.研发过程与交付： 负责研发项⽬的整体规划、资源协调与交付管理，建⽴并持续优化敏捷研发流程与质量保障体系，全面提升团队的交付效率与工程质量。
4.技术创新与赋能： 规划并领导团队在AI⼤模型、工业物联网等前沿技术领域的创新研发项目，构建团队核心技术壁垒，并推动技术成果赋能业务。
岗位要求
1.经验背景： 计算机相关专业本科及以上学历，6年以上软件开发经验，其中至少2年以上研发团队管理经验（管理规模5-10人及以上）
2.技术深度： 具备深厚的技术背景和系统架构能力，对分布式、高可用、高并发系统有深刻理解和丰富的实践经验。精通2种以上主流开发语言及技术栈，有全栈开发和技术难点解决能力。
3.业务洞察： 具备丰富的ToB软件项目研发管理经验，深刻理解工业节能环保或企业管理降本领域的业务模型与客户需求。
4.优先考虑（满足以下任一项或多项者优先）：
（1）主导过工业信息平台、物联网（IoT）平台等大型复杂系统的架构设计与研发管理工作。
（2）对AI技术在ToB领域的应用有深刻见解，有主导基于AI大模型（LLM）的智能体（Agent）或智能解决方案的研发和落地经验。
（3）具备优秀的项目管理能力，熟悉多种项目管理方法论，有大规模、跨团队项目成功交付的经验。
5.领导能力： 具备一定的领导力、规划能力和跨部门沟通协调能力，能够站在业务和技术全局思考问题，驱动复杂项目的成功。",
1345,产教融合垂类问题,文本,写一个招聘启事，岗位是Python工程师，要求本科毕业，有3-5年相关经验。,"当然，这是关于“Python工程师”的职位介绍：
* **职位名称：** Python工程师
* **基本要求：** 本科学历, 3-5年经验
* **具体职责：**
工作周期：3个月
每周工期：3-4天
工作间：不限
工作时段：不限
结算方式：月结
招聘截止时间：2025-11-26
职责：
• 设计数据血缘追溯系统，开发审批流程引擎（支持自定义规则）。
• 实现日志监控、权限校验及与PowerBI的数据对接接口。
• 构建高并发数据处理模块，优化数据存储与查询性能（如MySQL、MongoDB）。
技术要求：
• 熟练使用Spring Boot/Spring Cloud或Python Django框架，熟悉微服务架构
• 熟悉大数据处理技术（如Hadoop、Spark）及分布式数据库
• 有金融行业数据安全开发经验者优先（如数据加密、审计日志）。
• 有NLP或者大模型应用经验
三、任职要求
通用要求
• 本科及以上学历，计算机相关专业，3年以上开发经验（优秀者可放宽）。
• 熟悉Git、Jenkins等工具，具备良好的代码规范意识
• 具备快速学习能力，能适应银行业严格的数据安全与合规标准
加分项
• 熟悉金融行业数据治理规范（如《商业银行数据治理指引》）。
• 有外包项目经验，擅长跨团队协作与客户需求沟通",
1346,产教融合垂类问题,文本,我需要一个AI提示词工程师的职位描述（JD），候选人需要有1-3年的工作经验和大专学历。,"当然，这是关于“AI提示词工程师”的职位介绍：
* **职位名称：** AI提示词工程师
* **基本要求：** 大专学历, 1-3年经验
* **具体职责：**
位职责
1. 提示词与微调：设计与优化系统/任务/评审提示词；开展大模型微调（SFT/LoRA/PEFT、DPO/RLHF），建立可衡量的评估机制与迭代流程。
2. 多模态优化：提升聊天效果；优化⽣图（SD/Flux）、声⾳（TTS/VC）、⽣视频模型的提示与推理配置，兼顾质量、速度与成本。
3. 工程集成：与 PHP 后端协作，完善接口与上下⽂注入，打通工具链路；关注延迟、吞吐与稳定性。
4. 检索与协作：设计 RAG 与 Multi‑Agent 策略，提升召回与证据融合，降低幻觉与错误。
5. 安全与破甲：组织安全评测与“破甲/越狱”对抗测试，完善拒答与合规策略，建立修复闭环。
6. 平台与运维：在 Dify/Coze 搭建与运维智能体，编排工作流与模型路由，确保线上质量。
任职资格
1.  核心能力：熟悉 PHP 后端与接口设计；具备大模型微调与提示词优化实战经验。
2. 多模态经验：能优化聊天、图像、生图、声音、视频生成，并制定简洁有效的评估指标（正确率/引用率/幻觉率/延迟/成本）。
3. 模型适配：熟悉至少一种主流模型（DeepSeek V3/Gemini/Claude），理解失效模式，能按任务做路由与配置。
4. 工具与协议：理解 Function Calling、MCP；掌握 RAG/Multi‑Agent 流程与评估要点。
5. 低代码平台：熟练使用 Dify/Coze 开发、部署、监控与优化。
7. 安全意识：能识别与防护“破甲/越狱”场景，制定拒答策略并持续评估与修复。
加分项（优先）
1. 开源模型落地：可独立搭建与维护开源模型与推理服务（GPU/容器化/调度/监控），具备性能与成本治理经验。
2. 端到端评估：有评测体系建设与 A/B、灰度发布经验。
3. 作品与贡献：拥有公开的提示词模板库、评估脚本、RAG 流程或多模态案例，或相关开源项目贡献。
【法定节假福利】：公司按国家规定购买五险一金。
【工作时间】：朝九点半晚六点半，双休。
【法定假期】：工龄满一年有5天带薪年假，法定节假日如:元旦、春节、清明节、劳动节、端午节、中秋节、国庆节。
【公司活动】：不定期举办各类员工活动。",
1347,产教融合垂类问题,文本,请帮我撰写一份关于“教育内容生产项目经理”岗位的招聘文案，要求应聘者具备本科学历和1-3年的经验。,"当然，这是关于“教育内容生产项目经理”的职位介绍：
* **职位名称：** 教育内容生产项目经理
* **基本要求：** 本科学历, 1-3年经验
* **具体职责：**
岗位背景
我们是教育类内容生产供应商，主要为教培公司、互联网大厂教育线、⼤模型公司服务。
如：在作业帮、⼩猿搜题APP⾥面搜题，可以看到试题解析或解题视频，这些内容就是我们作为供应商为猿辅导/作业帮生产的。
该岗位基于该背景⽽生，项目经理需带领生产人员按时、按量、按质生产并向甲方交付。
（以上项目仅为举例，具体项目类型不仅限于此，还包含一些大模型数据训练集or语料方面的建设）
岗位职责​
1、对接作业帮、猿辅导、学而思等教培公司、互联网公司教育线、大模型公司，明确甲方项目需求，制定执行计划​
2、带领团队，负责人员筛选、培训、考核和生产，确保生产/标注项目高效运转​
3、跟踪任务进度，用项目管理工具把控节点，及时调整偏差，保障按时按质交付​
4、把控所交付的内容质量，及时跟进甲方反馈，维护合作关系​
5、统计项目数据，总结经验优化流程​
（总之：项目经理结果导向，需确保按质&按量交付）
任职要求​
1、本科及以上学历，具备项目管理经验，熟悉教育方向的内容生产（试题 / 视频）流程者优先
2、能协调资源、解决问题，抗压能力强，确保高压下按时交付​
3、沟通能力好，能对接甲方和团队，有责任心​有耐心
工作地点位于坑口地铁上盖甲级写字楼，下雨不淋头
教育内容&大模型赛道前景好，团队专业度高​
扁平化管理，做事高效不内卷
加分项
有以下行业经验：互联网·在线教育·大数据",
1348,产教融合垂类问题,文本,如果我要招聘一个前端开发工程师，要求是本科和1-3年，职位描述应该怎么写？,"好的，这是为您生成的前端开发工程师岗位描述：
**岗位名称：** 前端开发工程师
**学历要求：** 本科
**工作经验：** 1-3年
**岗位职责与要求：**
岗位职责：
1、负责公司产品的前端页面开发，确保用户界面交互流畅性和响应速度；
2、与设计师紧密协作，实现高质量的视觉呈现和⽤户体验；
3、持续优化前端性能，提升产品在不同设备上的兼容性和可⽤性；
4、参与前端技术架构的规划与设计，推动前端⼯程化、模块化进程。
任职要求：
1、精通HTML、CSS、JavaScript等前端基础技术，熟悉现代前端框架如Vue或React；
2、具备良好的代码习惯，注重代码质量和可维护性，能够编写清晰、可复用的前端代码；
3、熟悉前端构建工具，如Webpack、Babel等，有前端⼯程化实践经验；最好有有rag或者大模型相关项目经验。
4、对前端新技术有持续学习的热情，能够快速掌握并应用于实际项目中。 
5、有以下行业经验优先考虑： 
-拥有Vue3开发或者小程序开发经验，有医疗信息化相关经验者；  
-熟悉 HIS（医院信息系统）、PACS（影像归档和通信系统）。  
6、综合素养： 
   - 具备良好的沟通能力和团队协作精神；  
   - 逻辑清晰，责任心强，能承受一定的工作压力；  
   - 身心健康，积极乐观，具备持续学习的能力。",
1349,产教融合垂类问题,文本,如果我要招聘一个AI开发工程师，要求是本科和3-5年，职位描述应该怎么写？,"没问题，为您准备好了AI开发工程师的职位说明：
**岗位：** AI开发工程师
**任职资格：**
* 学历背景：本科
* 经验年限：3-5年
**工作内容：**
岗位职责：
1.负责AI大模型相关项目的需求分析、技术方案设计及心功能开发，涵盖⼤模型应⽤、智能体构建、RAG知识库开发以及多模态⼤模型落地场景。
2.基于coze/dify等低代码平台进行快速原型开发和产品化部署，确保系统高效稳定运⾏。
3.与客户密切沟通，精准理解业务需求，提供技术解决方案并推动项目在客户现场交付与部署。
4.参与模型优化、调试及迭代，解决开发与部署过程中的关键技术问题。
职位要求：
核心技术能力
1.大模型开发经验：计算机、人工智能、机器学习等相关专业本科及以上学历，5年以上AI领域开发经验。
2.掌握大模型（如DeepSeek、LLaMA等）原理及应用，具备智能体（Agent）、工作流设计与开发经验，熟悉RAG知识库构建及多模态大模型技术。
2.工程化能力：具备langchain/coze/dify等低代码平台的实际开发与部署经验，能够高效完成应用搭建和集成。
3.具备优秀的客户沟通与需求对接能力，能够适应驻场开发（广州市内）的工作模式，心理抗压能力强。
4.有传统机器学习/深度学习（如CV、NLP）项目落地经验，熟悉TensorFlow/PyTorch等框架。
岗位说明：我司主要是面向ToB的业务，本岗位需要到客户现场驻点开发（越秀），需具备较强的心理抗压能力，以及较全面的综合技术能力。",
1350,产教融合垂类问题,文本,如果我要招聘一个大模型算法工程师，要求是本科和1-3年，职位描述应该怎么写？,"岗位名称：大模型算法工程师
学历要求：本科
工作经验：1-3年
岗位要求：
岗位职责：
1. 算法设计与开发：负责智能座舱大模型的设计、训练和优化，包括但不限于语音唤醒、语义理解、对话生成、情感识别等深度学习算法的研究和实现。
2. 多模态交互技术：开发和优化车内多模态交互算法，包括视觉、语音、触控等多种交互方式的融合，提升用户与座舱系统交互的自然性和流畅性。
3. 场景化应用开发：根据车载应用场景需求，设计和实现个性化、智能化的座舱服务，如智能导航、个性化娱乐推荐、安全驾驶提醒等功能。
4. 性能优化：针对车载嵌入式硬件平台特性，对算法进行性能优化，确保在资源有限的车载环境下实现高效稳定的运行。
任职要求：
1. 教育背景：计算机科学、人工智能、电子信息工程等相关专业本科及以上学历。
2. 工作经验：至少2年以上的AI算法开发经验，其中有至少1年的车载或嵌入式系统开发经验。
3. 专业知识：精通深度学习、自然语言处理、计算机视觉等领域的理论和算法，熟悉TensorFlow、PyTorch等深度学习框架。
4. 项目经验：有成功开发和部署车载智能交互系统或类似项目的实际工作经验，对车载HMI（人机交互界面）有深入理解和实战经验。
5. 技术能力：具有出色的编程能力，熟悉C/C++和Python等编程语言，了解嵌入式系统的资源约束和优化方法。
6. 综合素质：具备优秀的逻辑思维能力",
1351,产教融合垂类问题,文本,请帮我撰写一份关于“全栈工程师”岗位的招聘文案，要求应聘者具备本科学历和3-5年的经验。,"**【招聘岗位】** 全栈工程师
**【任职要求】**
* **学历：** 本科
* **经验：** 3-5年
**【岗位介绍】**
岗位职责：   　　 
1. 全栈设计开发：独立或主导完成从用户界面（UI）到后端服务、数据库设计、API集成的端到端开发任务。
2. 大模型智能体集成：重点负责将⼤语⾔模型（LLM）能⼒集成到业务应用中，开发AI智能体（AI Agent）的相关功能，如智能对话、任务自动化等。
3. 技术架构与优化：参与系统技术选型与架构设计，确保系统的⾼可用、可扩展性和安全性；持续对系统进行性能分析和优化。
4.项目敏捷交付：在快节奏的项目中，能快速响应需求变化，确保高质量、高效率地完成产品迭代和交付。
5. 团队协作与引领：编写高质量的技术文档，参与代码审查，分享最佳实践，在团队中起到技术引领和传帮带作用。
任职要求：
1. 学历与经验：计算机相关专业本科及以上学历，3年以上全栈开发经验，有独立部署和运维线上项目的完整经验。
2. 后端技术：精通 Python/Java/Go中至少一门后端语言及相关框架（如 Django/Flask， Spring Boot等），熟练掌握数据库（SQL/NoSQL）设计与优化。
3.前端技术：精通 React 或 Vue.js现代前端框架及生态，对ES6+、TypeScript有深入理解，能够构建复杂交互的单页应用（SPA）。
4. AI集成经验：具备大模型（LLM）应用开发经验，熟悉主流大模型API（如OpenAI GPT、文心一言、通义千问等）的调用与集成，有AI Agent或RAG系统开发经验者优先。
5. 项目管理能力：项目管理经验和带领开发小组完成项目经历。
6. 综合能力：具备优秀的问题解决能力、逻辑思维和团队协作精神，对新技术有强烈的求知欲。",
1352,产教融合垂类问题,文本,写一个招聘启事，岗位是大模型应用开发工程师，要求本科毕业，有6个月相关经验。,"职位：大模型应用开发工程师
经验：6个月
学历：本科
---
**职位详情：**
招聘方向：
数据治理工程师、大模型应用开发工程师
岗位职责：
1、负责功能模块的开发、维护和性能优化；
2、编写高质量、可维护的代码，参与代码审查；
3、协助团队解决技术难题，推动技术方案落地；
4、数据治理：数据采集与处理，以及ETL流水线构建与任务编排；
5、大模型应用：Prompt设计、知识库构建、模型调用等工程化实现。
岗位要求：
1、熟练掌握至少一门编程语言（如Python、Java等）；
2、有良好的算法基础和问题解决能力；
3、有大模型基础、爬虫经验、系统开发经验者优先；
4、热爱技术，学习能力强，责任心强。
福利待遇：
1、薪资：3000-5000/月，特别优秀者面议；
2、工作时间：周一至周五9:30-12:00、13:30-18:30；
3、实习岗位提供转正机会，只要你有能力，欢迎来挑战。
简历投递地址：*****************（备注：姓名-学校/年级-方向）
欢迎来电咨询：***********
工作地点：广州市海珠区中山大学国家大学科技园A座1112",
1353,产教融合垂类问题,文本,请帮我撰写一份关于“AI智能体工程师”岗位的招聘文案，要求应聘者具备本科学历和5-10年的经验。,"职位：AI智能体工程师
经验：5-10年
学历：本科
---
**职位详情：**
一、岗位职责
1. 基于公司产品智能体台，结合开源大语言模型完成智能体的设计与开发工作；
2. 推进智能体与客服系统的数据融合应用，搭建并完善专业领域提示词工程体系；
3. 负责多智能体协作算法的设计与优化，承担智能体核心模块的编码实现及API接口开发任务。
二、任职要求
1. 学历与专业：本科及以上学历，计算机科学、人工智能、电子信息、软件工程等相关专业；
2. 技术能力：精通Java开发，熟悉异步编程与微服务架构；具备Python语言开发经验；
3.熟悉SpringAI、SpingBoot开源框架；
4. 框架与工具：掌握LangChain（流程编排）、LlamaIndex（数据检索）、AutoGen（多Agent协作）等开发框架；熟悉Dify、Milvus（向量数据库）等工具的应用优先考虑；
5. 大模型认知：深入理解GPT、BERT等大语言模型原理，掌握RAG（检索增强生成）、ReAct（推理-行动循环）机制；熟悉PyTorch/TensorFlow深度学习框架，具备模型微调（如LoRA）实战经验；
6. 项目经验：具备5年以上AI领域开发经验，至少主导过1个完整的AI智能体项目（覆盖需求分析至上线落地全流程），需提供项目案例说明（含技术架构、核心模块及个人具体职责）；
7. 场景落地：具备AI智能体技术与垂直场景（如智能客服、金融决策等）结合的实战经验，能独立完成需求拆解与技术方案设计；
8. 问题解决：能够精准定位并应对智能体开发中的技术瓶颈（如工具调用冲突、多轮对话逻辑断层等），并提出可行的优化方案；
9. 协作与出差：能接受短期出差深圳，配合当地团队完成需求对接、项目联调及上线支持工作，具备良好的异地协作意识与沟通能力。",
1354,产教融合垂类问题,文本,请帮我撰写一份关于“大模型算法工程师”岗位的招聘文案，要求应聘者具备本科学历和3-5年的经验。,"当然，这是关于“大模型算法工程师”的职位介绍：
* **职位名称：** 大模型算法工程师
* **基本要求：** 本科学历, 3-5年经验
* **具体职责：**
岗位名称：大模型高级开发工程师
岗位职责：
1.负责AI大模型相关项目的需求分析、技术方案设计及核心功能开发，涵盖大模型应用、智能体构建、RAG知识库开发以及多模态大模型落地场景。
2.基于coze/dify等低代码平台进行快速原型开发和产品化部署，确保系统高效稳定运行。
3.与客户密切沟通，精准理解业务需求，提供技术解决方案并推动项目在客户现场交付与部署。
4.参与模型优化、调试及迭代，解决开发与部署过程中的关键技术问题。
5.协调内外部资源，确保项目按时高质量交付，满足客户预期。
--------------------------------------------------------------------------------
任职要求：
核心技术能力
1.大模型开发经验：计算机、人工智能、机器学习等相关专业本科及以上学历，5~10年AI领域开发经验。
2.掌握大模型（如DeepSeek、LLaMA等）原理及应用，具备智能体（Agent）、工作流设计与开发经验，熟悉RAG知识库构建及多模态大模型技术。
2.工程化能力：具备langchain/coze/dify等低代码平台的实际开发与部署经验，能够高效完成应用搭建和集成。
3.具备优秀的客户沟通与需求对接能力，能够适应驻场开发（广州市内）的工作模式，心理抗压能力强。
4.有传统机器学习/深度学习（如CV、NLP）项目落地经验，熟悉TensorFlow/PyTorch等框架。
岗位说明：我司主要是面向ToB的业务，本岗位需要到客户现场驻点开发（越秀），需具备较强的心理抗压能力，以及较全面的综合技术能力。",
1355,产教融合垂类问题,文本,为大模型研究员这个职位生成岗位职责和任职要求。基本情况：学历硕士，经验：3个月。,"好的，请查阅这份大模型研究员的职位描述：
**基本信息：**
* 岗位：大模型研究员
* 学历：硕士
* 经验：3个月
**详细描述：**
我们是一家专注于安全产品研发的创新型企业，为适AI的发展将人工智能技术与安全领域相结合，打造下一代智能安全解决方案。现诚邀对AI与安全领域充满热情的研究生加入我们的团队，参与前沿技术的研究与开发。
岗位职责：
大模型专项训练与微调：利用现有流行开源大模型，结合专项安全数据进行模型训练微调，以完成开源大模型在专项安全领域的能力提升。包括但不限于日志分析，异常检测、威胁预测、行为分析等领域。
原型开发与测试：协助团队开发AI驱动的安全产品原型，并进行测试与优化。
文献调研与技术跟踪：跟踪AI与安全领域的最新研究进展，撰写技术报告并提出创新性解决方案。
跨团队协作：与产品、开发、测试团队紧密合作，确保研究成果能够有效落地。
任职要求：
学历要求：计算机科学、人工智能、信息安全、电子工程等相关专业的在读本科或者硕士研究生。
技术背景：
熟练使用Python、TensorFlow、PyTorch等编程语言和框架。
熟悉数据清洗，数据标注，训练机器学习、深度学习以主大模型微调等AI技术，有相关项目经验者优先。
了解网络安全基础知识，如入侵检测、恶意软件分析、网络流量分析等。
研究能力：
具备较强的文献阅读与算法实现能力，能够独立开展研究工作。
加分项：
有AI与安全结合的研究经验或相关论文发表。",
1356,产教融合垂类问题,文本,来一份大模型应用工程师的岗位介绍。学历本科，经验3-5年。,"为您生成了一份大模型应用工程师的招聘详情：
**我们正在寻找一位大模型应用工程师！**
* **我们希望您拥有：** 本科学历以及3-5年的相关工作经验。
* **您将负责：**
岗位职责：
1. 负责大模型的训练流程设计、微调策略优化（SFT/DPO/ 增量预训练等）及推理效率提升，保障模型效果、稳定性与落地性能；
2. 主导大模型在 RAG与 Agent 领域的能力构建，涵盖数据体系设计、算法调优、评估迭代全链路； 
3. 推动大模型在具体业务场景的适配，完成 Prompt 工程、工具调用、多轮对话规划等功能开发，结合 self-play/MCTS 等技术提升通用问题解决能力；
4. 与产品、工程团队协作，实现 AI 功能的产品化落地，根据用户反馈快速迭代模型；
5. 跟踪大模型领域（如多模态、长上下文、逻辑推理）的前沿研究，探索新应用方向，将创新技术融入产品。
任职要求：
1. 计算机科学、人工智能等相关专业本科及以上学历，硕士优先；
2. 2 年以上大模型研发经验，精通主流模型（如 GPT、LLaMA、Qwen 等）的原理与微调技术（SFT/DPO/RLHF）；
3. 熟悉 RAG架构、Agent 开发，掌握检索/排序/意图识别等技术，熟练使用 LangChain、Llamalndex 等工具；
4. 精通 Python 及深度学习框架（PyTorch/TensorFlow），具备高性能代码实现与问题调试能力；
5. 良好的跨团队协作与沟通能力，能高效推动技术落地；
6. 对 AI 技术有热情，具备独立研究与创新能力。",
1357,产教融合垂类问题,文本,写一个招聘启事，岗位是机器学习工程师，要求本科毕业，有3-5年相关经验。,"岗位名称：机器学习工程师
学历要求：本科
工作经验：3-5年
岗位要求：
岗位责：
1. 算法研发与优化：  
   - 主导医疗领域自然语言处理（NLP）相关算研发，包括但不限于电子病历分析、医学实体识别、临床决策支持、医学知识图谱构建等。  
   - 优化多模态模型（文本、影像、表格数据融合），提升模型在医疗场景下的准确性和鲁棒性。  
2. 联邦学习部署：  
   - 设计并实现跨机构医疗数据的联邦学习框架，确保数据隐私合规性，解决医疗数据孤岛问题。  
3. 项目落地：  
   - 主导至少2个医疗NLP项目的全生命周期管理，从需求分析、数据清洗、模型训练到部署上线。  
4. 技术协作：  
   - 与医疗专家、数据工程师及产品团队协作，将算法能力转化为实际临床或科研工具。
工作要求：
A** 硬件要求** 
1. 教育背景：  
   - 计算机科学、生物医学工程、数学等相关专业硕士及以上学历。  
2. 技术能力：  
   - 医疗NLP经验：至少参与过2个医疗NLP落地项目（需提供案例说明），熟悉医学文本标注标准（如ICD编码、SNOMED CT）。  
   - 多模态模型：精通Transformer、BERT、ViT等架构，具备跨模态对齐（如文本-影像联合建模）实战经验。  
   - 联邦学习：熟悉FATE、PySyft等框架，有医疗联邦学习部署经验（如跨医院模型训练）。  
   - 工程能力：熟练使用Python、PyTorch/TensorFlow，熟悉Docker/Kubernetes部署及性能调优。  
3. 数据处理：  
   - 熟悉医疗数据治理（脱敏、标准化），掌握SQL/NoSQL数据库及大数据处理工具（Spark/Hadoop）。  
B**软性要求**  
- 具备医疗行业知识（如临床术语、医疗数据合规要求）。  
- 逻辑清晰，能快速理解业务需求并拆解技术方案。  
- 良好的跨团队沟通能力，适应医疗场景的严谨性和复杂性。",
1358,产教融合垂类问题,文本,写一个招聘启事，岗位是模型工程师，要求本科毕业，有1-3年相关经验。,"好的，这是为您生成的模型工程师岗位描述：
**岗位名称：** 模型工程师
**学历要求：** 本科
**工作经验：** 1-3年
**岗位职责与要求：**
【岗位职责】
1.基于GPT等大模型构建语义理解与建议生成能力
2.进行多轮对话、图文建议、图卡语料训练与微调
3.优化提示词、上下文提取、用户画像匹配机制
4.维护模型精度、合理性、生成可控性
5.大规模数据的采集、清洗、标注和整合工作，提升模型效果
6.参与项目工程开发交付
【任职要求】
1.本科及以上学历，2年以上模型工程与研发经验
2.精通Python语言
3.熟悉LangChain、OpenAI API、LLM微调框架，熟悉Azure、Dify等模型集成平台
4.对机器学习、深度学习有体系化的认知。具备提示工程、Few-shot、RLHF实践经验者优先
5.具备扎实的数据处理与分析能力，能做大规模数据处理，能高效完成数据采集、清洗、转换、存储、整合、流转等工作，有ETL开发类似经验者优先
5.逻辑表达清晰，能理解健康语境与用户表达
6.具备用户价值导向、运营价值导向思维
7.了解其他技术板块优先，例如工程化、数据工程、算法工程领域，有大健康/体重管理服务类行业经验优先
8.能拥抱变化、接受挑战，完成部门交办的其他事务",
1359,产教融合垂类问题,文本,"你好，请根据以下信息生成职位描述：
职位：AIGC算法工程师
学历：硕士
经验：3-5年","好的，请查阅这份AIGC算法工程师的职位描述：
**基本信息：**
* 岗位：AIGC算法工程师
* 学历：硕士
* 经验：3-5年
**详细描述：**
职位述：
1、面广告营销领域，理解素材内容，进创意生成、效果评估，并参与构建智能营销Agent系统。
2、结合算法能力和业务需求，负责计算机视觉、LLM、MLLM的数据处理、Promt工程、模型微调、模型推理和模型评估等关键环节。
3、进行图像&视频生成与AI编辑、多模态视频理解、数字人、Agent协同等相关前沿技术探索与落地。
4、针对广告营销场景设计AIGC工作流方案，推动AI能力在业务中的快速应用、迭代与优化。
任职要求：
1、在LLM（GPT、LLaMA、Qwen3）、生成式大模型（Diffusion model）、多模态大模型（Qwen2.5-vl、Gemini）至少一个方向上有自己的理解和实践经验；
2、有较强的算法和工程实现能力，熟练掌握至少一种深度学习框架，熟练掌握Python编程；
3.有较好的业务感知能力和主动意识，根据业务场景识别潜在需求提前做能力规划和建设并做好反馈；
4、性格开朗，乐于好学，有极高的技术热情和自驱力，能主动追踪前沿AI技术并探索业务落地的可能性。
有以下经验优先考虑
1. Agent方向：从0到1搭建过RAG和Agent系统，在任务规划、模型选型、策略优化等方面有深入理解；
2. 视觉生成&数字人方向：在图像生成和编辑有落地经验，主导过数字人的驱动、语音合成、形象生成等相关模块的开发与落地，有完整项目经验；
3. 多模态AI剪辑：具备多模态视频分镜理解、镜头分析、高光识别和混剪等相关经验；",
1360,产教融合垂类问题,文本,为python开发工程师这个职位生成岗位职责和任职要求。基本情况：学历本科，经验：5到10年。,"以下是您需要的python开发工程师（本科, 5-10年）的岗位描述：
职位描述：
1、负责公司对企业客户的设计、开发、部署、技术交付工作（大模型训练等相关的产品和项目）；
2、负责业务需求分析，将业务需求拆分成独立的业务功能，进行任务安排，并负责相关的开发等工作；
3、参与核心技术问题的攻关，架构设计，系统优化，指导其他同学解决项目开发过程中的技术难题；
4、配合项目的整体计划和安排，对业务人员提供技术支持；
岗位要求：
1、计算机相关专业、本科及以上学历，5年以上大中型系统开发经验；
2、熟悉Python后端开发，熟练完成数据爬虫、大模型训练和开发等工作，对大模型的微调、预训练、数据标注等熟悉，代码能力和工程经验优秀；
3、熟悉SQL，熟悉Orcale、DB2、SQLSERVER、Mysql数据库应用开发中至少一个；
4、熟悉linux/Unix常用操作命令，了解shell；
5、掌握docker或者k8s容器技术者优先；
6、熟悉敏捷开发、devops，熟练使用ci/cd者优先；
7、具有高度的责任感，工作积极主动、学习能力强、善于总结，有规范化文档编写良好习惯。
8、熟悉知识图谱rag增强式检索和智能体的搭建，可加分",
1361,产教融合垂类问题,文本,"你好，请根据以下信息生成职位描述：
职位：多模态感知算法工程师
学历：硕士
经验：1-3年","为您生成了一份多模态感知算法工程师的招聘详情：
**我们正在寻找一位多模态感知算法工程师！**
* **我们希望您拥有：** 硕士学历以及1-3年的相关工作经验。
* **您将负责：**
工作职责
1、设计并实现多模态传感器（摄像头、LiDAR、IMU）的数据融合算法，提升目标检测、跟踪、场景理解的鲁棒性与精度。
2、构建基于深度学习的多模态感知模型（如BEV融合、时序融合网络），解决遮挡、极端天气、低光照等复杂场景的感知难题。
3、负责激光雷达数据采集与数据处理(长尾数据， 长尾场景)，开发高效离线工具链（C++)，包括数据处理，模型训练，测试仿真等 
4、跟踪多模态感知领域技术，推动算法在业务场景的迭代创新。
职位要求
1、计算机科学、电子工程、自动化、数学等相关专业，硕士以上学历。
2、熟悉多模态数据（图像、点云、IMU等）特性与融合方法（Kalman滤波、Bayesian融合、深度学习融合）。
3、掌握至少一种主流深度学习框架（PyTorch/TensorFlow），具备多模态模型开发经验（如FusionNet、TransFuser、BEVFormer）。
4、熟练掌握C++、PCL库和常用的数据结构与算法
5、强烈责任心及良好学习沟通能力，具备较好的团队合作精神 
加分项
1、熟悉高性能运算加速工具 CUDA
2、ACM/ICPC 获奖",
1362,产教融合垂类问题,文本,"岗位名称：大模型应用开发工程师，学历要求：本科，工作经验：经验不限。
请为这个岗位生成一份详细的职位描述。","为您生成了一份大模型应用开发工程师的招聘详情：
**我们正在寻找一位大模型应用开发工程师！**
* **我们希望您拥有：** 本科学历以及经验不限的相关工作经验。
* **您将负责：**
AI用工程师
职位简介：
我们正在寻找一位具备AI实际落地经验的后端工程师，专注于智能语音助手、智能体（Agent）等AI应用的研发与系统集成。该职位将负责从AI技术调研、系统架构设计，到模型集成和后端服务开发的全流程工作，目标是打造面向智能家居和内部自动化场景的高可用AI应用。理想候选人应精通Python开发，具备语音处理或大模型应用经验，并热衷于将AI技术转化为真实可用的产品价值。
主要职责：
AI技术应用：熟悉并灵活运用主流AI技术，如大语言模型（LLM）、智能体（Agent）、语音处理（STT/TTS/NLU），将其有效落地至业务场景（如设备控制、语音对话、自动问答等）。
后端开发：使用 FastAPI 等框架进行高效、稳定的后端服务开发，支撑AI相关功能模块。
AI应用调研与系统设计：参与AI项目的前期调研，设计高可用、可扩展的系统架构。
AI模型集成：选型并集成国内外主流AI模型，优化模型效果与性能，满足实际业务需求。
任职要求：
教育背景：
计算机科学、人工智能、软件工程或相关专业本科及以上学历。
工作经验：
至少2年AI应用开发或相关后端开发经验。
技术技能：
精通常用AI技术，具备语音识别、语义理解、文本生成等实战经验；
精通 Python，熟练使用 FastAPI / Flask 等开发框架；
熟悉主流AI模型并具备实际调用或集成经验；
熟悉数据库设计与开发（MySQL、PostgreSQL、Redis 等）。
软技能：
具备良好的沟通协作能力；
强烈的自我驱动与问题解决能力；
能够适应快节奏、多变的项目环境。
加分项：
熟悉大数据处理流程，具备Flink/Spark等经验；
了解Kubernetes、AWS、Azure等云资源管理与部署；
有物联网、智能家居相关开发经验；
熟悉 WebSocket、MQTT 等实时通信协议。AI应用工程师
职位简介：
我们正在寻找一位具备AI实际落地经验的后端工程师，专注于智能语音助手、智能体（Agent）等AI应用的研发与系统集成。该职位将负责从AI技术调研、系统架构设计，到模型集成和后端服务开发的全流程工作，目标是打造面向智能家居和内部自动化场景的高可用AI应用。理想候选人应精通Python开发，具备语音处理或大模型应用经验，并热衷于将AI技术转化为真实可用的产品价值。
主要职责：
AI技术应用：熟悉并灵活运用主流AI技术，如大语言模型（LLM）、智能体（Agent）、语音处理（STT/TTS/NLU），将其有效落地至业务场景（如设备控制、语音对话、自动问答等）。
后端开发：使用 FastAPI 等框架进行高效、稳定的后端服务开发，支撑AI相关功能模块。
AI应用调研与系统设计：参与AI项目的前期调研，设计高可用、可扩展的系统架构。
AI模型集成：选型并集成国内外主流AI模型，优化模型效果与性能，满足实际业务需求。
任职要求：
教育背景：
计算机科学、人工智能、软件工程或相关专业本科及以上学历。
工作经验：
至少2年AI应用开发或相关后端开发经验。
技术技能：
精通常用AI技术，具备语音识别、语义理解、文本生成等实战经验；
精通 Python，熟练使用 FastAPI / Flask 等开发框架；
熟悉主流AI模型并具备实际调用或集成经验；
熟悉数据库设计与开发（MySQL、PostgreSQL、Redis 等）。
软技能：
具备良好的沟通协作能力；
强烈的自我驱动与问题解决能力；
能够适应快节奏、多变的项目环境。
加分项：
熟悉大数据处理流程，具备Flink/Spark等经验；
了解Kubernetes、AWS、Azure等云资源管理与部署；
有物联网、智能家居相关开发经验；
熟悉 WebSocket、MQTT 等实时通信协议。",
1363,产教融合垂类问题,文本,"岗位名称：大模型应用工程师，学历要求：本科，工作经验：1-3年。
请为这个岗位生成一份详细的职位描述。","根据您的要求，大模型应用工程师的岗位职责和任职要求如下：
**职位名称：** 大模型应用工程师
**硬性要求：** 本科, 1-3年
**工作描述：**
1、负责大模型的训练流程设计、微调策略优化（SFT/DPO/ 增量预训练等）及推理效率提升，保障模型效果、稳定性与落地性能。
2、主导大模型在 RAG与 Agent 领域的能力构建，涵盖数据体系设计、算法调优、评估迭代全链路。
3、推动大模型在具体业务场景的适配，完成 Prompt 工程、工具调用、多轮对话规划等功能开发，结合 self-play/MCTS 等技术提升通用问题解决能力。
4、与产品、工程团队协作，实现 AI 功能的产品化落地，根据用户反馈快速迭代模型。
5、跟踪大模型领域（如多模态、长上下文、逻辑推理）的前沿研究，探索新应用方向，将创新技术融入产品。
6、完成上级安排的其他工作任务。
任职资格
1、计算机科学、人工智能等相关专业。
2、2 年以上大模型研发经验，精通主流模型（如 GPT、LLaMA、Qwen 等）的原理与微调技术（SFT/DPO/RLHF）。
3、熟悉 RAG架构、Agent 开发，掌握检索/排序/意图识别等技术，熟练使用 LangChain、Llamalndex 等工具。
4、精通 Python 及深度学习框架（PyTorch/TensorFlow），具备高性能代码实现与问题调试能力。
5、良好的跨团队协作与沟通能力，能高效推动技术落地；
6、对 AI 技术有热情，具备独立研究与创新能力。",
1364,产教融合垂类问题,文本,请帮我撰写一份关于“大模型部署工程师”岗位的招聘文案，要求应聘者具备本科学历和经验不限的经验。,"好的，这是为您生成的大模型部署工程师岗位描述：
**岗位名称：** 大模型部署工程师
**学历要求：** 本科
**工作经验：** 经验不限
**岗位职责与要求：**
工作周期：长期兼职
每周工期：无要求
工作时间：不限
工作时段：不限
结算方式：完工结
招聘截止时间：2025-10-30
招募启事：阿里云 ECS 上部署大模型（gpt-oss-20B）
我们正在寻找一位有经验的工程师，协助在 阿里云 ECS 上完成 gpt-oss-20B 开源大模型的部署与调优。
工作内容
在阿里云 ECS 上配置环境（CUDA、PyTorch/DeepSpeed 或其他推理框架）
下载并部署 gpt-oss-20B 模型（Hugging Face / ModelScope）
优化推理效率（支持 GPU 加速、显存优化、批处理）
提供 API 接口（RESTful / Websocket）供应用调用
任职要求
熟悉 Linux / Ubuntu 系统运维
熟悉阿里云 ECS 或其他云厂商 GPU 实例的配置与优化
有过大模型（20B 参数级别以上）部署经验优先
熟悉 Hugging Face Transformers / DeepSpeed / vLLM 等推理框架
合作方式
项目制或兼职均可
报酬面议（根据经验与交付速度）
远程合作，需能快速响应和沟通",
1365,产教融合垂类问题,文本,为AI产品专员这个职位生成岗位职责和任职要求。基本情况：学历本科，经验：1到3年。,"以下是您需要的AI产品专员（本科, 1-3年）的岗位描述：
岗位职：
1、产品设计：根产品的规划进行产品交互、品体验等设计，结合大模型的实现方式。
2、项目管理：协调跨职能团队，确保产品按时、高质量交付。
3、需求分析：深入理解用户需求，制定产品功能和迭代计划。
4、数据分析：利用数据驱动产品优化，不断提升产品性能和用户满意度。
5、市场调研：关注行业趋势和竞争动态，持续创新产品功能。
任职要求：
1.教育背景：本科及以上学历，计算机、人工智能、信息技术等相关专业优先。
2、工作经验：1-3 年 AI 产品应用经验，具有营销类 AI 应用、多轮对话产品项目经验者优先。
3、会开展产品UE设计，产品需求文档PRD。
4、有0-1参与产品研发并成功上线的经验、熟悉主流 AI 平台和开发工具优先。
我们提供：
1、成长机会：参与前沿 AI 项目的机会，助力个人职业发展。
2、专业带教：行业大佬带教。
3、薪酬福利：有竞争力的薪资和完善的福利体系。
4、工作环境：开放创新的团队氛围，鼓励创意和探索。",
1366,产教融合垂类问题,文本,"岗位名称：嵌入式工程师，学历要求：本科，工作经验：3-5年。
请为这个岗位生成一份详细的职位描述。","根据您的要求，嵌入式工程师的岗位职责和任职要求如下：
**职位名称：** 嵌入式工程师
**硬性要求：** 本科, 3-5年
**工作描述：**
【加入信念机器人，定义人机共生的未来！】
作为AI与机器人领域的创新引领者，我们致力于打造具备高度智能与灵巧操作能力的人形机器人。现诚邀经验丰富、技术精湛的嵌入式工程师加入我们的核心研发团队，共同攻克机器人嵌入式系统的高性能、高实时性与高可靠性挑战，推动大模型能力在实体世界的深度落地。
工作内容
1、参与嵌入式软硬件系统整合，设计、开发与维护，确保系统稳定性和性能，系统调试与性能优化，解决硬件-软件协同，确保复杂场景下系统鲁棒性。
2、实时控制与边缘计算开发，开发控制逻辑，部署轻量级AI(视觉，语音等）与机器人联动。
3、机器人仿真与控制，进行高精度动力学仿真，优化人形机器人运动控制算法，开发URDF/SDF模型，实现机器人3D建模与运动学仿真
4、实现或者优化关节电机运动控制算法，有实际人型机器人控制经验，关节运动控制算法有一定见解，能确保控制周期<1ms，对关节电机有实际错误检测处理经验，有自适应阻抗控制算法设计经验
5、设计CANopen/CAN FD通信协议，实现多关节伺服控制，进行总线调试与优化，配合硬件团队完成电机驱动与传感器数据融合
6、编写硬件接口协议文档，调试手册，与UI完成联调，参与机器人现场部署测试。
技术加分项 
人形机器人、足式机器人、协作机器人或精密自动化设备嵌入式开发经验。
熟悉机器人仿真工具与物理引擎。
任职要求
1、具备扎实的嵌入式系统设计和开发能力，精通Ubuntu/ROS开发，熟悉硬件驱动开发STM32及常用通信协议CAN等。
2、熟悉常用嵌入式技术栈，能够独立解决技术难题。
3、具有良好的团队协作精神和问题解决能力。
4、三年以上机器人/自动化设备嵌入式开发经验。
5、有机器人开发落地实际产品部署经验优先。
6、本科及以上学历",
1367,产教融合垂类问题,文本,"你好，请根据以下信息生成职位描述：
职位：大模型智能体工程师
学历：本科
经验：3-5年","根据您的要求，大模型智能体工程师的岗位职责和任职要求如下：
**职位名称：** 大模型智能体工程师
**硬性要求：** 本科, 3-5年
**工作描述：**
香港中文大学（深圳）赵俊华教授课题组招聘常驻广州⼤模型能体⼯程师⼀位。
职位说明
1. 负责大模型架构设计、开发与优化，主导智能体的全流程开发，包括需求分析、架构搭建、功能实现、测试及上线部署。
2. 深入研究⾃然语言处理、机器学习等前沿技术，将最新技术成果应用于大模型与智能体开发，提升产品性能与智能化水平。
3. 协同产品、设计、测试等多部门，保障项目顺利推进，确保大模型与智能体功能符合业务需求与用户期望。
4. 参与数据处理与优化，构建高质量数据集，支撑模型训练与智能体决策，持续监控和优化模型性能与智能体表现。
应聘者须具备：
1. 计算机科学、人工智能、数学等相关专业，本科及以上学历，3年以上相关工作经验。
2. 精通Python编程，Java等语言；熟练掌握TensorFlow、PyTorch等深度学习框架。
3. 深入理解大模型原理，如Transformer架构，有大模型训练、微调及优化经验；熟悉智能体开发，掌握LangChain、AutoGPT等开发框架。
4. 具备优秀的分析与解决问题能力，面对技术难题能迅速定位并解决；对新技术充满热情，学习能力强，能快速掌握新知识、新工具。
5. 良好的沟通协作能力，能与团队成员高效沟通，推动项目进展；有强烈的责任心，工作积极主动，具备优秀的团队合作精神。
优先考虑：
1. 有大模型或智能体相关开源项目经验，或在顶会发表相关论文。
2. 熟悉多模态技术，具备图像、语音等多模态数据处理与模型融合经验。
3. 有实际业务场景应用大模型与智能体的成功案例，如金融、医疗、电商等领域。
4. 对电力能源行业和电力调度场景有了解。",
1368,产教融合垂类问题,文本,"你好，请根据以下信息生成职位描述：
职位：大模型算法工程师 (图片/视频方向经验)
学历：硕士
经验：1-3年","以下是您需要的大模型算法工程师 (图片/视频方向经验)（硕士, 1-3年）的岗位描述：
职位描述
岗位职责求
工内容:
1. 负责公司项目中深度学习算法研发、训练、优化和迭代;
2.对目前现有算法性能和效果进行优化，对相关算法难点，进行技术攻关；
3.跟踪及研究前沿技术，指导实践模型选型和模型迭代流程优化;
4.具备一定的项目业务逻辑分析能力，并能够指导A技术落地应用，推动方案执行。
5.参与开发和优化公司的A驱动的产品和解决方案。
6.在项目中负责大语言模型的微调和应用开发。
岗位任职要求
1.经验：具备1-3年相关领域的工作经验。
2.必须熟悉至少一种开源和一种闭源大语言模型开发微调经验，如Stable diffusion，Flux等类。
3.具有Al相关框架的知识和经验，如LangChain，Llamalndex， databricks 等。
4.了解AI前端框架，如Rasa，以更好地整合Al技术与用户界面。
5.至少熟练掌握以下一种编程语言：Java、Go、Python、C/C++。
6. 熟练使用Pytorch或Tensorflow等一种或多种主流深度学习算法框架。
项目经验：
要求有Stable diffusion/flux应用交付的经验。
能够紧跟行业动态，快速构建原型。
参与过至少一个产品级项目的交付，熟悉开发过程中的质量控制环节。",
1369,产教融合垂类问题,文本,"你好，请根据以下信息生成职位描述：
职位：高级算法工程师（大模型算法应用方向）
学历：硕士
经验：3-5年","当然，这是关于“高级算法工程师（大模型算法应用方向）”的职位介绍：
* **职位名称：** 高级算法工程师（大模型算法应用方向）
* **基本要求：** 硕士学历, 3-5年经验
* **具体职责：**
位职责：
1、大模型应用算法规划与研发
结合大模型沿技术，并根据业务场景主导LLM（大⾔模型）应⽤架构设计、训练优化与推理加速，包括但不限于Transformer优化、量化技术、稀疏训练等；
2、算法架构设计与优化
设计并构建可扩展的算法框架，⽀持大模型训练与部署，主导系统架构设计，确保算法与工程实现的⾼效协同。
3、技术落地与业务赋能
推动大模型在具体业务场景的落地应用，如智能客服、知识检索、智能陪练等；
与产品、工程团队紧密协作，完成算法从原型到线上系统的全流程交付；
设计并实现算法效果评估体系，持续迭代优化模型性能。
二、任职要求
1、核心技能要求
精通深度学习算法，熟悉LLM训练、微调、部署全流程；
具备扎实的算法架构能力，有设计过亿级参数模型经验者优先；
熟练掌握Python/C++，有PyTorch/TensorFlow/MindSpore等框架开发经验。
2、项目经验要求
至少3年以上大模型相关算法研发经验，主导过至少1个完整的大模型从训练到落地的项目；
有跨模态模型、多轮对话系统、知识增强模型开发经验者优先。
3、能结合业务场景快速应用大模型相关技术，包括提示词工程、RAG、langchain、autogen、code interpreter等。",
1370,产教融合垂类问题,文本,我需要一个阿里集团-智能信息-大模型算力加速工程师的职位描述（JD），候选人需要有3-5年的工作经验和本科学历。,"以下是您需要的阿里集团-智能信息-大模型算力加速工程师（本科, 3-5年）的岗位描述：
1、参与大模型超大规模任务离线训练的效率和稳定性提升的工作；
2、参与大模型在线inference吞吐/延迟优化，提升inference性价比的工作；
3、参与上述算力加速软硬件及平台体系化的设计和建设工作，支撑大模型能力建设和落地应用；
职位描述
1. 精通C/C++、Python等至少一门编程语言，以及Linux下的系统开发经验
2. 熟悉常用机器学习算法，对文本/多模态大模型相关领域模型，有极佳的工程实现能力，熟悉TF/Pytorch/Jax等深度学习框架，有相关模型训练和模型效果优化者优先
3. 熟悉大模型MegatronLM/Deepspeed/Colossal分布式训练框，深入了解模型量化、蒸馏、剪枝等模型优化原理和策略，有文本、语音、以及多模态模型相关训练、效果调优经验优先
4. 熟练使用包括vllm/sglang/tgi/tensorrtLLM/lmdeploy等一种以上模型推理服务框架，有代码分析及实践经验优先
5. 对于GPU/ASIC芯片等熟悉了解硬件系统架构，能够针对性的编写高性能的算子实现，有分析及调优能力者优先
6. 有Bert、语音TTS/ASR，以及SD等模型训练、推理优化经验者亦可
7. 在训练/推理加速相关领域的研究和成果发表者优先
同时我们还希望你
1、学习能力强，有良好的英文论文阅读能力，对新事物保有好奇心，并能快速适应新环境；
2、良好的沟通能力和团队协同能力；能与他人合作，共同完成目标；
3、对所在领域有热情，相信方法总比困难多，善于独立思考并反思总结。",
1371,产教融合垂类问题,文本,为大模型算法工程师这个职位生成岗位职责和任职要求。基本情况：学历本科，经验：5到10年。,"当然，这是关于“大模型算法工程师”的职位介绍：
* **职位名称：** 大模型算法工程师
* **基本要求：** 本科学历, 5-10年经验
* **具体职责：**
工作责
大型应用开发：基于金融业务需求，设计实现⼤模型（如LLM、多模态模型）的调⽤⽅案，完成数字化信贷、智能客服、知识问答等场景的核心功能开发；
接口集成与调试：负责大模型API的调⽤与联调（如千问、ChatGLM、通义千问），编写标准化接口文档，确保模型输出与业务系统的无缝对接；
智能体平台开发：基于主流智能体框架（如LangChain、Rasa、Dify）设计自动化流程，集成多模型协作能力，提升业务场景的智能化水平；
技术文档与赋能：输出模型应用方案、接口规范及智能体平台使用指南，推动团队知识沉淀，并面向客户进行技术培训与支持；
问题排查与优化：针对模型调用异常、数据不一致等问题进行根因分析，提出应用层优化方案并总结典型技术案例；
跨团队协作：与金融客户及合作方紧密沟通，协调资源推进项目进度，确保技术方案符合金融合规要求并实现业务价值。
任职资格
学历与经验：本科及以上学历，3年以上Python开发经验，具备大模型应用开发经验，有金融行业项目经验者优先；
技术能力： 
精通Python语言，熟悉PyTorch/TensorFlow等深度学习框架，掌握HuggingFace、FastAPI等工具链；
熟练调用主流大模型API（如千问、ChatGLM、通义千问），具备Prompt工程、模型微调及结果解析经验；
熟悉智能体开发框架（如LangChain、Dify），能设计自动化流程并集成多模型协作；
系统集成能力： 
熟悉RESTful API开发与调试；
了解微服务架构（如Spring Cloud、Kubernetes），具备模型服务化部署基础经验；
有金融系统对接经验者优先（如与银行核心系统、风控平台集成）；
数据与数据库：熟练使用MySQL/Oracle，熟悉主流NoSQL数据库；",
1372,产教融合垂类问题,文本,我需要一个大模型算法工程师的职位描述（JD），候选人需要有3-5年的工作经验和硕士学历。,"以下是您需要的大模型算法工程师（硕士, 3-5年）的岗位描述：
工作职责：
1、开发与优化工业大模型相关深度学习算法，涵盖数据预处理、模型构、训练及调优等工作；
2、理解业务需求，设计并实现满足不同业务场景的应用算法和系统工具；
3、对接数据工程师，提升数据利用效率与模型性能，参与模型部署上线，保障其在生产环境的稳定性与高效性；
4、持续探索和跟踪国际最新前沿技术，了解学术界和人工智能业界最新发展，并把最新技术积极应用于实际工业领域场景。
任职条件:  
1、计算机、电子工程、数学、统计学等相关专业硕士或以上学历，具备大模型预训练相关经验者优先；
2、对机器学习、深度学习、LLMs、智能体在内的人工智能技术和应用充满浓厚兴趣，作为主要技术人员，参与或承担过AI技术落地的科研或工程类项目，具有包括算法开发和模型本地化部署的经验；
3、精通Pytorch、Tensorflow深度学习框架在Linux环境下的主流开发工具，熟悉神经网络算法的分布式训练、调参，以及模型压缩和性能调优流程；
4、具备优秀的编程能力，熟练掌握 C/C++、Python 等开发语言，精通各类CNN、Transformer算法的原理和演进路线，具备优秀的编程能力；
5、了解与LLMs大模型技术相关的关键知识，如MoE和知识蒸馏，优先考虑有大模型推理优化经验者，包括大模型微调、RAG知识库开发。有工业场景应用开发经验优先；
6、曾在国内外知名人工智能大赛上获奖者优先（如Kaggle、ACM ICPC、IOI、阿里天池大赛、华为云AI大赛等），在Github或其他开源平台上有高质量项目贡献者优先。",
